name,lat,lon,cluster,source,country,max_abs
pt_la_rue-121a-syc-uhslc,-4.672,55.528,0,uhslc,syc,0.1512471566790247
ascension-291a-gbr-uhslc,-7.917,-14.417,1,uhslc,gbr,0.1582720675837897
gan-109a-mdv-uhslc,-0.687,73.152,2,uhslc,mdv,0.1652236998011615
honiara-009b-slb-uhslc,-9.422,159.955,3,uhslc,slb,0.1881604081522782
salvador-708b-bra-uhslc,-12.973,-38.517,4,uhslc,bra,0.1905870265149525
lombrum-56130-png-bom,-2.0367,147.3753,5,bom,png,0.2034208340797314
male_hulule-108b-mdv-uhslc,4.19,73.527,6,uhslc,mdv,0.2089293352942159
elhierro-elh-esp-cmems,27.78,-17.9,7,cmems,esp,0.2129648087742454
gomera-gom-esp-cmems,28.0,-17.0,8,cmems,esp,0.2149272933503127
madang-066a-png-uhslc,-5.2,145.8,9,uhslc,png,0.221537079465575
rabaul-010a-png-uhslc,-4.2,152.175,10,uhslc,png,0.2248692834823037
lapalma-lap-esp-cmems,28.678,-17.768,11,cmems,esp,0.239724866026138
hanimaadhoo-117b-mdv-uhslc,6.767,73.173,12,uhslc,mdv,0.2523304072021933
christmas-011a-kir-uhslc,1.985,-157.477,13,uhslc,kir,0.252694687297868
palmeira-235a-cpv-uhslc,16.755,-22.983,14,uhslc,cpv,0.2570743044188965
santa_cruz-030a-ecu-uhslc,-0.755,-90.313,15,uhslc,ecu,0.2582947531104911
olcott_ny-9052076-usa-noaa,43.3384,-78.7273,16,noaa,usa,0.2612547869359846
diego_garcia-104d-gbr-uhslc,-7.29,72.393,17,uhslc,gbr,0.2627622409737662
apia-401b-wsm-uhslc,-13.82,-171.757,18,uhslc,wsm,0.2662965375030703
puerto_cortes-780a-hnd-uhslc,15.833,-87.95,19,uhslc,hnd,0.2673367041400781
gamebridge_ontario-16500-can-meds,44.47,-79.17,20,meds,can,0.2692376729401329
coteau_landing-15110-can-meds,45.25,-74.21,21,meds,can,0.2703130391927387
esperanza-9752695-usa-noaa,18.0939,-65.4714,22,noaa,usa,0.2781795473553708
chuuk-054a-fsm-uhslc,7.45,151.85,23,uhslc,fsm,0.2868816816259375
tarawa_betio-67590-kir-bom,1.3651,172.933,24,bom,kir,0.2887442784164079
kanton-013b-kir-uhslc,-2.81,-171.718,25,uhslc,kir,0.2895604040011349
lamu-149b-ken-uhslc,-2.272,40.903,26,uhslc,ken,0.2973263675764326
funafuti-67440-tuv-bom,-8.5025,179.1952,27,bom,tuv,0.2982802102706071
funafuti-025a-tuv-uhslc,-8.525,179.195,28,uhslc,tuv,0.3013313846447135
mokuoloe-1612480-usa-noaa,21.4331,-157.79,29,noaa,usa,0.3028735481299738
fuerteventura-fue-esp-cmems,28.5,-13.85,30,cmems,esp,0.3060999874076162
zanzibar-151a-tza-uhslc,-6.155,39.19,31,uhslc,tza,0.306233973386709
las_palmas-217d-esp-uhslc,28.133,-15.417,32,uhslc,esp,0.3089090153582039
ajaccio_aspretto-300-fra-refmar,41.9228,8.7628,33,refmar,fra,0.3109668265646025
almeria-alm-esp-cmems,36.83,-2.478,34,cmems,esp,0.3118682943312407
rikitea-016a-fra-uhslc,-23.125,-134.953,35,uhslc,fra,0.312777208191358
nice-339-fra-refmar,43.6955,7.2853,36,refmar,fra,0.317752945172275
harvest_oil_p_ca-594a-usa-uhslc,34.468,-120.673,37,uhslc,usa,0.3203987292913409
melilla-mel-esp-cmems,35.291,-2.918,38,cmems,esp,0.3212927659362795
catania-cat-ita-ispra,37.4981,15.0938,39,ispra,ita,0.3213242797609674
caldera-088a-chl-uhslc,-27.067,-70.833,40,uhslc,chl,0.3217515446485879
majuro-67680-mhl-bom,7.106,171.3728,41,bom,mhl,0.3217592066910461
pohnpei-67950-fsm-bom,6.9867,158.2433,42,bom,fsm,0.3222839202738977
pohnpei-001c-fsm-uhslc,6.978,158.197,43,uhslc,fsm,0.3223135001341517
cristobal-266a-pan-uhslc,9.355,-79.915,44,uhslc,pan,0.3249975694249934
nuku_alofa-038a-ton-uhslc,-21.14,-175.18,45,uhslc,ton,0.3290215570479893
tenerife-ten-esp-cmems,28.48,-16.24,46,cmems,esp,0.3293819875857987
toronto_ontario-13320-can-meds,43.64,-79.38,47,meds,can,0.3331933959261138
cocos-171a-aus-uhslc,-12.117,96.892,48,uhslc,aus,0.33353538656213
ibiza-ibi-esp-cmems,38.9111,1.4497,49,cmems,esp,0.3345064765702057
port_kembla-342a-aus-uhslc,-34.473,150.912,50,uhslc,aus,0.3383182314327001
otranto-otr-ita-ispra,40.1472,18.4971,51,ispra,ita,0.3405430925026615
marquette_cg_mi-9099018-usa-noaa,46.5456,-87.3786,52,noaa,usa,0.3417744936100774
porto_torres-por-ita-ispra,40.8422,8.4039,53,ispra,ita,0.3456066980620771
dakar-223e-sen-uhslc,14.677,-17.42,54,uhslc,sen,0.3499796835572138
motril-mot-esp-cmems,36.72,-3.524,55,cmems,esp,0.350739250354166
oswego_ny-9052030-usa-noaa,43.4642,-76.5118,56,noaa,usa,0.3513351429520517
sado-ma79-jpn-jodc_jma,38.3186,138.5172,57,jodc_jma,jpn,0.3544582413035398
ogi-gs20-jpn-jodc_giaj,37.8147,138.2811,58,jodc_giaj,jpn,0.3548376624492171
chaleix_noumea-16-fra-refmar,-22.2915,166.4367,59,refmar,fra,0.3590207279808689
enewetok-006a-mhl-uhslc,11.43,162.387,60,uhslc,mhl,0.3621960883896907
ponta_delgada-211a-prt-uhslc,37.735,-25.672,61,uhslc,prt,0.3635832428623535
jervis_bay-216470-aus-bom,-35.122,150.7076,62,bom,aus,0.3664633627042837
lumut-143a-mys-uhslc,4.24,100.613,63,uhslc,mys,0.3678206513509405
fanning-012b-kir-uhslc,3.907,-159.387,64,uhslc,kir,0.3687434631308971
kwajalein-1820000-usa-noaa,8.7317,167.7361,65,noaa,usa,0.3723130355168388
malaga-mal-esp-cmems,36.712,-4.417,66,cmems,esp,0.3763954975836793
lameshur_bay-9751381-usa-noaa,18.3182,-64.7242,67,noaa,usa,0.3772350013480862
cartagena-265a-col-uhslc,10.383,-75.533,68,uhslc,col,0.3803428497781217
alpena_mi-9075065-usa-noaa,45.063,-83.4286,69,noaa,usa,0.380656015338641
suva-67050-fji-bom,-18.1342,178.4236,70,bom,fji,0.3809730905153604
palma-palm-esp-ieo,39.5524,2.6389,71,ieo,esp,0.3838848646080579
ascension-asc-gbr-noc,-7.8928,-14.3857,72,noc,gbr,0.3864542574913722
toulon_60minute-tou-fra-cmems,43.1228,5.9146,73,cmems,fra,0.3883453472007796
harrisville_mi-9075059-usa-noaa,44.6593,-83.2863,74,noaa,usa,0.3889352085215824
sydney_port_jackson-213470-aus-bom,-33.8254,151.2585,75,bom,aus,0.3893291481462618
tobermory_ontario-11690-can-meds,45.26,-81.66,76,meds,can,0.3907450136632563
landsort_norra-2507-swe-smhi,58.7689,17.8589,77,smhi,swe,0.3991319063515365
key_colony_beach-8723962-usa-noaa,24.7183,-81.0167,78,noaa,usa,0.4028555267175256
summerstown_ontario-14940-can-meds,45.06,-74.55,79,meds,can,0.4034070949834855
ludington_mi-9087023-usa-noaa,43.9474,-86.4416,80,noaa,usa,0.4035698003084011
fushikitoyamako-0107-jpn-jodc_pahb,36.7752,137.1181,81,jodc_pahb,jpn,0.4043666679877042
saigo-ma54-jpn-jodc_jma,36.2014,133.3311,82,jodc_jma,jpn,0.4109482033082045
langkawi-142a-mys-uhslc,6.87,99.77,83,uhslc,mys,0.4130531053082011
rarotonga-023b-cok-uhslc,-21.2,-159.787,84,uhslc,cok,0.415373298178593
cambridge_bay-6240-can-meds,69.12,-105.07,85,meds,can,0.4161090235504354
settlement_point-257a-bhs-uhslc,26.71,-78.997,86,uhslc,bhs,0.4185954204334528
toyama-349a-jpn-uhslc,36.767,137.233,87,uhslc,jpn,0.4251973507966251
tobishima-gs25-jpn-jodc_giaj,39.1855,139.5478,88,jodc_giaj,jpn,0.4285075152194155
newport_beach-9410580-usa-noaa,33.6033,-117.883,89,noaa,usa,0.4290004434158531
san_juan_pr-245a-usa-uhslc,18.46,-66.117,90,uhslc,usa,0.4309449132725915
miyako-ma09-jpn-jodc_jma,39.6431,141.9753,91,jodc_jma,jpn,0.4314716031994001
nanaoko-0106-jpn-jodc_pahb,37.0495,136.9683,92,jodc_pahb,jpn,0.4328423360898553
ofunato-ma10-jpn-jodc_jma,39.0197,141.7533,93,jodc_jma,jpn,0.4353414411637998
ceuta-207a-esp-uhslc,35.9,-5.317,94,uhslc,esp,0.4391497207900382
yoshioka-hd26-jpn-jodc_jcg,41.4445,140.2383,95,jodc_jcg,jpn,0.4391597878029261
cagliari-cag-ita-ispra,39.2102,9.1143,96,ispra,ita,0.4394173969557317
port_stanley-290b-gbr-uhslc,-51.75,-57.933,97,uhslc,gbr,0.4406916311187978
stanley-sta-gbr-noc,-51.6924,-57.8205,98,noc,gbr,0.4416424870232069
salerno-sal-ita-ispra,40.6766,14.7508,99,ispra,ita,0.4420617549785928
pointe_pitre-272a-fra-uhslc,16.225,-61.532,100,uhslc,fra,0.4429135724447511
keling-141a-mys-uhslc,2.215,102.153,101,uhslc,mys,0.4445373341401279
alexandria-ale-egy-noc,31.2167,29.9167,102,noc,egy,0.4462034612888119
bahia_los_angeles-310a-mex-uhslc,28.958,-113.55,103,uhslc,mex,0.4473634637670023
arica-083a-chl-uhslc,-18.467,-70.333,104,uhslc,chl,0.4476776668679036
talara-092a-per-uhslc,-4.582,-81.282,105,uhslc,per,0.4487531724447955
niigatakonishiko-0103-jpn-jodc_pahb,37.9406,139.0611,106,jodc_pahb,jpn,0.4489707183553489
fos_sur_mer-719-fra-refmar,43.4049,4.8929,107,refmar,fra,0.449330849680938
coruna-cor-esp-cmems,43.357,-8.389,108,cmems,esp,0.4493493923647745
west_neebish_island_mi-9076027-usa-noaa,46.2833,-84.205,109,noaa,usa,0.4500262350890605
genova-gen-ita-ispra,44.4101,8.9255,110,ispra,ita,0.4507409790423024
kanazawako-0105-jpn-jodc_pahb,36.6178,136.6028,111,jodc_pahb,jpn,0.45138645304203
norfolk_island-57700-aus-bom,-29.0584,167.9533,112,bom,aus,0.4517899252082907
spring_bay-61170-aus-bom,-42.5486,147.9283,113,bom,aus,0.4540487546538506
mooloolaba-59950-aus-bom,-26.6867,153.12,114,bom,aus,0.4552278067666747
gibraltar-289a-gbr-uhslc,36.133,-5.35,115,uhslc,gbr,0.4558747117779241
hachinohe-375a-jpn-uhslc,40.533,141.533,116,uhslc,jpn,0.4571946612706104
palermo-pal-ita-ispra,38.1214,13.3713,117,ispra,ita,0.4587401827580206
numbo_noumea-659-fra-refmar,-22.242,166.4162,118,refmar,fra,0.4592466063086699
mombasa-101a-ken-uhslc,-4.07,39.657,119,uhslc,ken,0.4592820271389569
mutsuogawara-0110-jpn-jodc_pahb,40.9264,141.388,120,jodc_pahb,jpn,0.4618170988162621
reunion-164a-fra-uhslc,-20.935,55.285,121,uhslc,fra,0.4633538986535369
mackinaw_city_mi-9075080-usa-noaa,45.8,-84.7211,122,noaa,usa,0.4643830587089634
hakodate-364a-jpn-uhslc,41.783,140.717,123,uhslc,jpn,0.4650044289902555
carloforte-car-ita-ispra,39.148,8.3095,124,ispra,ita,0.4651541411807232
botany_bay-60390-aus-bom,-33.9684,151.2204,125,bom,aus,0.4674932115066853
french_frigate-014a-usa-uhslc,23.868,-166.288,126,uhslc,usa,0.4709509456793666
port_chalmers-669a-nzl-uhslc,-45.817,170.65,127,uhslc,nzl,0.4726880895916367
de_tour_village_mi-9075099-usa-noaa,45.9925,-83.8982,128,noaa,usa,0.4747856835891603
port_louis-103c-mus-uhslc,-20.155,57.495,129,uhslc,mus,0.4760676966108553
ayukawa-ma11-jpn-jodc_jma,38.2967,141.5053,130,jodc_jma,jpn,0.4772304375894327
valencia-val-esp-cmems,39.46,-0.33,131,cmems,esp,0.4843032425842932
nuku_hiva-031a-fra-uhslc,-8.93,-140.082,132,uhslc,fra,0.4847749172476346
menominee_mi-9087088-usa-noaa,45.0959,-87.5899,133,noaa,usa,0.4859103401075891
san_andres-737a-col-uhslc,12.57,-81.702,134,uhslc,col,0.4862979170404484
penrhyn-024a-cok-uhslc,-8.977,-158.053,135,uhslc,cok,0.4868727622292653
sagunto-sag-esp-cmems,39.634,-0.206,136,cmems,esp,0.4874434831862286
callao-093b-per-uhslc,-12.068,-77.167,137,uhslc,per,0.4896372957199042
veracruz_ver-250a-mex-uhslc,19.2,-96.133,138,uhslc,mex,0.4902107353693148
algonac_mi-9014070-usa-noaa,42.6211,-82.5267,139,noaa,usa,0.4903371461128183
coffs_harbour-205470-aus-bom,-30.3029,153.1461,140,bom,aus,0.491085035362817
maizuru-ma55-jpn-jodc_jma,35.4767,135.387,141,jodc_jma,jpn,0.4911661889875503
nawiliwili-1611400-usa-noaa,21.9544,-159.3561,142,noaa,usa,0.49201628447652
macquarie_is-680c-aus-uhslc,-54.483,158.967,143,uhslc,aus,0.4931373207277993
forster-209402-aus-bom,-32.174,152.5082,144,bom,aus,0.4954967015458698
bremer_bay-bbbre01-aus-bom,-34.4248,119.3987,145,bom,aus,0.49884811099823
gijon-gij-esp-cmems,43.558,-5.698,146,cmems,esp,0.4988689308864292
shimokita-ma74-jpn-jodc_jma,41.3647,141.2381,147,jodc_jma,jpn,0.4989206483009281
livorno-liv-ita-ispra,43.5463,10.2993,148,ispra,ita,0.4995062814943187
malakal-007b-plw-uhslc,7.33,134.463,149,uhslc,plw,0.5006623608961311
fukaura-ma57-jpn-jodc_jma,40.6472,139.9264,150,jodc_jma,jpn,0.5022309331767895
atka-9461710-usa-noaa,52.232,-174.1726,151,noaa,usa,0.5030009311490671
fort_denison-333a-aus-uhslc,-33.855,151.227,152,uhslc,aus,0.5040556824161094
rothera-rot-gbr-noc,-67.5713,-68.1298,153,noc,gbr,0.5063327331234666
los_angeles_ca-567a-usa-uhslc,33.72,-118.272,154,uhslc,usa,0.506419595821743
salalah-114a-omn-uhslc,16.935,54.007,155,uhslc,omn,0.5073448430232206
lautoka-402a-fji-uhslc,-17.605,177.438,156,uhslc,fji,0.5077946891308154
barcelona-bar-esp-cmems,41.342,2.163,157,cmems,esp,0.5099892917362758
fairport_oh-9063053-usa-noaa,41.7597,-81.2811,158,noaa,usa,0.5141968943277467
sakai-ma53-jpn-jodc_jma,35.5478,133.2431,159,jodc_jma,jpn,0.5159216623018736
maizuru-hd24-jpn-jodc_jcg,35.4514,135.3178,160,jodc_jcg,jpn,0.5167436139020003
base_prat-730a-chl-uhslc,-62.483,-59.633,161,uhslc,chl,0.5179341761547399
pago_pago-056a-asm-uhslc,-14.283,-170.683,162,uhslc,asm,0.5180620919944507
portland_victoria-129a-aus-uhslc,-38.343,141.613,163,uhslc,aus,0.5221318437415615
miri-388a-mys-uhslc,4.392,113.972,164,uhslc,mys,0.5224226268164106
davis-173a-aus-uhslc,-68.45,77.967,165,uhslc,aus,0.5229885012191208
otaruko-0138-jpn-jodc_pahb,43.1833,141.0336,166,jodc_pahb,jpn,0.5229918989408335
nardana_patches-58178-aus-bom,-10.5048,142.2438,167,bom,aus,0.5232863123339452
patonga-212440-aus-bom,-33.551,151.2746,168,bom,aus,0.523631405712047
foglo_degerby-134252-fin-fmi,60.03,20.38,169,fmi,fin,0.5237538111954816
napier-668a-nzl-uhslc,-39.483,176.917,170,uhslc,nzl,0.5238078009989052
papeete-015b-fra-uhslc,-17.525,-149.567,171,uhslc,fra,0.5277974882604028
sanfrancisco_fort_point-9414920-usa-da_sat,37.8091,-122.4704,172,da_sat,usa,0.5281682353385477
ito-gs19-jpn-jodc_giaj,34.8956,139.133,173,jodc_giaj,jpn,0.5302357839628136
bermuda-259a-gbr-uhslc,32.373,-64.703,174,uhslc,gbr,0.5304497049576306
thessalon_ontario-11070-can-meds,46.25,-83.55,175,meds,can,0.5318195742262994
duluth_mn-9099064-usa-noaa,46.7758,-92.092,176,noaa,usa,0.5352918945599893
culebra-9752235-usa-noaa,18.3009,-65.3025,177,noaa,usa,0.5370151225324221
otaru-ma77-jpn-jodc_jma,43.2067,141.0053,178,jodc_jma,jpn,0.5382291661567431
puerto_princesa-380a-phl-uhslc,9.75,118.733,179,uhslc,phl,0.5398765408093587
ince_point-58140-aus-bom,-10.575,142.3117,180,bom,aus,0.5410013999307234
monterey_ca-555a-usa-uhslc,36.605,-121.888,181,uhslc,usa,0.5420302140383675
alicante_i-ali-esp-da_mm,38.3383,-0.4779,182,da_mm,esp,0.5428166657286491
christiansted_harbor-9751364-usa-noaa,17.7477,-64.6984,183,noaa,usa,0.5445259145246455
charlotte_amalie-9751639-usa-noaa,18.3472,-64.9258,184,noaa,usa,0.5457145788501061
port_alexander-9451054-usa-noaa,56.2466,-134.6477,185,noaa,usa,0.5457671827282916
hilo_hawaii-060a-usa-uhslc,19.733,-155.067,186,uhslc,usa,0.5462000702671821
elfin_cove-9452634-usa-noaa,58.1947,-136.3469,187,noaa,usa,0.5481587548938818
kumano-ma65-jpn-jodc_jma,33.9258,136.1689,188,jodc_jma,jpn,0.5490524818633028
tajiri-gs10-jpn-jodc_giaj,35.5936,134.3161,189,jodc_giaj,jpn,0.5492478938082246
shimizuminato-ma19-jpn-jodc_jma,35.0117,138.5175,190,jodc_jma,jpn,0.5498212199730366
port_vila-046b-vut-uhslc,-17.762,168.293,191,uhslc,vut,0.5499923358171079
us_slip_mi-9076060-usa-noaa,46.5008,-84.3404,192,noaa,usa,0.5533866301890602
kaohsiung-340a-chn-uhslc,22.615,120.288,193,uhslc,chn,0.555354387296445
aomoriko-0104-jpn-jodc_pahb,40.8353,140.7639,194,jodc_pahb,jpn,0.5569702148605774
nylesund-823a-nor-uhslc,78.938,11.938,195,uhslc,nor,0.5577189675383023
harbor_beach_mi-9075014-usa-noaa,43.8464,-82.6431,196,noaa,usa,0.559418850742282
guaymas-397a-mex-uhslc,27.933,-110.9,197,uhslc,mex,0.5604710430797603
guaymas-397-mex-unam,27.9217,-110.8833,198,unam,mex,0.5604715610342372
caddadup-dvcad01-aus-bom,-32.6094,115.6431,199,bom,aus,0.5611777119835082
dutch_harbor_ak-041b-usa-uhslc,53.88,-166.537,200,uhslc,usa,0.5617596530178925
cornwall_ontario-14870-can-meds,45.01,-74.71,201,meds,can,0.5624601311769072
landsort-2073-swe-smhi,58.75,17.8667,202,smhi,swe,0.5626157367575342
michipicoten_ontario-10750-can-meds,47.96,-84.9,203,meds,can,0.5634627360586835
visby-vis-swe-cmems,57.6392,18.2844,204,cmems,swe,0.5634879714252385
hobart-339a-aus-uhslc,-42.877,147.342,205,uhslc,aus,0.5637279995048889
iwanaiko-0137-jpn-jodc_pahb,42.9872,140.5072,206,jodc_pahb,jpn,0.5640922638695864
gold_coast_southport-60051-aus-bom,-27.9667,153.4167,207,bom,aus,0.5651512701493306
syowa_antarctica-127a-ata-uhslc,-69.0,39.6,208,uhslc,ata,0.565190645463688
west_bank_1-8762482-usa-noaa,29.7886,-90.4203,209,noaa,usa,0.5656827674665545
san_felix-035a-chl-uhslc,-26.292,-80.108,210,uhslc,chl,0.5657941931081327
britannia_ontario-16125-can-meds,45.36,-75.81,211,meds,can,0.5663877648799563
chichijima-047a-jpn-uhslc,27.1,142.183,212,uhslc,jpn,0.5672066412869803
huelva-hue-esp-cmems,37.132,-6.834,213,cmems,esp,0.5681320807055634
kerguelen-180a-fra-uhslc,-49.345,70.22,214,uhslc,fra,0.570700905434833
gandia-gan-esp-cmems,38.995,-0.152,215,cmems,esp,0.5707398293248896
cape_vincent_ny-9052000-usa-noaa,44.1303,-76.332,216,noaa,usa,0.57231775157245
burlington_ontario-13150-can-meds,43.3,-79.79,217,meds,can,0.5727941212204818
lime_tree_bay-9751401-usa-noaa,17.6947,-64.7538,218,noaa,usa,0.5731072850613211
okushiri-gs24-jpn-jodc_giaj,42.0786,139.4895,219,jodc_giaj,jpn,0.5736971674200826
alexandria_bay_ny-8311062-usa-noaa,44.3311,-75.9345,220,noaa,usa,0.5740710023690383
uchiura-ma18-jpn-jodc_jma,35.0172,138.8903,221,jodc_jma,jpn,0.5747242661019317
scott_base-663a-nzl-uhslc,-77.85,166.767,222,uhslc,nzl,0.5749321172281082
susa-gs16-jpn-jodc_giaj,34.6275,131.6047,223,jodc_giaj,jpn,0.5750018104649579
kushiro-350a-jpn-uhslc,42.967,144.367,224,uhslc,jpn,0.575269730710454
mera-352a-jpn-uhslc,34.917,139.817,225,uhslc,jpn,0.5752940340610003
albany-62120-aus-bom,-35.0337,117.8926,226,bom,aus,0.5755869900505469
abashiri-ma02-jpn-jodc_jma,44.0194,144.2858,227,jodc_jma,jpn,0.5759448993496745
arrecife-205a-esp-uhslc,28.95,-13.567,228,uhslc,esp,0.5778966628443107
santander-san-esp-cmems,43.461,-3.791,229,cmems,esp,0.580289485759341
cabo_san_lucas-034a-mex-uhslc,22.88,-109.908,230,uhslc,mex,0.5805231654261706
penang-144a-mys-uhslc,5.422,100.347,231,uhslc,mys,0.5810849819801231
sausalito-9414806-usa-da_sat,37.849,-122.4802,232,da_sat,usa,0.5814991855689302
tecumseh_ontario-11975-can-meds,42.34,-82.93,233,meds,can,0.5819928310037573
st_clair_shores_mi-9034052-usa-noaa,42.4732,-82.8792,234,noaa,usa,0.5850488161749147
lagos_algarve-723a-prt-uhslc,37.098,-8.668,235,uhslc,prt,0.5854058374313156
bintulu-387a-mys-uhslc,3.217,113.067,236,uhslc,mys,0.5855852680524831
cebu-379a-phl-uhslc,10.3,123.917,237,uhslc,phl,0.5860311221385166
sibolga-122a-idn-uhslc,1.75,98.767,238,uhslc,idn,0.5866836024761011
okada-ma17-jpn-jodc_jma,34.7895,139.3914,239,jodc_jma,jpn,0.5867236337423691
richmond-9414863-usa-noaa,37.923,-122.4096,240,noaa,usa,0.5907491957904993
port_vendres-75-fra-refmar,42.5199,3.1075,241,refmar,fra,0.5920425208475553
kawaihae-552a-usa-uhslc,20.033,-155.833,242,uhslc,usa,0.5940939337276119
reggio_calabria-reg-ita-ispra,38.1217,15.6489,243,ispra,ita,0.5942511743697825
holland_mi-9087031-usa-noaa,42.7733,-86.2128,244,noaa,usa,0.5947148152450324
marviken-2076-swe-smhi,58.5536,16.8372,245,smhi,swe,0.5948376143755378
marysville_mi-9014084-usa-noaa,42.9067,-82.4667,246,noaa,usa,0.5983392073378275
brockville_ontario-14400-can-meds,44.59,-75.68,247,meds,can,0.5998965129687936
tsushima-ma72-jpn-jodc_jma,34.2596,129.3222,248,jodc_jma,jpn,0.6001413181434809
acajutla-082a-slv-uhslc,13.583,-89.833,249,uhslc,slv,0.6021257438128623
tago-gs22-jpn-jodc_giaj,34.8072,138.7639,250,jodc_giaj,jpn,0.6025335303180231
mona_island-9759938-usa-noaa,18.0899,-67.9385,251,noaa,usa,0.6028261604539431
tauranga-073a-nzl-uhslc,-37.65,176.183,252,uhslc,nzl,0.603155863822081
awashima-hd25-jpn-jodc_jcg,38.4678,139.255,253,jodc_jcg,jpn,0.6037983008440225
onahama-ma12-jpn-jodc_jma,36.9375,140.892,254,jodc_jma,jpn,0.6039497597081388
yaizu-gs23-jpn-jodc_giaj,34.8706,138.3275,255,jodc_giaj,jpn,0.6051581124374656
batemans_bay_princess_jetty-216410-aus-bom,-35.7049,150.1779,256,bom,aus,0.6060349744873368
american_falls_ny-9063009-usa-noaa,43.0811,-79.0614,257,noaa,usa,0.6071022042878403
ko_taphao_noi-148a-tha-uhslc,7.832,98.425,258,uhslc,tha,0.6082616702715729
honolulu_hawaii-057b-usa-uhslc,21.307,-157.867,259,uhslc,usa,0.6094051538900872
jurien_bay-jujur01-aus-bom,-30.2872,115.0428,260,bom,aus,0.6184480734926625
cooktown-h066003a-aus-bom,-15.45,145.25,261,bom,aus,0.6188603684586121
masirah-113a-omn-uhslc,20.687,58.872,262,uhslc,omn,0.6189064133587747
uwajima-ma40-jpn-jodc_jma,33.2272,132.5511,263,jodc_jma,jpn,0.6192084057778582
rosslyn_bay-330a-aus-uhslc,-23.162,150.79,264,uhslc,aus,0.6228414261291172
rumoiko-0132-jpn-jodc_pahb,43.9505,141.635,265,jodc_pahb,jpn,0.6236249767422436
magueyes_island-9759110-usa-noaa,17.9701,-67.0464,266,noaa,usa,0.6265375466143195
port_lambton_ontario-11950-can-meds,42.66,-82.51,267,meds,can,0.6269287933468574
la_libertad-091a-ecu-uhslc,-2.2,-80.917,268,uhslc,ecu,0.6288988618873995
san_jose-675a-gtm-uhslc,13.917,-90.833,269,uhslc,gtm,0.6304813003491381
port_douglas-59040-aus-bom,-16.4833,145.4667,270,bom,aus,0.6338107793711558
mandurah_fishermans_jetty-mhman01-aus-bom,-32.5286,115.7153,271,bom,aus,0.6341884251226106
kuantan-322a-mys-uhslc,3.975,103.43,272,uhslc,mys,0.6385352620395145
alameda-9414750-usa-noaa,37.7717,-122.3,273,noaa,usa,0.6393821250932197
mikuni-gs12-jpn-jodc_giaj,36.2544,136.1489,274,jodc_giaj,jpn,0.6396834171269418
peel_inlet-plpee01-aus-bom,-32.5922,115.7139,275,bom,aus,0.6396955908343384
kota_kinabalu-386a-mys-uhslc,5.983,116.067,276,uhslc,mys,0.6397145425386574
tomakomaihigashiko-0146-jpn-jodc_pahb,42.6058,141.8172,277,jodc_pahb,jpn,0.6406175063729667
dry_dock_mi-9014087-usa-noaa,42.9453,-82.4433,278,noaa,usa,0.6429092022289907
point_iroquois_mi-9099004-usa-noaa,46.4845,-84.6309,279,noaa,usa,0.6432064338787176
ortona-ort-ita-ispra,42.3559,14.4149,280,ispra,ita,0.6438207795936107
shirahama-ma27-jpn-jodc_jma,33.6836,135.3753,281,jodc_jma,jpn,0.6439776583542033
socoa_60minute-soc-fra-cmems,43.3984,-1.6731,282,cmems,fra,0.6468384934502189
perth_barrack_street_jetty-6223a-aus-bom,-31.9597,115.8573,283,bom,aus,0.6487361368949517
goderich_ontario-11860-can-meds,43.75,-81.73,284,meds,can,0.6500053294017214
milwaukee_wi-9087057-usa-noaa,43.002,-87.8876,285,noaa,usa,0.6506375512678848
bluff-072a-nzl-uhslc,-46.6,168.35,286,uhslc,nzl,0.6529304980216055
santa_barbara_ca-577a-usa-uhslc,34.408,-119.685,287,uhslc,usa,0.6533591569183639
kingston_ontario-13988-can-meds,44.22,-76.52,288,meds,can,0.6539174135503295
wakkanai-360a-jpn-uhslc,45.4,141.683,289,uhslc,jpn,0.6584061735277376
gros_cap_ontario-10920-can-meds,46.53,-84.59,290,meds,can,0.6587356502453996
prescott_ontario-14500-can-meds,44.71,-75.52,291,meds,can,0.6601446663184418
harvey-dvhar01-aus-bom,-32.6835,115.6761,292,bom,aus,0.6603595754789263
villagarcia-vil-esp-cmems,42.601,-8.77,293,cmems,esp,0.6626141743428094
la_jolla_ca-554a-usa-uhslc,32.867,-117.257,294,uhslc,usa,0.6633907186084402
ulukhaktok-6380-can-meds,70.74,-117.76,295,meds,can,0.6671908897781574
cascais-209a-prt-uhslc,38.692,-9.417,296,uhslc,prt,0.6676627870548779
tallinn-tal-est-cmems,59.4444,24.7637,297,cmems,est,0.6682597915387005
tappi-hd27-jpn-jodc_jcg,41.2425,140.3814,298,jodc_jcg,jpn,0.6693337041961995
lord_howe-399b-aus-uhslc,-31.517,159.067,299,uhslc,aus,0.669857681888933
stockholm-sto-swe-cmems,59.3242,18.0817,300,cmems,swe,0.670605402937603
marsden_point-398a-nzl-uhslc,-35.833,174.5,301,uhslc,nzl,0.6708018756915326
minamiizu-hd12-jpn-jodc_jcg,34.6253,138.8864,302,jodc_jcg,jpn,0.6717722308726578
esperance-176a-aus-uhslc,-33.87,121.897,303,uhslc,aus,0.6728584077451991
kashiwazaki-gs08-jpn-jodc_giaj,37.3567,138.5086,304,jodc_giaj,jpn,0.6743248089184309
ishikariko-0145-jpn-jodc_pahb,43.2133,141.3117,305,jodc_pahb,jpn,0.6745245861574375
st_clair_state_police_mi-9014080-usa-noaa,42.8122,-82.4856,306,noaa,usa,0.6757319976741724
ciudad_del_carmen-779a-mex-uhslc,18.533,-91.833,307,uhslc,mex,0.6770952721973973
ciudad_del_carmen-403-mex-unam,18.6367,-91.8367,308,unam,mex,0.6771917849468185
cendering-320a-mys-uhslc,5.265,103.187,309,uhslc,mys,0.6776798181745889
honningsvag-801a-nor-uhslc,70.983,25.983,310,uhslc,nor,0.6786379768030306
johor_baharu-321a-mys-uhslc,1.462,103.792,311,uhslc,mys,0.6815737589808175
lobos_de_afuera-084a-per-uhslc,-6.933,-80.717,312,uhslc,per,0.6836077891098936
west_channel_pile-60739-aus-bom,-38.1944,144.7552,313,bom,aus,0.6837271796868662
topolobampo-676a-mex-uhslc,25.6,-109.048,314,uhslc,mex,0.6846214639085139
collingwood_ontario-11500-can-meds,44.51,-80.22,315,meds,can,0.6861389693012379
south_pass-8760551-usa-noaa,28.99,-89.14,316,noaa,usa,0.6866260270576909
queenscliff-60732-aus-bom,-38.2728,144.6626,317,bom,aus,0.68913352087567
redwood_city-9414523-usa-noaa,37.5067,-122.21,318,noaa,usa,0.6892050115307603
kapingamarangi-029a-fsm-uhslc,1.098,154.777,319,uhslc,fsm,0.6907814759468268
apra_harbor_guam-053a-usa-uhslc,13.433,144.65,320,uhslc,usa,0.6921757847860697
burnie-344a-aus-uhslc,-41.05,145.915,321,uhslc,aus,0.6937201810736695
juan_fernandez-021b-chl-uhslc,-33.637,-78.83,322,uhslc,chl,0.6953073217597283
hanasaki-ma03-jpn-jodc_jma,43.2781,145.5678,323,jodc_jma,jpn,0.6964584969152694
johnston_atoll-1619000-usa-noaa,16.7383,-169.53,324,noaa,usa,0.6974493192391426
tioman-323a-mys-uhslc,2.807,104.14,325,uhslc,mys,0.6993585888427173
hovell_pile-60721-aus-bom,-38.3271,144.8987,326,bom,aus,0.7004120138982448
lerwick-293a-gbr-uhslc,60.155,-1.14,327,uhslc,gbr,0.7010144146311925
bermagui-219470-aus-bom,-36.4263,150.0715,328,bom,aus,0.701034524053978
winter_harbour_bc-8735-can-meds,50.51,-128.03,329,meds,can,0.7037186532815508
gobo-ma68-jpn-jodc_jma,33.8508,135.1644,330,jodc_jma,jpn,0.704488555785964
manzanillo-395a-mex-uhslc,19.053,-104.33,331,uhslc,mex,0.7053555386169055
matarani-094b-per-uhslc,-17.002,-72.108,332,uhslc,per,0.7088015544327687
davao-372b-phl-uhslc,7.153,125.663,333,uhslc,phl,0.7090866664681628
santa_monica_ca-578a-usa-uhslc,34.008,-118.5,334,uhslc,usa,0.7100008359298225
acapulco-316-mex-unam,16.8383,-99.9033,335,unam,mex,0.7129205635096089
andenes-800a-nor-uhslc,69.317,16.15,336,uhslc,nor,0.7143777020316937
rodrigues-105a-mus-uhslc,-19.668,63.418,337,uhslc,mus,0.715827453811363
matsumaeko-0121-jpn-jodc_pahb,41.422,140.0914,338,jodc_pahb,jpn,0.7158871009770955
oshoro-gs04-jpn-jodc_giaj,43.2094,140.8583,339,jodc_giaj,jpn,0.7171125899240233
la_paz-671a-mex-uhslc,24.162,-110.345,340,uhslc,mex,0.7180197903635208
la_paz-671-mex-unam,24.2667,-110.3333,341,unam,mex,0.7180430594671962
nauru-004b-nru-uhslc,-0.532,166.91,342,uhslc,nru,0.7199852311218377
humboldt_bay_ca-576a-usa-uhslc,40.767,-124.217,343,uhslc,usa,0.7201713489488415
owase-ma24-jpn-jodc_jma,34.0764,136.2072,344,jodc_jma,jpn,0.7203351530747985
point_richards_corio_bay-60757-aus-bom,-38.1,144.65,345,bom,aus,0.7225284799012175
little_current_ontario-11195-can-meds,45.98,-81.93,346,meds,can,0.7227006377942156
port_stanley_ontario-12400-can-meds,42.66,-81.21,347,meds,can,0.7230174377708988
urakawa-hd02-jpn-jodc_jcg,42.1642,142.7742,348,jodc_jcg,jpn,0.7235074505259596
alitak-9457804-usa-noaa,56.8974,-154.248,349,noaa,usa,0.7236754315406058
manzanillo-395b-mex-uhslc,19.063,-104.298,350,uhslc,mex,0.7241831153382637
naha-355a-jpn-uhslc,26.217,127.667,351,uhslc,jpn,0.7258232376502176
skagsudde-2321-swe-smhi,63.1906,19.0125,352,smhi,swe,0.7291303421289361
kurihamako-0161-jpn-jodc_pahb,35.2275,139.7211,353,jodc_pahb,jpn,0.730174376841131
miyakejima-357a-jpn-uhslc,34.067,139.482,354,uhslc,jpn,0.7305011254066724
discovery_bay_at_discovery_bay_blv-dbd-usa-cdwr,37.8928,-121.6025,355,cdwr,usa,0.7311984775782783
muroran-hd03-jpn-jodc_jcg,42.3447,140.95,356,jodc_jcg,jpn,0.7328316457660881
kutsugatako-0129-jpn-jodc_pahb,45.1895,141.138,357,jodc_pahb,jpn,0.7353537297162649
omaezaki-ma20-jpn-jodc_jma,34.6083,138.2222,358,jodc_jma,jpn,0.7363861443681452
kodiak_island-9457292-usa-noaa,57.7303,-152.5139,359,noaa,usa,0.7398001806310354
erieau_ontario-12250-can-meds,42.26,-81.91,360,meds,can,0.7404741194298209
jackson_bay-65180-nzl-bom,-43.9728,168.6156,361,bom,nzl,0.7416966715706492
fulford_harbour_bc-7330-can-meds,48.77,-123.45,362,meds,can,0.7422032697801999
resolute-5560-can-meds,74.66,-94.88,363,meds,can,0.7427123628185048
hirarako-0151-jpn-jodc_pahb,24.8133,125.2783,364,jodc_pahb,jpn,0.743501127391798
nikolski-9462450-usa-noaa,52.9406,-168.8713,365,noaa,usa,0.7440215491142529
kahului-1615680-usa-noaa,20.895,-156.4767,366,noaa,usa,0.7441172065415954
awayuki-ma69-jpn-jodc_jma,33.7711,134.5922,367,jodc_jma,jpn,0.7445968401662879
sedili-324a-mys-uhslc,1.932,104.115,368,uhslc,mys,0.7453666244704992
melbourne_williamstown-60780-aus-bom,-37.8657,144.9165,369,bom,aus,0.746855645674624
point_edward_ontario-11940-can-meds,42.99,-82.42,370,meds,can,0.7520304931778317
yokosuka-hd08-jpn-jodc_jcg,35.288,139.6514,371,jodc_jcg,jpn,0.7537271127482319
port_townsend-9444900-usa-noaa,48.1129,-122.7595,372,noaa,usa,0.7539247243369744
hamada-ma66-jpn-jodc_jma,34.8972,132.0661,373,jodc_jma,jpn,0.7542712740308909
pago_bay-1631428-usa-noaa,13.4283,144.7969,374,noaa,usa,0.7575942713307299
choshigyoko-ma64-jpn-jodc_jma,35.7445,140.8583,375,jodc_jma,jpn,0.7577943066035454
hillarys-62237-aus-bom,-31.8256,115.7386,376,bom,aus,0.7620472048623199
cape_town-704a-zaf-uhslc,-33.9,18.433,377,uhslc,zaf,0.7624969903549953
village_cove-9464212-usa-noaa,57.1253,-170.2853,378,noaa,usa,0.7632162027602509
antofagasta-080a-chl-uhslc,-23.653,-70.405,379,uhslc,chl,0.7632961044802673
yamba-60130-aus-bom,-29.429,153.3621,380,bom,aus,0.7655227024290896
ogdensburg_ny-8311030-usa-noaa,44.7017,-75.494,381,noaa,usa,0.7667351977656365
port_inland_mi-9087096-usa-noaa,45.9699,-85.8715,382,noaa,usa,0.7689261527574255
bamfield_bc-8545-can-meds,48.84,-125.14,383,meds,can,0.7702846797736065
lorne-60790-aus-bom,-38.5472,143.9888,384,bom,aus,0.7735907438364265
tanjong_pagar-699a-sgp-uhslc,1.262,103.853,385,uhslc,sgp,0.7741746055229564
fort_wayne_mi-9044036-usa-noaa,42.2983,-83.0933,386,noaa,usa,0.7751027226332525
spikarna-2061-swe-smhi,62.3633,17.5311,387,smhi,swe,0.7751524951074793
urangan-59850-aus-bom,-25.2983,152.9083,388,bom,aus,0.7764994525320118
victoria_harbour_bc-7120-can-meds,48.42,-123.37,389,meds,can,0.7775544982095693
sand_point-9459450-usa-noaa,55.3317,-160.5043,390,noaa,usa,0.7802474207401675
wakayama-ma28-jpn-jodc_jma,34.2217,135.1455,391,jodc_jma,jpn,0.7813560991122104
hanko_pikku_kolalahti-134253-fin-fmi,59.82,22.98,392,fmi,fin,0.7814527294164669
geelong-60770-aus-bom,-38.1467,144.3633,393,bom,aus,0.7828280859904132
kainan-gs05-jpn-jodc_giaj,34.1442,135.1914,394,jodc_giaj,jpn,0.7831533632283354
san_juan-096a-per-uhslc,-15.367,-75.2,395,uhslc,per,0.7853651450388476
tacoma-9446484-usa-noaa,47.27,-122.413,396,noaa,usa,0.7865645252415825
la_salle_ontario-11985-can-meds,42.24,-83.11,397,meds,can,0.7878239753488039
fukue-ma50-jpn-jodc_jma,32.6961,128.8494,398,jodc_jma,jpn,0.7884801996047691
port_weller_ontario-13030-can-meds,43.24,-79.22,399,meds,can,0.7891441235374792
naze-hd22-jpn-jodc_jcg,28.3992,129.4978,400,jodc_jcg,jpn,0.7913790281891538
tokaikaitei-ma63-jpn-jodc_jma,33.7667,137.5833,401,jodc_jma,jpn,0.7914342466183961
yonaguni-ma76-jpn-jodc_jma,24.4522,122.9419,402,jodc_jma,jpn,0.7921108814962399
pori-por-fin-cmems,61.5944,21.4634,403,cmems,fin,0.7932740280485364
brisbane_bar-59980-aus-bom,-27.3608,153.1719,404,bom,aus,0.7949645951077672
newcastle-60310-aus-bom,-32.9238,151.7889,405,bom,aus,0.7963647128597223
castletownbere_port-cas-irl-mi_c,51.6496,-9.9034,406,mi_c,irl,0.7963790854803096
keelung-341a-chn-uhslc,25.155,121.752,407,uhslc,chn,0.7967152565104423
bakar-bak-hrv-uz,45.3,14.533,408,uz,hrv,0.7969984274736908
patricia_bay_bc-7277-can-meds,48.65,-123.45,409,meds,can,0.7971732576263416
ushuaia-600a-arg-uhslc,-54.805,-68.295,410,uhslc,arg,0.8008938713817214
port_angeles_wa-584a-usa-uhslc,48.125,-123.44,411,uhslc,usa,0.8017296289289595
tromso-tos-nor-nhs,69.6461,18.9548,412,nhs,nor,0.8028244603230659
hosojima-358a-jpn-uhslc,32.417,131.683,413,uhslc,jpn,0.8029545978254574
puerto_angel-672a-mex-uhslc,15.657,-96.493,414,uhslc,mex,0.8053197769241422
rock_cut_mi-9076024-usa-noaa,46.2648,-84.1912,415,noaa,usa,0.8057602725654415
low_head-60948-aus-bom,-41.0651,146.7947,416,bom,aus,0.8059446219407843
juten_sjov-35101-swe-smhi,58.6328,16.3336,417,smhi,swe,0.8068103521732828
pointe_des_cascades-15220-can-meds,45.33,-73.96,418,meds,can,0.8072837454089874
bonanza-bon-esp-cmems,36.8,-6.34,419,cmems,esp,0.8117826895857017
geting-326a-mys-uhslc,6.227,102.107,420,uhslc,mys,0.8132581112671038
beauharnois_aval-15262-can-meds,45.32,-73.92,421,meds,can,0.8139595771381308
windmill_point-8636580-usa-noaa,37.6161,-76.29,422,noaa,usa,0.8144563156889651
southport_north_carolina-8659084-usa-da_sat,33.915,-78.0183,423,da_sat,usa,0.8149041233835215
rauma-rau-fin-cmems,61.1335,21.4258,424,cmems,fin,0.815918775642345
wajima-gs03-jpn-jodc_giaj,37.4058,136.9006,425,jodc_giaj,jpn,0.8159860754126657
tawau-385a-mys-uhslc,4.233,117.883,426,uhslc,mys,0.8192074928510104
pointe_claire-15330-can-meds,45.43,-73.82,427,meds,can,0.8203917548513096
jakarta-161a-idn-uhslc,-6.117,106.85,428,uhslc,idn,0.8213035602532811
kashimako-0101-jpn-jodc_pahb,35.9295,140.6936,429,jodc_pahb,jpn,0.8222776433880308
lyttelton-667a-nzl-uhslc,-43.6,172.717,430,uhslc,nzl,0.8225246799955841
olandsnorraudde-ola-swe-cmems,57.3661,17.0972,431,cmems,swe,0.8241120299898237
geraldton-62290-aus-bom,-28.776,114.6019,432,bom,aus,0.8258592633444096
nelson-077a-nzl-uhslc,-41.267,173.267,433,uhslc,nzl,0.8313736022358774
forteau_bay-2590-can-meds,51.45,-56.88,434,meds,can,0.8315485635093489
st_johns-276b-can-uhslc,47.567,-52.7,435,uhslc,can,0.8323672267886255
ominato-hd04-jpn-jodc_jcg,41.2564,141.145,436,jodc_jcg,jpn,0.8324770036159492
sumoto-ma32-jpn-jodc_jma,34.3467,134.9011,437,jodc_jma,jpn,0.8328841668757629
winchelsea_is_bc-7935-can-meds,49.3,-124.09,438,meds,can,0.8331063347348895
charleston_or-575a-usa-uhslc,43.345,-124.322,439,uhslc,usa,0.8340323352911929
mazatlan-673a-mex-uhslc,23.198,-106.422,440,uhslc,mex,0.8344001666163818
uragami-ma25-jpn-jodc_jma,33.5583,135.8964,441,jodc_jma,jpn,0.8352751945791951
port_chicago-9415144-usa-noaa,38.056,-122.0395,442,noaa,usa,0.8366577442578279
ishigaki-ma45-jpn-jodc_jma,24.3322,124.1636,443,jodc_jma,jpn,0.8376564221000701
fremantle-175a-aus-uhslc,-32.05,115.733,444,uhslc,aus,0.8394703773070833
dongfang-637a-chn-uhslc,19.1,108.617,445,uhslc,chn,0.8402478000629773
bella_bella_bc-8976-can-meds,52.16,-128.14,446,meds,can,0.8407868574581288
tofino_bc-8615-can-meds,49.15,-125.91,447,meds,can,0.8419964830171212
port_nolloth-701a-zaf-uhslc,-29.25,16.867,448,uhslc,zaf,0.8425154680487364
port_tudy-71-fra-refmar,47.6443,-3.4459,449,refmar,fra,0.8435206603065383
key_west_fl-242a-usa-uhslc,24.553,-81.808,450,uhslc,usa,0.8453904687200346
mina_sulman-182a-bhr-uhslc,26.233,50.6,451,uhslc,bhr,0.8526397301556058
steveston_bc-7607-can-meds,49.13,-123.18,452,meds,can,0.8535492153642525
busselton_port_geographe-bsgeo01-aus-bom,-33.6304,115.3944,453,bom,aus,0.855185714191237
plymouth-ply-gbr-cmems,50.3684,-4.1852,454,cmems,gbr,0.8559147313537371
oskarshamn-2085-swe-smhi,57.275,16.4781,455,smhi,swe,0.8562380330223558
kure-gs13-jpn-jodc_giaj,33.3336,133.2433,456,jodc_giaj,jpn,0.8564514046698105
harstad-har-nor-nhs,68.8013,16.5482,457,nhs,nor,0.8566772613417879
san_joaquin_r_at_brandt_bridge-bdt-usa-cdwr,37.865,-121.3231,458,cdwr,usa,0.8570286891205233
vigo-208a-esp-uhslc,42.233,-8.733,459,uhslc,esp,0.8570583546752897
cote_ste_catherine-15450-can-meds,45.41,-73.57,460,meds,can,0.8578025205746708
point_lonsdale-60730-aus-bom,-38.2919,144.6139,461,bom,aus,0.8592039494117462
turku_ruissalo_saaronniemi-134225-fin-fmi,60.43,22.1,462,fmi,fin,0.8595928293175561
wellington-071a-nzl-uhslc,-41.283,174.783,463,uhslc,nzl,0.8608553082653627
forsmark-for-swe-cmems,60.4086,18.2108,464,cmems,swe,0.8625309417683013
lachine-15390-can-meds,45.43,-73.67,465,meds,can,0.8629500638525516
friday_harbor-9449880-usa-noaa,48.5453,-123.0129,466,noaa,usa,0.863309513858159
imperia-imp-ita-ispra,43.8783,8.0189,467,ispra,ita,0.8633139365359319
thursday_island-58170-aus-bom,-10.5863,142.2216,468,bom,aus,0.864173239490095
midway-050a-usa-uhslc,28.217,-177.367,469,uhslc,usa,0.865893856458481
calumet_harbor_il-9087044-usa-noaa,41.7297,-87.5383,470,noaa,usa,0.866642755109452
vardo-805a-nor-uhslc,70.333,31.1,471,uhslc,nor,0.8673765987373534
faraday-700a-ata-uhslc,-65.25,-64.267,472,uhslc,ata,0.8688176442468506
baltra-003b-ecu-uhslc,-0.437,-90.285,473,uhslc,ecu,0.8697708831974014
weymouth-wey-gbr-cmems,50.6079,-2.4465,474,cmems,gbr,0.8698958966841871
parry_sound_ontario-11375-can-meds,45.34,-80.04,475,meds,can,0.8723162497801564
crookhaven_heads-215408-aus-bom,-34.9066,150.7592,476,bom,aus,0.8732881977967638
bishops_head-8571421-usa-noaa,38.2204,-76.0387,477,noaa,usa,0.8739639245722071
seward-9455090-usa-noaa,60.12,-149.4267,478,noaa,usa,0.8754656672401906
carnarvon-167a-aus-uhslc,-24.898,113.652,479,uhslc,aus,0.8761784226282875
marseille-824a-fra-uhslc,43.278,5.353,480,uhslc,fra,0.8775448707722363
stornoway-295a-gbr-uhslc,58.208,-6.388,481,uhslc,gbr,0.877773765334271
soma-gs18-jpn-jodc_giaj,37.8306,140.9617,482,jodc_giaj,jpn,0.8803709329885965
kawasaki-ma59-jpn-jodc_jma,35.5,139.7667,483,jodc_jma,jpn,0.8819486576377573
taranto-tar-ita-ispra,40.4756,17.2238,484,ispra,ita,0.8821274338618317
concarneau-160-fra-refmar,47.8735,-3.9072,485,refmar,fra,0.8827294093596105
valparaiso-081a-chl-uhslc,-33.027,-71.627,486,uhslc,chl,0.8837570187250361
shibushiko-0114-jpn-jodc_pahb,31.475,131.1089,487,jodc_pahb,jpn,0.8848927206891988
aburatsu-354a-jpn-uhslc,31.583,131.417,488,uhslc,jpn,0.8885255633329132
katsuura-gs11-jpn-jodc_giaj,35.1294,140.2494,489,jodc_giaj,jpn,0.8889482292457729
hammerfest-hft-nor-nhs,70.6646,23.6832,490,nhs,nor,0.889304636870364
kukup-325a-mys-uhslc,1.325,103.443,491,uhslc,mys,0.8913025991139538
luderitz-702a-zaf-uhslc,-26.65,15.15,492,uhslc,zaf,0.8914340571690961
flores_santa_cruz-210a-prt-uhslc,39.453,-31.12,493,uhslc,prt,0.8917818026065164
maloy-may-nor-nhs,61.9338,5.1133,494,nhs,nor,0.892215759811263
sandown_pier-sdp-gbr-cco,50.6511,-1.1532,495,cco,gbr,0.8956307426675493
eden-60530-aus-bom,-37.0712,149.9083,496,bom,aus,0.9005650173336528
bjorn-2067-swe-smhi,60.6333,17.9667,497,smhi,swe,0.9008068911055948
adak_alaska-040a-usa-uhslc,51.863,-176.632,498,uhslc,usa,0.9021685513299108
vardo-vaw-nor-nhs,70.375,31.104,499,nhs,nor,0.9028900672106044
amami-ma73-jpn-jodc_jma,28.3228,129.5342,500,jodc_jma,jpn,0.903684414555422
nakano_shima-345a-jpn-uhslc,29.842,129.842,501,uhslc,jpn,0.9038135827374466
funchal-218b-prt-uhslc,32.643,-16.913,502,uhslc,prt,0.9043248077753164
draghallan-dra-swe-cmems,62.3333,17.4667,503,cmems,swe,0.9052247861023028
west_ste_modeste-2595-can-meds,51.6,-56.7,504,meds,can,0.90554946264197
kochi-ma38-jpn-jodc_jma,33.4992,133.5692,505,jodc_jma,jpn,0.9076291930067472
san_carlos-674a-mex-uhslc,24.79,-112.12,506,uhslc,mex,0.9076736656083724
nezugaseki-gs07-jpn-jodc_giaj,38.5633,139.5461,507,jodc_giaj,jpn,0.909415888553828
wyandotte_mi-9044030-usa-noaa,42.2023,-83.1475,508,noaa,usa,0.9126454801354666
massacre_bay_ak-550a-usa-uhslc,52.833,173.2,509,uhslc,usa,0.913469783101394
benoa-163a-idn-uhslc,-8.745,115.21,510,uhslc,idn,0.9164571344985664
south_trees-h052026a-aus-bom,-23.85,151.3,511,bom,aus,0.9183696294002868
kozushima-hd09-jpn-jodc_jcg,34.2092,139.1317,512,jodc_jcg,jpn,0.9195124913899642
bayonne_boucau-94-fra-refmar,43.5273,-1.5148,513,refmar,fra,0.9197682920032496
panama_city-8729108-usa-noaa,30.1523,-85.7,514,noaa,usa,0.9233031084764824
cairns-59060-aus-bom,-16.9267,145.78,515,bom,aus,0.9239871835279704
port_aux_basques-665-can-meds,47.57,-59.13,516,meds,can,0.9240133519709812
tannowa-ma29-jpn-jodc_jma,34.3389,135.1781,517,jodc_jma,jpn,0.9264927256823072
legaspi-371a-phl-uhslc,13.145,123.758,518,uhslc,phl,0.9284532514268607
miami_beach-8723170-usa-da_sat,25.7683,-80.1317,519,da_sat,usa,0.931020798134504
trondheim-trd-nor-nhs,63.4365,10.3917,520,nhs,nor,0.931907209757202
reykjavik-288a-isl-uhslc,64.15,-21.933,521,uhslc,isl,0.933211219749655
rossport_ontario-10220-can-meds,48.83,-87.52,522,meds,can,0.9352935758724824
kungsholmsfort-2088-swe-smhi,56.1053,15.5894,523,smhi,swe,0.937556433926304
yokohamashinko-hd29-jpn-jodc_jcg,35.4542,139.6442,524,jodc_jcg,jpn,0.9376243787799228
port_orford_or-557a-usa-uhslc,42.74,-124.497,525,uhslc,usa,0.9376445482920684
komatsushima-ma36-jpn-jodc_jma,34.0092,134.5878,526,jodc_jma,jpn,0.9383136012030416
knysna-186a-zaf-uhslc,-34.05,23.045,527,uhslc,zaf,0.939346801349938
booby_island-336a-aus-uhslc,-10.603,141.91,528,uhslc,aus,0.9406122493080382
port_alberni_bc-8575-can-meds,49.23,-124.81,529,meds,can,0.9420913997893028
coteau_du_lac-15140-can-meds,45.3,-74.17,530,meds,can,0.943279498095174
tejn-tej-dnk-cmems,55.25,14.8333,531,cmems,dnk,0.9452315940772432
noto-ma80-jpn-jodc_jma,37.5008,137.1553,532,jodc_jma,jpn,0.9490814688240958
port_hardy_bc-8408-can-meds,50.72,-127.49,533,meds,can,0.9491831055019498
portsmouth-ptm-gbr-da_idh,50.8022,-1.1113,534,da_idh,gbr,0.95111661826842
stavanger-svg-nor-nhs,58.9743,5.7301,535,nhs,nor,0.9512898409342432
vaasa-vaa-fin-cmems,63.0815,21.5712,536,cmems,fin,0.9520963083514644
north_sydney-612-can-meds,46.22,-60.25,537,meds,can,0.9534284426086984
tosashimizu-ma39-jpn-jodc_jma,32.7792,132.9589,538,jodc_jma,jpn,0.9553103258032896
callao-093a-per-uhslc,-12.05,-77.15,539,uhslc,per,0.959059939562412
la_union-086a-slv-uhslc,13.333,-87.817,540,uhslc,slv,0.964358020962737
nagasaki-362a-jpn-uhslc,32.733,129.867,541,uhslc,jpn,0.9643632107166056
esashiko-0140-jpn-jodc_pahb,41.8706,140.1256,542,jodc_pahb,jpn,0.9650444518212083
takamatsu-ma35-jpn-jodc_jma,34.3514,134.057,543,jodc_jma,jpn,0.9652544175800396
oita-hd16-jpn-jodc_jcg,33.2661,131.6867,544,jodc_jcg,jpn,0.9658329169680498
odomari-hd20-jpn-jodc_jcg,31.0236,130.6892,545,jodc_jcg,jpn,0.966103558747998
asamushi-gs06-jpn-jodc_giaj,40.8975,140.8592,546,jodc_giaj,jpn,0.9668724910898948
algeciras-alge-esp-ieo,36.117,-5.4333,547,ieo,esp,0.9671846370757852
grenville-16045-can-meds,45.63,-74.61,548,meds,can,0.9678384962358486
san_diego-9410170-usa-noaa,32.7142,-117.1736,549,noaa,usa,0.9685237977742022
ferrol2-fer-esp-cmems,43.4762,-8.2485,550,cmems,esp,0.9718133647031738
turtle_head-58180-aus-bom,-10.5212,142.2133,551,bom,aus,0.9728619563587576
cordova-9454050-usa-noaa,60.5583,-145.755,552,noaa,usa,0.9737890848844324
akune-gs15-jpn-jodc_giaj,32.0175,130.1911,553,jodc_giaj,jpn,0.973945290829306
solomons_island-8577330-usa-noaa,38.3172,-76.4508,554,noaa,usa,0.9773118349638712
miyakeshima-ma71-jpn-jodc_jma,34.0572,139.5439,555,jodc_jma,jpn,0.9779118428688758
lower_iroquois_ontario-14602-can-meds,44.83,-75.31,556,meds,can,0.981494320835125
kushimoto-353a-jpn-uhslc,33.483,135.767,557,uhslc,jpn,0.9843763842388048
kaskinen-kas-fin-cmems,62.344,21.2148,558,cmems,fin,0.986913210625366
morrisburg_ontario-14660-can-meds,44.89,-75.19,559,meds,can,0.9870228436558784
yap-008b-fsm-uhslc,9.508,138.128,560,uhslc,fsm,0.9881939227327694
kelang-140a-mys-uhslc,3.05,101.358,561,uhslc,mys,0.9893625578728515
port_elizabeth-184a-zaf-uhslc,-33.96,25.63,562,uhslc,zaf,0.9927306685858128
amherstburg_ontario-11995-can-meds,42.14,-83.11,563,meds,can,0.9961883587706434
wladyslawowo-wla-pol-eseas,54.7967,18.4186,564,eseas,pol,0.9986034568267502
arena_cove-9416841-usa-noaa,38.9146,-123.7111,565,noaa,usa,0.9988248174829054
prince_rupert_bc-9354-can-meds,54.32,-130.32,566,meds,can,0.9998608886334868
mourilyan_harbour-59140-aus-bom,-17.6,146.1167,567,bom,aus,1.0059497119627157
vancouver_bc-7735-can-meds,49.29,-123.11,568,meds,can,1.0063806356766272
uno-ma33-jpn-jodc_jma,34.4886,133.9495,569,jodc_jma,jpn,1.0068838081985
kamaishi-hd05-jpn-jodc_jcg,39.2733,141.8892,570,jodc_jcg,jpn,1.0069626972383183
fishermans_landing-h052003b-aus-bom,-23.78,151.17,571,bom,aus,1.0109266746036816
saldahna_bay-703a-zaf-uhslc,-33.017,17.95,572,uhslc,zaf,1.011755730163783
makurazaki-ma43-jpn-jodc_jma,31.2678,130.293,573,jodc_jma,jpn,1.0128987763106867
mawson-177a-aus-uhslc,-67.6,62.867,574,uhslc,aus,1.014311505676146
pulpit_harbor-8414888-usa-da_sat,44.1565,-68.8862,575,da_sat,usa,1.0155051676458309
fishguard-fis-gbr-bodc,52.0132,-4.9837,576,bodc,gbr,1.0158649853260242
rorvik-rvk-nor-nhs,64.8595,11.2301,577,nhs,nor,1.0162736951208091
bari-bar-ita-ispra,41.1402,16.866,578,ispra,ita,1.0175204953186603
bournemouth-bou-gbr-bodc,50.7143,-1.8749,579,bodc,gbr,1.0176757912951242
pisco-683b-per-uhslc,-13.417,-76.133,580,uhslc,per,1.018768734749047
helsinki_kaivopuisto-132310-fin-fmi,60.15,24.96,581,fmi,fin,1.0202447816495008
darwin-168a-aus-uhslc,-12.472,130.847,582,uhslc,aus,1.0208262316661176
le_crouesty-185-fra-refmar,47.5427,-2.8952,583,refmar,fra,1.022838107166318
ocean_city_inlet-8570283-usa-noaa,38.3283,-75.0911,584,noaa,usa,1.0265753362041838
kristiansund-ksu-nor-nhs,63.1139,7.7344,585,nhs,nor,1.0323737788290928
paldiski-pal-est-cmems,59.3349,24.0796,586,cmems,est,1.032623430789414
kiptopeke-8632200-usa-noaa,37.1652,-75.9884,587,noaa,usa,1.034722534938494
point_atkinson_bc-7795-can-meds,49.34,-123.25,588,meds,can,1.0364121029444848
nishinoomote-363a-jpn-uhslc,30.735,130.992,589,uhslc,jpn,1.0366739697540666
ferrol-fer-esp-cmems,43.463,-8.326,590,cmems,esp,1.0374773245629434
tregde-804a-nor-uhslc,58.0,7.567,591,uhslc,nor,1.0378722669953309
miyazakiko-0113-jpn-jodc_pahb,31.9028,131.4564,592,jodc_pahb,jpn,1.0401432510880897
king_cove-9459881-usa-noaa,55.0599,-162.3261,593,noaa,usa,1.0415637332318812
kobenhavn-kob-dnk-cmems,55.7,12.6,594,cmems,dnk,1.0419844272275427
vieste-vie-ita-ispra,41.8881,16.177,595,ispra,ita,1.0427518477330435
yorktown_uscg_training_center-8637689-usa-noaa,37.2265,-76.4788,596,noaa,usa,1.0433168022324817
pietarsaari_leppaluoto-134250-fin-fmi,63.71,22.69,597,fmi,fin,1.0436162533718478
sakatako-0102-jpn-jodc_pahb,38.9175,139.8236,598,jodc_pahb,jpn,1.0448968937041336
wick-wic-gbr-bodc,58.441,-3.0864,599,bodc,gbr,1.0467180233627404
point_reyes-9415020-usa-noaa,37.9942,-122.9736,600,noaa,usa,1.0504700188535705
exmouth-62435-aus-bom,-21.9549,114.1409,601,bom,aus,1.0507731456832512
newlyn-new-gbr-bodc,50.103,-5.5427,602,bodc,gbr,1.051227801521044
fort_myers-8725520-usa-noaa,26.648,-81.871,603,noaa,usa,1.051959517850112
ratan-2056-swe-smhi,63.9861,20.895,604,smhi,swe,1.0522503056031591
kagoshima-ma42-jpn-jodc_jma,31.5925,130.5647,605,jodc_jma,jpn,1.0534768323231254
sault_ste_marie_ontario-10980-can-meds,46.51,-84.37,606,meds,can,1.0537402953692223
korsor-kor-dnk-cmems,55.3333,11.1333,607,cmems,dnk,1.0564287115470168
durban-181a-zaf-uhslc,-29.867,31.05,608,uhslc,zaf,1.0571037476397915
lewisetta-8635750-usa-noaa,37.9953,-76.4647,609,noaa,usa,1.0578101927713055
clump_point-59168-aus-bom,-17.8515,146.1053,610,bom,aus,1.0591979762901842
sainte_anne_de_bellevue-16005-can-meds,45.4,-73.96,611,meds,can,1.0608911691394576
virginia_key-8723214-usa-noaa,25.7317,-80.1617,612,noaa,usa,1.0610343819764565
mossel_bay-185a-zaf-uhslc,-34.183,22.133,613,uhslc,zaf,1.0611275056141325
taranaki-076a-nzl-uhslc,-39.05,174.033,614,uhslc,nzl,1.0619914199724154
oga-gs14-jpn-jodc_giaj,39.9422,139.7033,615,jodc_giaj,jpn,1.0637564233959569
ullapool-ull-gbr-bodc,57.8952,-5.1581,616,bodc,gbr,1.0638577403947913
astoria-9439040-usa-noaa,46.2073,-123.7683,617,noaa,usa,1.064790419226806
alesund-aes-nor-nhs,62.4694,6.1519,618,nhs,nor,1.0702946776192088
furuogrund-2055-swe-smhi,64.9158,21.2306,619,smhi,swe,1.0781205967455725
maisaka-356a-jpn-uhslc,34.683,137.617,620,uhslc,jpn,1.078225928179038
killybegs_port-kil-irl-mi_c,54.6364,-8.3949,621,mi_c,irl,1.0803231875858426
ensenada-317a-mex-uhslc,31.85,-116.633,622,uhslc,mex,1.0803546042106251
kuchinotsu-ma48-jpn-jodc_jma,32.6053,130.1953,623,jodc_jma,jpn,1.0811365366487895
galveston_bay_entrance-8771341-usa-noaa,29.3573,-94.7248,624,noaa,usa,1.0831134179064787
lymington-lym-gbr-cco,50.7403,-1.5071,625,cco,gbr,1.084386058433494
melville_bay_gove_harbour-63480-aus-bom,-12.2067,136.6717,626,bom,aus,1.084608666123983
beauharnois_amont-15260-can-meds,45.3,-73.93,627,meds,can,1.0857672181307338
harrington_harbour-2550-can-meds,50.5,-59.48,628,meds,can,1.0917062452668016
manila-370a-phl-uhslc,14.585,120.968,629,uhslc,phl,1.0918752963137806
moji-hd17-jpn-jodc_jcg,33.9569,130.9614,630,jodc_jcg,jpn,1.0919241130617152
gladstone-59750-aus-bom,-23.8333,151.25,631,bom,aus,1.0920922904946286
clearwater_bch_fl-773a-usa-uhslc,27.977,-82.832,632,uhslc,usa,1.0921842054839404
galets_60minute-gal-fra-cmems,-20.92,55.3,633,cmems,fra,1.0949040338862583
portrush-pru-gbr-bodc,55.2068,-6.6568,634,bodc,gbr,1.0968384296367168
cleveland_oh-9063063-usa-noaa,41.5409,-81.6355,635,noaa,usa,1.0971791709417786
fort_point-8423898-usa-noaa,43.0714,-70.7106,636,noaa,usa,1.0998784786617548
tokachiko-0122-jpn-jodc_pahb,42.297,143.3222,637,jodc_pahb,jpn,1.1012409417364637
port_san_luis-9412110-usa-noaa,35.1688,-120.7542,638,noaa,usa,1.1015008888243285
goteborgklippan-got-swe-cmems,57.6833,11.9,639,cmems,swe,1.101621896054547
bangor-ban-gbr-cmems,54.665,-5.6692,640,cmems,gbr,1.104889494097121
manta-089b-ecu-uhslc,-0.932,-80.722,641,uhslc,ecu,1.105894347843087
prudhoe_bay_ak-579a-usa-uhslc,70.4,-148.527,642,uhslc,usa,1.1066218765551077
paita-678b-per-uhslc,-5.083,-81.167,643,uhslc,per,1.1078946624114945
halifax-490-can-meds,44.67,-63.58,644,meds,can,1.1091481600016584
porterin-por-gbr-cmems,54.0854,-4.7681,645,cmems,gbr,1.109566810990018
shanwei-641a-chn-uhslc,22.75,115.35,646,uhslc,chn,1.109767472497895
salina_cruz-394a-mex-uhslc,16.16,-95.203,647,uhslc,mex,1.1136340198087198
salina_cruz-394-mex-unam,16.3183,-95.1967,648,unam,mex,1.1136902200384713
corpus_cristi_tx-770a-usa-uhslc,27.58,-97.217,649,uhslc,usa,1.115220813388758
lark_harbour-2685-can-meds,49.1,-58.37,650,meds,can,1.1152669169583995
lampedusa-lam-ita-ispra,35.4998,12.6044,651,ispra,ita,1.1160016947125266
victor_harbor-61490-aus-bom,-35.5625,138.6354,652,bom,aus,1.1160738982736462
bowen-59320-aus-bom,-20.025,148.25,653,bom,aus,1.1168434174367108
tomakomainishiko-0136-jpn-jodc_pahb,42.6297,141.6211,654,jodc_pahb,jpn,1.1200213840855855
wrightsville_beach-8658163-usa-noaa,34.2133,-77.7867,655,noaa,usa,1.120205926331296
newhaven-new-gbr-cmems,50.7833,0.0667,656,cmems,gbr,1.1209784568945962
izuhara-hd23-jpn-jodc_jcg,34.1978,129.2917,657,jodc_jcg,jpn,1.1241896980547683
sitka_ak-559a-usa-uhslc,57.052,-135.342,658,uhslc,usa,1.1245665640268176
weipa_humbug_point-63620-aus-bom,-12.67,141.8633,659,bom,aus,1.124906288294505
bergen-bgo-nor-nhs,60.398,5.3205,660,nhs,nor,1.1265906899765803
shute_harbour-59410-aus-bom,-20.2833,148.7833,661,bom,aus,1.1280497002484615
east_london-187a-zaf-uhslc,-33.017,27.917,662,uhslc,zaf,1.129692809766679
saipan-028b-usa-uhslc,15.227,145.742,663,uhslc,usa,1.1307518642308452
raahe-raa-fin-cmems,64.6659,24.4071,664,cmems,fin,1.1376424925386737
hay_point-59511-aus-bom,-21.2683,149.3033,665,bom,aus,1.141939168714873
georgetown-60950-aus-bom,-41.11,146.82,666,bom,aus,1.14319609478013
seattle-9447130-usa-noaa,47.6019,-122.3392,667,noaa,usa,1.144167970250872
irouzaki-ma78-jpn-jodc_jma,34.6117,138.8492,668,jodc_jma,jpn,1.145572100871757
civitavecchia-civ-ita-ispra,42.094,11.7896,669,ispra,ita,1.1493943438835712
daugavgriva-dau-lva-cmems,57.05,24.0167,670,cmems,lva,1.150679905141959
turner_cut_near_holt-trn-usa-cdwr,37.9928,-121.4542,671,cdwr,usa,1.1514758018521396
roscoff_60minute-ros-fra-cmems,48.7184,-3.9659,672,cmems,fra,1.1522728503367878
cherbourg_60minute-che-fra-cmems,49.6513,-1.6355,673,cmems,fra,1.1547788009287048
saint_malo-410-fra-refmar,48.6408,-2.0281,674,refmar,fra,1.1577766610039186
tanegashima-ma75-jpn-jodc_jma,30.4636,130.9644,675,jodc_jma,jpn,1.158471492398066
nordrerose-nor-dnk-cmems,55.6361,12.6867,676,cmems,dnk,1.1602708536258108
sassnitz-sas-deu-cmems,54.5108,13.6431,677,cmems,deu,1.1639116945257963
shibaura-hd07-jpn-jodc_jcg,35.6369,139.7536,678,jodc_jcg,jpn,1.1671102353932408
tarifa-tari-esp-ieo,36.0086,-5.6026,679,ieo,esp,1.171213055583942
shijiusuo-642a-chn-uhslc,35.383,119.55,680,uhslc,chn,1.1720010923011377
sorel-15930-can-meds,46.05,-73.12,681,meds,can,1.1723985958403669
viker-vik-nor-nhs,59.036,10.9498,682,nhs,nor,1.1802878754659418
ancona-anx-ita-ispra,43.6248,13.5065,683,ispra,ita,1.1810315434438572
malmo-mal-swe-cmems,55.6167,13.0,684,cmems,swe,1.1819184989703342
sthelier-sth-gbr-cmems,49.1833,-2.1167,685,cmems,gbr,1.1857934679337438
bodo-boo-nor-nhs,67.2923,14.3998,686,nhs,nor,1.1861272965387395
hachijyojima-hd11-jpn-jodc_jcg,33.1303,139.8047,687,jodc_jcg,jpn,1.1889192798136117
colonial_beach-8635150-usa-noaa,38.2517,-76.96,688,noaa,usa,1.1962850593886434
grand_isle_la-765a-usa-uhslc,29.263,-89.957,689,uhslc,usa,1.1972509459664726
slipshavn-sli-dnk-cmems,55.2833,10.8333,690,cmems,dnk,1.19943984996353
stockton_california-9414883-usa-da_sat,37.9583,-121.29,691,da_sat,usa,1.2003254334553677
toba-ma23-jpn-jodc_jma,34.4853,136.8247,692,jodc_jma,jpn,1.2026705622621436
puerto_montt-684a-chl-uhslc,-41.485,-72.962,693,uhslc,chl,1.2051488027515656
lessablesdolonne_60minute-les-fra-cmems,46.4975,-1.7938,694,cmems,fra,1.2052140044381936
easter-022c-chl-uhslc,-27.155,-109.473,695,uhslc,chl,1.2053964346323405
kop_van_het_land-kopvhld-nld-rws,51.7883,4.7576,696,rws,nld,1.2056841384222652
quonset_point-8454049-usa-noaa,41.5869,-71.41,697,noaa,usa,1.2061734024969228
shimonoseki-ma51-jpn-jodc_jma,33.925,130.9278,698,jodc_jma,jpn,1.2065674810326767
western_port_stony_point-60710-aus-bom,-38.3739,145.2228,699,bom,aus,1.2068126174396183
ringhals-2105-swe-smhi,57.2497,12.1125,700,smhi,swe,1.210644396595722
aburatsubo-gs01-jpn-jodc_giaj,35.16,139.6155,701,jodc_giaj,jpn,1.2128575649294864
brunswick_heads-202403-aus-bom,-28.5368,153.5521,702,bom,aus,1.2133479207523272
ko_lak-328a-tha-uhslc,11.795,99.817,703,uhslc,tha,1.214486685423892
palinuro-pal-ita-ispra,40.0299,15.2753,704,ispra,ita,1.2151675430862028
napoli-nap-ita-ispra,40.8414,14.2692,705,ispra,ita,1.2183885312415494
quepos-087a-cri-uhslc,9.4,-84.167,706,uhslc,cri,1.2205685060282017
port_fourchon-8762075-usa-noaa,29.1142,-90.1993,707,noaa,usa,1.2208487681726252
fredericia-fre-dnk-cmems,55.5667,9.75,708,cmems,dnk,1.221589898145551
varberg-2104-swe-smhi,57.1,12.2167,709,smhi,swe,1.2232180865939462
helgeroa-hro-nor-nhs,58.9952,9.8564,710,nhs,nor,1.2240456128920396
duck_pier_nc-260a-usa-uhslc,36.183,-75.747,711,uhslc,usa,1.2243872718946736
essexville_mi-9075035-usa-noaa,43.6404,-83.8468,712,noaa,usa,1.2267176423831532
trident_pier-8721604-usa-noaa,28.4158,-80.5931,713,noaa,usa,1.2268129694327736
panama_city_beach-8729210-usa-noaa,30.2133,-85.8783,714,noaa,usa,1.2271933511045718
san_joaquin_r_at_rindge_pump-rgp-usa-cdwr,37.9973,-121.4194,715,cdwr,usa,1.227831053899714
port_alma-59690-aus-bom,-23.585,150.8667,716,bom,aus,1.2296140669783062
groote_eylandt-145a-aus-uhslc,-13.86,136.417,717,uhslc,aus,1.2329953073526625
neah_bay_wa-558a-usa-uhslc,48.368,-124.617,718,uhslc,usa,1.237451942388876
mayport_ferry_depot-8720220-usa-noaa,30.3933,-81.4317,719,noaa,usa,1.2416328422994998
holyhead-hol-gbr-bodc,53.3139,-4.6204,720,bodc,gbr,1.2454815054151576
aberdeen-abe-gbr-bodc,57.144,-2.0802,721,bodc,gbr,1.2463550721202863
tobermory-tob-gbr-cmems,56.6231,-6.0631,722,cmems,gbr,1.2484633455824483
milford_haven-mha-gbr-bodc,51.7074,-5.0518,723,bodc,gbr,1.2508036963203402
bunbury-62190-aus-bom,-33.3234,115.66,724,bom,aus,1.2518462733898337
wells-8419317-usa-noaa,43.32,-70.5633,725,noaa,usa,1.2520211741921228
chesapeake_bbt-749a-usa-uhslc,36.967,-76.113,726,uhslc,usa,1.252157027337661
kolka-kol-lva-cmems,57.7333,22.5833,727,cmems,lva,1.2522592791978857
okinawa-gs21-jpn-jodc_giaj,26.1794,127.8247,728,jodc_giaj,jpn,1.2552941570118417
simons_town-221a-zaf-uhslc,-34.183,18.433,729,uhslc,zaf,1.2588678218434164
cutler_naval_base-8411250-usa-noaa,44.6417,-67.2967,730,noaa,usa,1.2594372737755748
venezia-vene-ita-cv,45.4188,12.4257,731,cv,ita,1.262469174378111
westport-9441102-usa-noaa,46.9043,-124.1051,732,noaa,usa,1.263345097548308
ronne-ron-dnk-cmems,55.1,14.6833,733,cmems,dnk,1.2647288268800458
kalix_storon-2157-swe-smhi,65.6969,23.0961,734,smhi,swe,1.267039110878013
kinlochbervie-kin-gbr-bodc,58.4567,-5.0502,735,bodc,gbr,1.2698545546895432
monbetsu-hd01-jpn-jodc_jcg,44.355,143.3583,736,jodc_jcg,jpn,1.2701462286799403
deeneplaat-deenpt-nld-rws,51.7396,4.7167,737,rws,nld,1.2722115942637937
rustico-1915-can-meds,46.47,-63.28,738,meds,can,1.2769252881755713
porto_empedocle-por-ita-ispra,37.2858,13.5268,739,ispra,ita,1.2801025334723728
portellen-por-gbr-cmems,55.6274,-6.1901,740,cmems,gbr,1.2812484111237863
kobe-ma31-jpn-jodc_jma,34.6822,135.1903,741,jodc_jma,jpn,1.2813499685291945
simrishamn-sim-swe-cmems,55.5575,14.3578,742,cmems,swe,1.2832899737183954
nantucket_island-8449130-usa-noaa,41.2853,-70.0964,743,noaa,usa,1.2889574663999703
kungsvik-kun-swe-cmems,58.9967,11.1272,744,cmems,swe,1.2915283503171713
sainildas_60minute-sai-fra-cmems,47.1404,-2.2464,745,cmems,fra,1.2944681289639288
matsuyama-ma34-jpn-jodc_jma,33.8589,132.7122,746,jodc_jma,jpn,1.296824074333975
dalian-630a-chn-uhslc,38.925,121.658,747,uhslc,chn,1.2971808436738876
ravenna-rav-ita-ispra,44.4921,12.2829,748,ispra,ita,1.299568323952932
wachapreague-8631044-usa-noaa,37.6078,-75.6858,749,noaa,usa,1.3005477438778237
kujiko-0111-jpn-jodc_pahb,40.1922,141.7967,750,jodc_pahb,jpn,1.3019971130710604
klagshamn-kla-swe-cmems,55.5222,12.8936,751,cmems,swe,1.3023408361256654
lucinda_offshore-59200-aus-bom,-18.5217,146.385,752,bom,aus,1.3064549837351112
vercheres-15720-can-meds,45.78,-73.36,753,meds,can,1.3067200808800077
bar_harbor-8413320-usa-noaa,44.3922,-68.2043,754,noaa,usa,1.3079536947117212
rimouski-2985-can-meds,48.48,-68.51,755,meds,can,1.311836633595286
middelharnis-middhns-nld-rws,51.7736,4.1924,756,rws,nld,1.3128183465714367
parnu-par-est-cmems,58.3889,24.4868,757,cmems,est,1.3144526489319388
keizersveer-keizvr-nld-rws,51.7202,4.8944,758,rws,nld,1.3148216800523556
rockport_tx-769a-usa-uhslc,28.022,-97.047,759,uhslc,usa,1.3167663680138295
argentia-835-can-meds,47.3,-53.98,760,meds,can,1.3230170163820876
venice_island-vne-usa-cdwr,38.05,-121.496,761,cdwr,usa,1.3238873175579344
coast_guard_sector_mobile-8736897-usa-noaa,30.6483,-88.0583,762,noaa,usa,1.3292006304396309
kabelvag-kab-nor-nhs,68.2126,14.4821,763,nhs,nor,1.3293067636721911
sept_iles-2780-can-meds,50.19,-66.38,764,meds,can,1.330238872025122
rak_noord-raknd-nld-rws,51.695,4.4216,765,rws,nld,1.3319545246914464
chiba-hd06-jpn-jodc_jcg,35.568,140.0455,766,jodc_jcg,jpn,1.3338331528283456
smogen-smo-swe-cmems,58.3536,11.2178,767,cmems,swe,1.3363698707212388
juneau-9452210-usa-noaa,58.2988,-134.4106,768,noaa,usa,1.3375065607317171
boston-8443970-usa-noaa,42.3548,-71.0534,769,noaa,usa,1.348923078304597
hakata-hd18-jpn-jodc_jcg,33.6186,130.4078,770,jodc_jcg,jpn,1.349119593268293
skagen-ska-dnk-cmems,57.7194,10.5858,771,cmems,dnk,1.3519378497351278
point_pelee_ontario-12120-can-meds,41.97,-82.53,772,meds,can,1.354120386977533
hamina_pitajansaari-134254-fin-fmi,60.56,27.18,773,fmi,fin,1.3552242008472226
alert_bay_bc-8280-can-meds,50.59,-126.93,774,meds,can,1.355619904205252
beihai-636a-chn-uhslc,21.483,109.083,775,uhslc,chn,1.3558924948726174
cape_hatteras_fishing_pier-8654400-usa-noaa,35.2233,-75.635,776,noaa,usa,1.3572960401166518
lac_saint_pierre-15975-can-meds,46.19,-72.9,777,meds,can,1.3593766384319097
port_bloc-15-fra-refmar,45.5685,-1.0616,778,refmar,fra,1.3602249693556263
port_giles-61685-aus-bom,-35.0218,137.7683,779,bom,aus,1.361644212833687
riviere_au_renard-2330-can-meds,49.0,-64.38,780,meds,can,1.3633133100431047
onisaki-gs09-jpn-jodc_giaj,34.9036,136.8239,781,jodc_giaj,jpn,1.3647529460296737
barseback-bar-swe-cmems,55.7564,12.9033,782,cmems,swe,1.3655259588697208
moerdijk-moerdk-nld-rws,51.7047,4.6225,783,rws,nld,1.3743382353456588
gloucester_point-8637624-usa-noaa,37.2467,-76.5,784,noaa,usa,1.3774585537662711
la_prairie-15470-can-meds,45.47,-73.51,785,meds,can,1.3789226535518373
kariya-gs17-jpn-jodc_giaj,33.4731,129.8492,786,jodc_giaj,jpn,1.3812161823835434
valdez_ak-562a-usa-uhslc,61.125,-146.362,787,uhslc,usa,1.3820920370233047
cape_may-8536110-usa-noaa,38.9678,-74.9597,788,noaa,usa,1.382867387300383
le_conquet-152-fra-refmar,48.3591,-4.7808,789,refmar,fra,1.3842166440344037
port_macquarie-207420-aus-bom,-31.4268,152.911,790,bom,aus,1.385851809695117
ship_john_shoal-8537121-usa-noaa,39.305,-75.375,791,noaa,usa,1.3891874158740816
murotomisaki-ma37-jpn-jodc_jma,33.2664,134.1644,792,jodc_jma,jpn,1.3893967771544256
sendaiko-0112-jpn-jodc_pahb,38.2728,141.0039,793,jodc_pahb,jpn,1.391011622995442
repentigny-15668-can-meds,45.74,-73.44,794,meds,can,1.3911581261756594
carillon_amont-16033-can-meds,45.57,-74.38,795,meds,can,1.3933752694314343
goteborgorsh-819a-swe-uhslc,57.685,11.79,796,uhslc,swe,1.395373934473142
port_isabel-8779770-usa-noaa,26.0612,-97.2155,797,noaa,usa,1.396646480671633
frederikshavn-fre-dnk-cmems,57.4333,10.5667,798,cmems,dnk,1.398236047331792
berwick-8764044-usa-noaa,29.6675,-91.2376,799,noaa,usa,1.4082222337224748
wauna-9439099-usa-noaa,46.1617,-123.4089,800,noaa,usa,1.4082486536550871
ballen-bal-dnk-cmems,55.8167,10.6444,801,cmems,dnk,1.409652067353983
sandakan-389a-mys-uhslc,5.81,118.067,802,uhslc,mys,1.4100588395312723
holland_cut_near_bethel_island-hol-usa-cdwr,38.0164,-121.5819,803,cdwr,usa,1.4102585478638625
skamokawa-9440569-usa-noaa,46.2703,-123.4565,804,noaa,usa,1.4136182709351357
ystad-2093-swe-smhi,55.4167,13.8167,805,smhi,swe,1.4213574485384088
sjaellandsodde-sja-dnk-cmems,55.975,11.3722,806,cmems,dnk,1.422884304068767
cambridge-8571892-usa-noaa,38.5725,-76.0617,807,noaa,usa,1.4251895648531934
port_stanvac-100a-aus-uhslc,-35.108,138.467,808,uhslc,aus,1.4269769387428348
long_sault_ontario-14800-can-meds,45.03,-74.89,809,meds,can,1.431161964749197
kure-hd13-jpn-jodc_jcg,34.2405,132.5503,810,jodc_jcg,jpn,1.43502899462884
contrecoeur_ioc-15780-can-meds,45.83,-73.28,811,meds,can,1.4355591229466274
bar_point_ontario-12005-can-meds,42.06,-83.11,812,meds,can,1.436762891004808
pascagoula_noaa_lab-8741533-usa-noaa,30.3678,-88.5631,813,noaa,usa,1.4369973544534456
portpatrick-por-gbr-cmems,54.8424,-5.1189,814,cmems,gbr,1.4387086444515595
chesapeake_city-8573927-usa-noaa,39.5267,-75.81,815,noaa,usa,1.440770418749229
baie_comeau-2840-can-meds,49.23,-68.13,816,meds,can,1.4423641060601158
ilha_fiscal_rj-280a-bra-uhslc,-22.897,-43.165,817,uhslc,bra,1.4457038645626823
wilmington_nc-750a-usa-uhslc,34.227,-77.953,818,uhslc,usa,1.445732152583009
greifswald_wiek-gre-deu-bfg,54.0977,13.4572,819,bfg,deu,1.4458223285534628
warnemunde-war-deu-bfg,54.1697,12.1034,820,bfg,deu,1.456653487277933
beaufort-8656483-usa-noaa,34.72,-76.67,821,noaa,usa,1.4597464912128275
wyndham-165a-aus-uhslc,-15.453,128.102,822,uhslc,aus,1.4625211541928889
becancour-3353-can-meds,46.4,-72.38,823,meds,can,1.4632633869868144
hornbaek-hor-dnk-cmems,56.1,12.4667,824,cmems,dnk,1.46535758564769
st_petersburg_fl-759a-usa-uhslc,27.76,-82.627,825,uhslc,usa,1.4655464310483624
oulu-oul-fin-cmems,65.0403,25.4182,826,cmems,fin,1.4668392466868656
fynshav-fyn-dnk-cmems,55.0,9.9833,827,cmems,dnk,1.467211588616739
hong_kong-329a-hkg-uhslc,22.3,114.2,828,uhslc,hkg,1.4681544621995823
spodsbjerg-spo-dnk-cmems,54.9333,10.8333,829,cmems,dnk,1.4723055900951036
narvik-nvk-nor-nhs,68.4283,17.4258,830,nhs,nor,1.472570874358224
champlain-3350-can-meds,46.44,-72.34,831,meds,can,1.4800749818974666
port_lincoln-61900-aus-bom,-34.7159,135.8701,832,bom,aus,1.4828148415884372
leith-lei-gbr-bodc,55.9898,-3.1817,833,bodc,gbr,1.4848985898331202
wake-051a-usa-uhslc,19.283,166.617,834,uhslc,usa,1.4924278698984612
osaka-ma30-jpn-jodc_jma,34.6581,135.4328,835,jodc_jma,jpn,1.4926532016758265
i_295_bridge-8720357-usa-noaa,30.1917,-81.6917,836,noaa,usa,1.493126612916086
kronstadt-kro-rus-cmems,59.9667,29.75,837,cmems,rus,1.495038474041258
minamitorishima-049a-jpn-uhslc,24.3,153.967,838,uhslc,jpn,1.4972752552048358
gatineau-16105-can-meds,45.43,-75.71,839,meds,can,1.497280218715909
vaca_key-8723970-usa-noaa,24.711,-81.1065,840,noaa,usa,1.500855969145241
crescent_city_ca-556a-usa-uhslc,41.745,-124.183,841,uhslc,usa,1.5023261285877791
stenungsund-2110-swe-smhi,58.0933,11.8325,842,smhi,swe,1.503998624459585
fort_hamilton_new_york_1-8517942-usa-da_sat,40.6067,-74.035,843,da_sat,usa,1.506870692887602
skagway-9452400-usa-noaa,59.4508,-135.328,844,noaa,usa,1.5075762591166744
atlantic_city-8534720-usa-noaa,39.3567,-74.4181,845,noaa,usa,1.5079092917482977
bilbao-bil-esp-cmems,43.357,-3.05,846,cmems,esp,1.510299759595242
bagenkop-bag-dnk-cmems,54.7528,10.6778,847,cmems,dnk,1.5115788413660376
koserow-kos-deu-cmems,54.0603,14.0008,848,cmems,deu,1.511895624129892
varennes-15660-can-meds,45.68,-73.44,849,meds,can,1.512300927286597
port_dover_ontario-12710-can-meds,42.78,-80.2,850,meds,can,1.51238776752936
money_point-8639348-usa-noaa,36.7783,-76.3017,851,noaa,usa,1.5157142929983838
progreso-402-mex-unam,21.3033,-89.6667,852,unam,mex,1.5171179193642923
oscarsborg-osc-nor-nhs,59.6781,10.6049,853,nhs,nor,1.5242896392170182
springmaid_pier-8661070-usa-noaa,33.655,-78.9183,854,noaa,usa,1.5256917321090648
galway_port-gal-irl-mi_c,53.269,-9.048,855,mi_c,irl,1.5275950421063706
misumi-ma46-jpn-jodc_jma,32.623,130.4514,856,jodc_jma,jpn,1.5290982453669968
queen_charlotte_city-9850-can-meds,53.25,-132.07,857,meds,can,1.5324881091505955
lower_escuminac-2000-can-meds,47.08,-64.88,858,meds,can,1.5335308642181154
ketchikan_ak-571a-usa-uhslc,55.333,-131.625,859,uhslc,usa,1.533965772706213
cananeia-281a-bra-uhslc,-25.017,-47.925,860,uhslc,bra,1.5375732736117484
aarhus-aar-dnk-cmems,56.15,10.2167,861,cmems,dnk,1.539487580537544
brest-822a-fra-uhslc,48.383,-4.495,862,uhslc,fra,1.54802445585687
tokuyama-hd15-jpn-jodc_jcg,34.0408,131.8028,863,jodc_jcg,jpn,1.5495049845418505
port_hedland-169a-aus-uhslc,-20.318,118.575,864,uhslc,aus,1.550725131352451
gedser-837a-dnk-uhslc,54.567,11.933,865,uhslc,dnk,1.551999292479446
nakatoshima-hd30-jpn-jodc_jcg,34.118,133.0011,866,jodc_jcg,jpn,1.556513542271807
dordrecht-dordt-nld-rws,51.8195,4.6707,867,rws,nld,1.5582895292420949
kemi_ajos-100539-fin-fmi,65.67,24.52,868,fmi,fin,1.558733622145725
arrecife-arre-esp-ieo,28.9718,-13.53,869,ieo,esp,1.5685842902986291
san_joaquin_r_at_prisoners_pt_near_termino-pri-usa-cdwr,38.0594,-121.5572,870,cdwr,usa,1.569451888707381
devonport-60930-aus-bom,-41.15,146.3833,871,bom,aus,1.574015797484155
south_beach-9435380-usa-noaa,44.6254,-124.0449,872,noaa,usa,1.575064752062698
thevenard-128a-aus-uhslc,-32.15,133.64,873,uhslc,aus,1.5768981485659952
donges_60minute-don-fra-cmems,47.3057,-2.0883,874,cmems,fra,1.5804147061200764
heimsjo-hei-nor-nhs,63.4252,9.1015,875,nhs,nor,1.5808137599655216
kingsville_ontario-12065-can-meds,42.03,-82.73,876,meds,can,1.5830632526411417
pointe_aux_trembles-15630-can-meds,45.63,-73.49,877,meds,can,1.5835482463732031
rodby-rod-dnk-cmems,54.65,11.35,878,cmems,dnk,1.5870759696991206
naples_fl-757a-usa-uhslc,26.13,-81.807,879,uhslc,usa,1.5873622129213552
mumbles-mum-gbr-bodc,51.57,-3.9755,880,bodc,gbr,1.5918095497333091
newport_ri-253a-usa-uhslc,41.505,-71.327,881,uhslc,usa,1.5920308115156
lewes-8557380-usa-noaa,38.7828,-75.1192,882,noaa,usa,1.5934740875314497
crotone-cro-ita-ispra,39.0836,17.1371,883,ispra,ita,1.595021547059165
millport-mil-gbr-bodc,55.7498,-4.9063,884,bodc,gbr,1.6061978033140545
annapolis-8575512-usa-noaa,38.9833,-76.4816,885,noaa,usa,1.6082953891243508
nagoya-ma22-jpn-jodc_jma,35.0914,136.8808,886,jodc_jma,jpn,1.609515938722823
national_steel-nsl-usa-cdwr,38.1221,-121.8881,887,cdwr,usa,1.6105599074200616
pointe_au_pere-2980-can-meds,48.52,-68.47,888,meds,can,1.611588513115993
conimicut_light-8452944-usa-noaa,41.7167,-71.3433,889,noaa,usa,1.6148106668239206
trois_rivieres-3360-can-meds,46.34,-72.54,890,meds,can,1.6192196227984457
hiron_point-134a-bgd-uhslc,21.783,89.467,891,uhslc,bgd,1.6194059525970417
viken-vik-swe-cmems,56.1422,12.5792,892,cmems,swe,1.620841795239357
new_westminster_bc-7654-can-meds,49.2,-122.91,893,meds,can,1.625056775806947
oyster_landing_n_inlet_estuary-8662245-usa-noaa,33.3517,-79.1867,894,noaa,usa,1.6257616682211844
old_port_tampa-8726607-usa-noaa,27.8578,-82.5528,895,noaa,usa,1.631268858273334
port_adelaide_outer_harbor-61600-aus-bom,-34.7798,138.4807,896,bom,aus,1.6325894109120234
batiscan-3345-can-meds,46.5,-72.25,897,meds,can,1.6343762335101355
kielholtenau-kie-deu-cmems,54.3722,10.1569,898,cmems,deu,1.6370181837382305
port_adelaide_inner_harbor-61610-aus-bom,-34.85,138.5,899,bom,aus,1.6448002108308644
port_jefferson-8514560-usa-noaa,40.95,-73.0767,900,noaa,usa,1.6449780464512676
dieppe_60minute-die-fra-cmems,49.93,1.085,901,cmems,fra,1.6470722506871156
lavaltrie-15793-can-meds,45.88,-73.27,902,meds,can,1.6506197550935195
apalachicola_fl-760a-usa-uhslc,29.727,-84.982,903,uhslc,usa,1.651267978262353
kanmen-632a-chn-uhslc,28.088,121.282,904,uhslc,chn,1.6514602434375494
sasebo-hd19-jpn-jodc_jcg,33.1581,129.7239,905,jodc_jcg,jpn,1.651796740830856
charlottetown-1700-can-meds,46.23,-63.12,906,meds,can,1.6524743061476368
surabaya-160a-idn-uhslc,-7.208,112.725,907,uhslc,idn,1.6536810799109622
seavey_island-8419870-usa-noaa,43.0797,-70.7411,908,noaa,usa,1.6553001914090588
tampico_madero-406-mex-unam,22.2617,-97.795,909,unam,mex,1.656076283974438
delaware_city-8551762-usa-noaa,39.5817,-75.5883,910,noaa,usa,1.6596618544206336
port_saint_francois-3365-can-meds,46.27,-72.62,911,meds,can,1.6619749776414006
arklowharbour-ark-irl-cmems,52.792,-6.1452,912,cmems,irl,1.6662395606924023
port_alfred-3460-can-meds,48.33,-70.87,913,meds,can,1.6712599579997385
north_shields-nsh-gbr-bodc,55.0074,-1.4398,914,bodc,gbr,1.6727917363667264
saint_nazaire-37-fra-refmar,47.2669,-2.2016,915,refmar,fra,1.6740457204767614
coatzacoalcos-405-mex-unam,18.1433,-94.4117,916,unam,mex,1.674051021237546
toke_point-9440910-usa-noaa,46.7075,-123.9669,917,noaa,usa,1.674305807772858
reedy_point-8551910-usa-noaa,39.5583,-75.5733,918,noaa,usa,1.6760535187673222
green_bay_wi-9087079-usa-noaa,44.5411,-88.0072,919,noaa,usa,1.678598287510192
dauphin_island_al-763a-usa-uhslc,30.25,-88.075,920,uhslc,usa,1.6813980552934875
yakutat_ak-570a-usa-uhslc,59.548,-139.735,921,uhslc,usa,1.681438330211205
oslo-osl-nor-nhs,59.9086,10.7345,922,nhs,nor,1.6837101748117227
streefkerk-streefkk-nld-rws,51.9076,4.7513,923,rws,nld,1.684067013905676
grena-gre-dnk-cmems,56.4111,10.9306,924,cmems,dnk,1.6898279643215643
gibraltar_mi-9044020-usa-noaa,42.0917,-83.1867,925,noaa,usa,1.6930462733555582
woods_hole-8447930-usa-noaa,41.5236,-70.6711,926,noaa,usa,1.700488983507698
rodvig-rod-dnk-cmems,55.2542,12.3728,927,cmems,dnk,1.7032684513705747
goidschalxoord-goidsod-nld-rws,51.8303,4.4516,928,rws,nld,1.7089253903247774
havre_de_grace-8574070-usa-noaa,39.5367,-76.09,929,noaa,usa,1.7117804363823623
pilots_station_east-8760922-usa-noaa,28.9322,-89.4075,930,noaa,usa,1.7118216664635757
travemuende-tra-deu-cmems,53.9581,10.8722,931,cmems,deu,1.715717242056858
skanor-ska-swe-cmems,55.4167,12.8294,932,cmems,swe,1.7176485889703457
red_dog_dock-9491094-usa-noaa,67.5758,-164.0644,933,noaa,usa,1.7244208511324226
morgans_point-8770613-usa-noaa,29.6817,-94.985,934,noaa,usa,1.7270626287698263
stpetersburg-stp-rus-cmems,59.9333,30.2667,935,cmems,rus,1.7276244492641606
montauk-8510560-usa-noaa,41.0483,-71.9594,936,noaa,usa,1.7342070669077403
contrecoeur-15790-can-meds,45.86,-73.24,937,meds,can,1.742269706922796
pensacola_fl-762a-usa-uhslc,30.403,-87.213,938,uhslc,usa,1.7504871016544257
mtl_rue_frontenac-15540-can-meds,45.53,-73.54,939,meds,can,1.7520384386575438
cape_ferguson-h033007a-aus-bom,-19.27,147.05,940,bom,aus,1.756850658589013
st_lambert_aval-15507-can-meds,45.5,-73.52,941,meds,can,1.7602991090936453
xiamen-376a-chn-uhslc,24.45,118.067,942,uhslc,chn,1.7631332570756415
astoria_downtown-9439040-usa-da_sat,46.1901,-123.8292,943,da_sat,usa,1.763471896112648
elmshorn-78-deu-wsv,53.7502,9.6479,944,wsv,deu,1.7641940248596275
new_london_ct-744a-usa-uhslc,41.355,-72.087,945,uhslc,usa,1.7693023216064845
richards_bay-188a-zaf-uhslc,-28.8,32.083,946,uhslc,zaf,1.772093360284274
eastport_me-740a-usa-uhslc,44.903,-66.985,947,uhslc,usa,1.7729012598240963
lawma-8764227-usa-noaa,29.4496,-91.3381,948,noaa,usa,1.778605409390586
grondines-3325-can-meds,46.59,-72.04,949,meds,can,1.7836156730943753
sainte_anne_des_monts-2935-can-meds,49.13,-66.49,950,meds,can,1.7855975304093374
wallaroo-61780-aus-bom,-33.926,137.6152,951,bom,aus,1.7874140857675016
drogden-dro-dnk-cmems,55.5358,12.7117,952,cmems,dnk,1.787830168588569
settlement_point-257b-bhs-uhslc,26.69,-78.983,953,uhslc,bhs,1.790968188515888
lusi-633a-chn-uhslc,32.133,121.617,954,uhslc,chn,1.7911474015073243
workington-wor-gbr-cmems,54.65,-3.5667,955,cmems,gbr,1.797618460625401
deschaillons-3335-can-meds,46.56,-72.11,956,meds,can,1.8062652499806504
whitby-whi-gbr-bodc,54.49,-0.6147,957,bodc,gbr,1.8094993392891563
boutiliers_point-482-can-meds,44.65,-63.95,958,meds,can,1.8099813329608263
pauillac-192-fra-refmar,45.1997,-0.7442,959,refmar,fra,1.8112411237317236
tolchester_beach-8573364-usa-noaa,39.2134,-76.2445,960,noaa,usa,1.8112455312143816
bremervorde-71-deu-wsv,53.4841,9.1548,961,wsv,deu,1.8146474979415368
seldovia_ak-561a-usa-uhslc,59.44,-151.72,962,uhslc,usa,1.822325295490374
sewells_point-8638610-usa-noaa,36.9467,-76.33,963,noaa,usa,1.8490654294877
lehavre_60minute-leh-fra-cmems,49.4816,0.1056,964,cmems,fra,1.8502462510998088
charleston_sc-261b-usa-uhslc,32.782,-79.925,965,uhslc,usa,1.8537538256318864
dover-dov-gbr-bodc,51.1144,1.3225,966,bodc,gbr,1.8558093820054973
hesnaes-hes-dnk-cmems,54.8167,12.1333,967,cmems,dnk,1.861755292525044
cordemais_60minute-cor-fra-cmems,47.2772,-1.8898,968,cmems,fra,1.861801744717894
barmouth-bar-gbr-cmems,52.7167,-4.0333,969,cmems,gbr,1.864530456083726
goods_island-58200-aus-bom,-10.5639,142.1486,970,bom,aus,1.8663721017882324
oregon_inlet_marina-8652587-usa-noaa,35.795,-75.5481,971,noaa,usa,1.8717660042819984
longview-9440422-usa-noaa,46.1061,-122.9542,972,noaa,usa,1.876164802292221
oura-ma47-jpn-jodc_jma,32.9767,130.2206,973,jodc_jma,jpn,1.9046476412264048
philadelphia-8545240-usa-noaa,39.9333,-75.1417,974,noaa,usa,1.9109784717510685
ibis-ibs-usa-cdwr,38.157,-122.113,975,cdwr,usa,1.915633588227582
krimpen_ad_lek-krimpadlk-nld-rws,51.8907,4.6289,976,rws,nld,1.9369398443207475
vlietepolder-vlietpdr-nld-rws,51.5993,3.7518,977,rws,nld,1.9652152532896128
port_colborne_ontario-12865-can-meds,42.87,-79.25,978,meds,can,1.9893813937182383
haikou-638a-chn-uhslc,20.017,110.283,979,uhslc,chn,1.9920676967773852
baltimore-8574680-usa-noaa,39.2669,-76.5794,980,noaa,usa,1.9964259209715824
mckay_bay_entrance-8726667-usa-noaa,27.9133,-82.425,981,noaa,usa,2.004822717465637
charchanga-138a-bgd-uhslc,22.217,91.05,982,uhslc,bgd,2.0097529527204947
hinkley_point-hin-gbr-bodc,51.2152,-3.1345,983,bodc,gbr,2.0145360696624666
sturgeon_point_ny-9063028-usa-noaa,42.6913,-79.0473,984,noaa,usa,2.014731661593573
spijkenisse-spijknse-nld-rws,51.8617,4.334,985,rws,nld,2.0183418181338157
fernandina_beach-8720030-usa-noaa,30.6714,-81.4658,986,noaa,usa,2.0199654412829533
fahrenholz_up-79-deu-wsv,53.3603,10.3155,987,wsv,deu,2.0256182295175758
juelsminde-jue-dnk-cmems,55.7167,10.0167,988,cmems,dnk,2.0314809748851546
burghsluis-burghss-nld-rws,51.6758,3.7564,989,rws,nld,2.0387577832160746
marblehead_oh-9063079-usa-noaa,41.5436,-82.7314,990,noaa,usa,2.0394736532094218
lepellerin_60minute-lep-fra-cmems,47.2054,-1.7651,991,cmems,fra,2.0512019021886547
zhapo-635a-chn-uhslc,21.583,111.833,992,uhslc,chn,2.0576538561816906
fort_pulaski-8670870-usa-noaa,32.0367,-80.9017,993,noaa,usa,2.059075952981999
gouda_brug-goudbg-nld-rws,52.0068,4.7206,994,rws,nld,2.0681492790983618
karumba-63580-aus-bom,-17.4917,140.8333,995,bom,aus,2.073329698917856
krimpen_ad_ijssel-krimpadijsl-nld-rws,51.9165,4.5785,996,rws,nld,2.07992826265085
townsville-334a-aus-uhslc,-19.25,146.833,997,uhslc,aus,2.0950758897508037
breskens-bresks-nld-rws,51.3991,3.5646,998,rws,nld,2.0972690875284443
liverpool_gladstone_dock-liv-gbr-bodc,53.4497,-3.0181,999,bodc,gbr,2.100665697093424
cromer-cro-gbr-bodc,52.9342,1.3016,1000,bodc,gbr,2.112399312828801
point_tupper-576-can-meds,45.6,-61.37,1001,meds,can,2.1159308087435145
sunrise_club-snc-usa-cdwr,38.185,-122.083,1002,cdwr,usa,2.1175836725468136
newport-new-gbr-cmems,51.5496,-2.986,1003,cmems,gbr,2.118787006432921
vuren-vurn-nld-rws,51.8221,5.0165,1004,rws,nld,2.120497465078585
felixstowe-fel-gbr-cmems,51.9667,1.35,1005,cmems,gbr,2.1239455139127643
liberty_island_rd2068-lir-usa-cdwr,38.3293,-121.694,1006,cdwr,usa,2.1245449262612293
euro_platform-eurpfm-nld-rws,51.9986,3.2764,1007,rws,nld,2.127650598694125
nikiski-9455760-usa-noaa,60.6833,-151.3981,1008,noaa,usa,2.127917021659957
lowestoft-low-gbr-cmems,52.4667,1.75,1009,cmems,gbr,2.15173768789371
maassluis-maasss-nld-rws,51.9175,4.2498,1010,rws,nld,2.1530390280063125
madeira-715a-bra-uhslc,-2.565,-44.378,1011,uhslc,bra,2.1558946502925624
anchorage-9455920-usa-noaa,61.2375,-149.8904,1012,noaa,usa,2.156812102782133
hechthausen-83-deu-wsv,53.6405,9.2528,1013,wsv,deu,2.170194137496712
whyalla-61840-aus-bom,-33.0128,137.5904,1014,bom,aus,2.1716800611262284
churchill-274a-can-uhslc,58.767,-94.183,1015,uhslc,can,2.179345529157406
vlaardingen-vlaardgn-nld-rws,51.8996,4.349,1016,rws,nld,2.182378653687042
texel_noordzee-texnze-nld-rws,53.1206,4.7332,1017,rws,nld,2.185587311188669
portland_me-252a-usa-uhslc,43.657,-70.247,1018,uhslc,usa,2.1958578119463046
volanti-vol-usa-cdwr,38.181,-122.046,1019,cdwr,usa,2.199158525289082
zierikzee-zierze-nld-rws,51.6422,3.9108,1020,rws,nld,2.213732134384641
saint_joseph_de_la_rive-3057-can-meds,47.45,-70.37,1021,meds,can,2.214078696826589
broome-166a-aus-uhslc,-18.002,122.218,1022,uhslc,aus,2.224709458818782
noordwijk_meetpost-noordwmpt-nld-rws,52.2739,4.2961,1023,rws,nld,2.225862742769829
calais-55-fra-refmar,50.9694,1.8677,1024,refmar,fra,2.235788648972965
hiroshima-hd14-jpn-jodc_jcg,34.3531,132.4647,1025,jodc_jcg,jpn,2.26397199177889
shediac_bay-1805-can-meds,46.23,-64.55,1026,meds,can,2.2679544686242603
hoek_van_holland-hoekvhld-nld-rws,51.9776,4.1199,1027,rws,nld,2.2719514687946765
geulhaven-geulhvn-nld-rws,51.8886,4.3138,1028,rws,nld,2.2775882153159386
terschelling_noordzee-terslnze-nld-rws,53.4425,5.333,1029,rws,nld,2.278305497698864
westkapelle-westkple-nld-rws,51.5214,3.44,1030,rws,nld,2.2795063256809365
dunkerque-2-fra-refmar,51.0481,2.3667,1031,refmar,fra,2.290287526463382
lichteiland_goeree-lichtelgre-nld-rws,51.9258,3.6697,1032,rws,nld,2.302748993663012
roompot_binnen-roompbnn-nld-rws,51.6191,3.6864,1033,rws,nld,2.3051494908110746
kats_buiten-katsbtn-nld-rws,51.5439,3.8654,1034,rws,nld,2.3073764743525484
cardwell-h035012a-aus-bom,-18.25,146.03,1035,bom,aus,2.309005519226489
krammer-krammr-nld-rws,51.6663,4.0954,1036,rws,nld,2.3128429411051368
sacramento_r_at_snodgrass-sgx-usa-cdwr,38.3497,-121.5336,1037,cdwr,usa,2.3148107566980825
deal_pier-dlp-gbr-cco,51.2238,1.4092,1038,cco,gbr,2.3211454345065268
st_helens-9439201-usa-noaa,45.8633,-122.7962,1039,noaa,usa,2.3254639757668176
buffalo_ny-9063020-usa-noaa,42.8774,-78.8905,1040,noaa,usa,2.3682398341465443
galveston_ppier-767a-usa-uhslc,29.287,-94.79,1041,uhslc,usa,2.372017924195039
port_manatee-8726384-usa-noaa,27.6383,-82.5625,1042,noaa,usa,2.373431518478061
providence-8454000-usa-noaa,41.8071,-71.4012,1043,noaa,usa,2.3796609614311213
haringvliet_10-harvt10-nld-rws,51.8631,3.8608,1044,rws,nld,2.3850851879422152
immingham-imm-gbr-bodc,53.6304,-0.1875,1045,bodc,gbr,2.388192894367116
portneuf-3300-can-meds,46.68,-71.88,1046,meds,can,2.38916441399788
heysham-hey-gbr-bodc,54.0318,-2.9202,1047,bodc,gbr,2.3923240873820304
stavenisse-stavnse-nld-rws,51.5954,4.006,1048,rws,nld,2.393970038364758
vlieland_haven-vlielhvn-nld-rws,53.2961,5.0915,1049,rws,nld,2.4018443845907917
sheerness-she-gbr-bodc,51.4456,0.7434,1050,bodc,gbr,2.4169818006264308
esmeraldas-098a-ecu-uhslc,0.992,-79.647,1051,uhslc,ecu,2.4208141135508456
sandy_hook-8531680-usa-noaa,40.4669,-74.0094,1052,noaa,usa,2.429074246373221
west_terschelling-westtslg-nld-rws,53.363,5.22,1053,rws,nld,2.4319190805594477
wierumergronden-wiermgdn-nld-rws,53.5158,5.9583,1054,rws,nld,2.438546907241466
fermi_power_plant_mi-9063090-usa-noaa,41.96,-83.257,1055,noaa,usa,2.4428115313103427
petten_zuid-pettzd-nld-rws,52.7727,4.6497,1056,rws,nld,2.4501356297518995
uetersen-100-deu-wsv,53.6783,9.6773,1057,wsv,deu,2.455240566448667
den_helder-denhdr-nld-rws,52.9644,4.745,1058,rws,nld,2.4596977508198505
bergen_point_west_reach-8519483-usa-noaa,40.6391,-74.1463,1059,noaa,usa,2.466732759949717
vung_tau-383a-vnm-uhslc,10.34,107.072,1060,uhslc,vnm,2.469257347322777
ijmuiden_buitenhaven-ijmdbthvn-nld-rws,52.4623,4.5548,1061,rws,nld,2.4812461054932458
cadzand-cadzd-nld-rws,51.3793,3.3763,1062,rws,nld,2.488313249602768
oudeschild-oudsd-nld-rws,53.0388,4.8502,1063,rws,nld,2.49689881485332
scheveningen-schevngn-nld-rws,52.099,4.2636,1064,rws,nld,2.499715422057547
krammersluizen_west-krammszwt-nld-rws,51.6593,4.1443,1065,rws,nld,2.504392595608379
ilfracombe-ilf-gbr-bodc,51.2111,-4.1124,1066,bodc,gbr,2.51552728409827
galveston_pier_21-775a-usa-uhslc,29.31,-94.793,1067,uhslc,usa,2.554140264442112
vancouver-9440083-usa-noaa,45.6317,-122.697,1068,noaa,usa,2.567809116845343
new_haven-8465705-usa-noaa,41.2833,-72.9083,1069,noaa,usa,2.569314646607725
bergse_diepsluis_west-bergsdswt-nld-rws,51.5113,4.1657,1070,rws,nld,2.5809747920529187
the_battery-8518750-usa-noaa,40.7006,-74.0142,1071,noaa,usa,2.5864842351020547
monroe_mi-9063087-usa-noaa,41.8983,-83.3617,1072,noaa,usa,2.592469046830378
bundaberg_burnett_heads-59820-aus-bom,-24.7667,152.3833,1073,bom,aus,2.5963443409287885
helgoland-84-deu-wsv,54.1789,7.8899,1074,wsv,deu,2.598647415177004
huibertgat-huibgt-nld-rws,53.5737,6.3984,1075,rws,nld,2.60930064701725
rough_and_ready_island-rri-usa-cdwr,37.963,-121.365,1076,cdwr,usa,2.62065898416896
haringvlietsluizen_buiten-harvszbtn-nld-rws,51.8292,4.0448,1077,rws,nld,2.6356464833768967
mackay_outer_harbour-59510-aus-bom,-21.1167,149.2333,1078,bom,aus,2.639435110836404
newbold-8548989-usa-noaa,40.1373,-74.7519,1079,noaa,usa,2.6426431854612846
toledo_oh-9063085-usa-noaa,41.6936,-83.4723,1080,noaa,usa,2.659358957580261
hansweert-hanswt-nld-rws,51.4456,4.007,1081,rws,nld,2.6639697881893576
neuville-3280-can-meds,46.7,-71.57,1082,meds,can,2.684316035654932
saint_john-65-can-meds,45.25,-66.06,1083,meds,can,2.685627702698449
eagle_point-8771013-usa-noaa,29.48,-94.9183,1084,noaa,usa,2.6920347645907734
itzehoe-87-deu-wsv,53.9212,9.5014,1085,wsv,deu,2.69834823202126
bay_waveland_yacht_club-8747437-usa-noaa,30.325,-89.325,1086,noaa,usa,2.714623725612898
bridgeport-8467150-usa-noaa,41.1733,-73.1817,1087,noaa,usa,2.7255492470125118
hagestein_beneden-hagsbndn-nld-rws,51.9933,5.1321,1088,rws,nld,2.744404446764998
willets_point-8516990-usa-noaa,40.7933,-73.7817,1089,noaa,usa,2.753303887742083
nome_ak-595a-usa-uhslc,64.5,-165.43,1090,uhslc,usa,2.77582823887544
kornwerderzand_buiten-kornwdzbtn-nld-rws,53.0699,5.3366,1091,rws,nld,2.7777996816994346
calcasieu_pass-8768094-usa-noaa,29.7682,-93.3429,1092,noaa,usa,2.778704950566314
mokelumne_r_at_bensons_ferry_nr_thorton-ben-usa-cdwr,38.2551,-121.4401,1093,cdwr,usa,2.782915069324001
malin_head-834a-irl-uhslc,55.367,-7.333,1094,uhslc,irl,2.7920502233678106
cedar_key-8727520-usa-noaa,29.135,-83.0317,1095,noaa,usa,2.797747347023603
puerto_armuelles-304b-pan-uhslc,8.273,-82.86,1096,uhslc,pan,2.812126824368178
saint_francois_io-3100-can-meds,47.0,-70.81,1097,meds,can,2.8316899528461685
kreekrak_noord-kreekrnd-nld-rws,51.45,4.2298,1098,rws,nld,2.8344290072265994
rak_zuid-rakzd-nld-rws,51.6824,4.3974,1099,rws,nld,2.8352716983346733
terneuzen-ternzn-nld-rws,51.3362,3.8198,1100,rws,nld,2.8358107755946107
brouwershavensche_gat_08-brouwhvsgt08-nld-rws,51.7508,3.8115,1101,rws,nld,2.8360630357474483
leuchtturm_alte_wese-4094-deu-wsv,53.8633,8.1276,1102,wsv,deu,2.846139836423879
nes-nes-nld-rws,53.4299,5.7589,1103,rws,nld,2.882070834781701
nantes_usine_brulee-399-fra-refmar,47.1934,-1.6337,1104,refmar,fra,2.892975316358304
port_pirie-61800-aus-bom,-33.1776,138.0117,1105,bom,aus,2.933133681801097
borkum_fischerbalje-bor-deu-bfg,53.5574,6.7478,1106,bfg,deu,2.939353318796069
schiermonnikoog-schiermnog-nld-rws,53.4689,6.2029,1107,rws,nld,2.9737060345898683
holwerd-holwd-nld-rws,53.3954,5.8766,1108,rws,nld,2.981933188065044
blacklock_ne1-bll-usa-cdwr,38.1801,-121.9069,1109,cdwr,usa,2.9844860992485818
harlingen-harlgn-nld-rws,53.1756,5.4093,1110,rws,nld,2.989438272216208
bake_a-3611-deu-wsv,53.9844,8.3151,1111,wsv,deu,3.00688200579999
bath-bath-nld-rws,51.3991,4.21,1112,rws,nld,3.018303898323048
avonmouth-avo-gbr-cmems,51.5071,-2.7114,1113,cmems,gbr,3.032289935236184
tumaco-303a-col-uhslc,1.817,-78.73,1114,uhslc,col,3.041477246305916
washington-8594900-usa-noaa,38.873,-77.0217,1115,noaa,usa,3.0576334270341654
stor_sperrwerk_bp-99-deu-wsv,53.8261,9.4014,1116,wsv,deu,3.057953347528398
sabine_pass_north-8770570-usa-noaa,29.7284,-93.8701,1117,noaa,usa,3.108288874097749
lauwersoog-lauwog-nld-rws,53.4087,6.197,1118,rws,nld,3.128666098763456
philadelphia_pier_11_north-8545530-usa-noaa,39.9533,-75.1383,1119,noaa,usa,3.135488947993518
eemshaven-eemshvn-nld-rws,53.4487,6.8284,1120,rws,nld,3.146208930747099
dwarsgat-4100-deu-wsv,53.7187,8.3076,1121,wsv,deu,3.156367616020781
lauzon-3250-can-meds,46.83,-71.16,1122,meds,can,3.1967622294456355
beldon_landing-bdl-usa-cdwr,38.1869,-121.9708,1123,cdwr,usa,3.294224402652688
herne_bay-hby-gbr-cco,51.382,1.1155,1124,cco,gbr,3.29484500857982
bake_c_scharhorn-3905-deu-wsv,53.9699,8.468,1125,wsv,deu,3.318732134864854
la_push-9442396-usa-noaa,47.913,-124.6369,1126,noaa,usa,3.3253146499682247
pinnau_sperrwerk_bp-95-deu-wsv,53.6712,9.558,1127,wsv,deu,3.341490531681205
cuxhaven_steubenhoft-77-deu-wsv,53.8677,8.7174,1128,wsv,deu,3.3695308338373136
kruckau_sperrwerk_bp-90-deu-wsv,53.7164,9.5262,1129,wsv,deu,3.418080044411953
delfzijl-delfzl-nld-rws,53.3264,6.9331,1130,rws,nld,3.4798231442873018
robbensudsteert-4110-deu-wsv,53.6392,8.4452,1131,wsv,deu,3.5311076257538403
bryte_lab-byl-usa-cdwr,38.6001,-121.5395,1132,cdwr,usa,3.541454204031382
cherry_point-9449424-usa-noaa,48.8633,-122.758,1133,noaa,usa,3.583124655598009
kings_point-8516945-usa-noaa,40.8103,-73.765,1134,noaa,usa,3.613666985502234
brunsbuttel_mole_4_pegel-73-deu-wsv,53.8875,9.1258,1135,wsv,deu,3.615572232291343
montreal_jetee_1-15520-can-meds,45.5,-73.55,1136,meds,can,3.6361044606445967
osteriff-92-deu-wsv,53.8552,9.0296,1137,wsv,deu,3.711867018185068
nieuwe_statenzijl-nieuwstzl-nld-rws,53.2316,7.2074,1138,rws,nld,3.73971496737665
martinez-mrz-usa-cdwr,38.0276,-122.1405,1139,cdwr,usa,3.792301659284522
esbjerg-esb-dnk-dmi,55.4667,8.4333,1140,dmi,dnk,3.7996565431816913
brokdorf-72-deu-wsv,53.8627,9.316,1141,wsv,deu,3.822291587217879
brake-4096-deu-wsv,53.2953,8.4853,1142,wsv,deu,3.872173444361741
gluckstadt-80-deu-wsv,53.7844,9.4094,1143,wsv,deu,3.90978250100528
krautsand-89-deu-wsv,53.754,9.3908,1144,wsv,deu,3.910119219263679
buenaventura-085a-col-uhslc,3.89,-77.062,1145,uhslc,col,3.941669758178791
belum-1263-deu-wsv,53.8228,9.0371,1146,wsv,deu,3.943120037952948
rechtenfleth-4108-deu-wsv,53.3812,8.5006,1147,wsv,deu,3.954082054622836
elsfleth-4102-deu-wsv,53.264,8.4814,1148,wsv,deu,3.974355997748928
kollmar-88-deu-wsv,53.732,9.4608,1149,wsv,deu,3.9909835035607335
bhv_alter_leuchtturm-4098-deu-wsv,53.545,8.5682,1150,wsv,deu,4.026441237874487
nordenham-4106-deu-wsv,53.4645,8.488,1151,wsv,deu,4.058790169487537
wehr_geesthacht_up-101-deu-wsv,53.4233,10.3348,1152,wsv,deu,4.090046931941259
farge-4104-deu-wsv,53.2047,8.5102,1153,wsv,deu,4.119653476639881
buenos_aires-285a-arg-uhslc,-34.667,-58.5,1154,uhslc,arg,4.1307478067678725
stadersand-98-deu-wsv,53.6296,9.5267,1155,wsv,deu,4.212101121685291
grauerort-81-deu-wsv,53.6779,9.4949,1156,wsv,deu,4.235910516173958
zollenspieker-102-deu-wsv,53.3987,10.1854,1157,wsv,deu,4.241594203893755
hetlingen-4876-deu-wsv,53.6094,9.5843,1158,wsv,deu,4.277042620753229
luhort-91-deu-wsv,53.5714,9.6337,1159,wsv,deu,4.307957937253693
vegesack-4112-deu-wsv,53.1694,8.6195,1160,wsv,deu,4.332571680503747
oslebshausen-4883-deu-wsv,53.1198,8.7122,1161,wsv,deu,4.42576127884745
over-94-deu-wsv,53.4287,10.1011,1162,wsv,deu,4.46026809008603
schulau-96-deu-wsv,53.5685,9.7033,1163,wsv,deu,4.477501193137232
seemannshoft_pegel_hpa-3345-deu-wsv,53.5401,9.8808,1164,wsv,deu,4.660848525506057
harburg-3341-deu-wsv,53.4727,9.9918,1165,wsv,deu,4.683044676801603
dublin_port-dub-irl-mi_c,53.3457,-6.2217,1166,mi_c,irl,4.690142171464492
schopfstelle_pegel_hpa-3343-deu-wsv,53.5084,10.0616,1167,wsv,deu,4.720279843563734
cranz-76-deu-wsv,53.5358,9.7915,1168,wsv,deu,4.765449236197469
