iso3,country,status,agency,system,since,source_url,notes
USA,United States,national,NOAA National Weather Service / National Hurricane Center,P-Surge (SLOSH ensemble); Storm Surge Watch/Warning; Potential Storm Surge Flooding Map,2017,https://www.nhc.noaa.gov/news/20170309_pa_2017SeasonChanges.pdf,"NHC: 'Beginning with the 2017 hurricane season, the NWS will issue storm surge watches and warnings'; primary guidance P-Surge (SLOSH ensemble); inundation map operational since 2016."
CAN,Canada,national,Environment and Climate Change Canada (MSC; Canadian Hurricane Centre),"Regional Ensemble Storm Surge Prediction System (RESPS, DalCoast model)",2019,https://app.geo.ca/en-ca/map-browser/record/2c2cadd7-5248-4764-bf88-5042b73465c3,ECCC/MSC RESPS runs DalCoast (linearized POM) forced by GEPS winds/pressure for the east coast; operational since 2019-07-03; Canadian Hurricane Centre bulletins include storm surge.
MEX,Mexico,national,SMN-CONAGUA with UNAM Centro de Ciencias de la Atmosfera,SIPROMAT (WRF + ADCIRC storm surge + WaveWatch III),,https://smn.conagua.gob.mx/tools/GUI/modelos/sipromat/index.php,"SMN page: SIPROMAT runs WRF, ADCIRC (marea de tormenta) and WWIII operationally twice daily to 72 h; sea-level anomaly maps for Pacific and Gulf plus time series at 23 coastal sites."
CUB,Cuba,national,"Instituto de Meteorologia (INSMET), Centro de Pronosticos / Centro de Meteorologia Marina",INSMET hurricane coastal-flooding forecast combining numerical models (MODSUR surge model),,http://rcm.insmet.cu/index.php/rcm/article/view/460/635,INSMET journal paper describes hurricane coastal-flood forecast combining numerical models (MODSUR); INSMET issued own surge heights (5 to 7 m) for Rafael 2024. .cu sites unreachable from sandbox.
DOM,Dominican Republic,regional_only,via RSMC Miami / NOAA NHC (products used by ONAMET),CIFDP-Caribbean: NHC pre-computed SLOSH surge scenarios with wave overlay for Hispaniola,2019,https://wmo.int/media/magazine-article/early-warnings-of-coastal-inundation,CIFDP-C completed Dec 2018 and operational for the 2019 season; NHC/RSMC Miami 'provided the leading technical contributions' (SLOSH scenario database); no ONAMET-run surge model found.
HTI,Haiti,regional_only,via RSMC Miami / NOAA NHC (CIFDP-Caribbean products),CIFDP-Caribbean SLOSH scenario products for Hispaniola,2019,https://wmo.int/media/magazine-article/early-warnings-of-coastal-inundation,"WMO Bulletin: Haiti 'was included in the efforts and various meetings, so its experts could also make informed use of products to issue warnings'; no national surge model or service found."
JAM,Jamaica,regional_only,via RSMC Miami (NHC); Meteorological Service of Jamaica relays,,,https://www.nhc.noaa.gov/archive/2025/al13/al132025.public.019.shtml,NHC Melissa advisory 19 (25 Oct 2025) gave Jamaica peak surge 9 to 13 ft; NHC hazard maps cover Jamaica; Met Service keeps close communication with NHC; no national surge model found.
BHS,Bahamas,national,Bahamas Department of Meteorology,TELEMAC-2D hurricane surge and inundation model (HR Wallingford),,https://eprints.hrwallingford.com/1644/,"Grey, Turnbull and Simmons (JFRM 2025): TELEMAC-2D is used by the Bahamas Department of Meteorology to forecast storm surge and flooding over Grand Bahama and Eleuthera for incoming hurricanes."
BLZ,Belize,regional_only,via RSMC Miami (NHC); National Meteorological Service of Belize,,,https://www.nhc.noaa.gov/surge/international/,"NHC international surge hazard maps include Belize; NMS Belize lists general, marine and flood forecasts but no surge product; NOAA/NHC-UCAR surge modelling training for NMS held 14-16 Apr 2026."
HND,Honduras,regional_only,via RSMC Miami (NHC); CENAOS-COPECO relays,,,https://www.nhc.noaa.gov/archive/2024/al19/al192024.public.005.shtml,"NHC TS Sara advisory 5 (14 Nov 2024): surge 1 to 3 ft above normal along northern Honduras; COPECO relayed the same figures; CENAOS lists daily, extended and seasonal forecasts, no surge product."
NIC,Nicaragua,regional_only,via RSMC Miami (NHC); INETER,,,https://www.nhc.noaa.gov/archive/2020/al31/al312020.public.014.shtml,NHC Iota advisory 14 (16 Nov 2020): life-threatening surge 15 to 20 ft along Nicaragua and Honduras coasts; INETER publishes weather and tide forecasts; no national surge model found.
GTM,Guatemala,none_found,INSIVUMEH (Departamento de Oceanografia),,,https://insivumeh.gob.gt/oceanografia-pronosticos/,"no storm-surge product found (searched: INSIVUMEH marea de tormenta/marejada; oceanografia page lists tide, wave, SST, salinity, wind only); tide-gauge anomaly 0.29 m monitored in TS Cristina 2026."
SLV,El Salvador,none_found,"MARN, Servicio Oceanografico Nacional (SNET)",,,https://www.snet.gob.sv/ver/oceanografia,"no storm-surge product found (searched: MARN marea de tormenta/marejada/inundacion costera); MARN issues weekly WaveWatch III wave forecasts, tide calendar and mareas vivas (spring tide) alerts only."
CRI,Costa Rica,none_found,"IMN; MIO-CIMAR (Universidad de Costa Rica, official oceanographic entity of CNE)",,,https://marine.copernicus.eu/services/use-cases/coastal-marine-safety-costa-rica,"no storm-surge product found (searched: IMN/MIO-CIMAR marea de tormenta/nivel del mar); MIO-CIMAR issues 6-hourly wind, wave, SST and current forecasts with alerts, no sea-level or surge component."
PAN,Panama,none_found,IMHPA; SINAPROC,,,https://www.sinaproc.gob.pa/aviso-de-prevencion-mareas-maximas-en-el-pacifico-panameno-3/,no storm-surge product found (searched: IMHPA marea de tormenta/inundacion costera); SINAPROC/IMHPA issue mareas maximas (spring tide) and swell avisos noting coastal flooding risk; borderline.
COL,Colombia,national,DIMAR / CIOH (Servicio Meteorologico Marino Nacional) with IDEAM,coastal-flooding probability forecast model (announced 2025); SIPSEM marine forecast system,2025,https://www.dimar.mil.co/inicia-temporada-de-ciclones-tropicales-en-colombia,DIMAR portal (31 May 2025): por primera vez se implementara un modelo de pronosticos para advertir la probabilidad de inundaciones costeras; CIOH runs SIPSEM; no public product page located.
VEN,Venezuela,none_found,INAMEH,,,https://lapatilla.com/2026/07/06/inameh-preve-fuertes-marejadas-en-algunas-costas-de-venezuela-este-6jul/,no storm-surge product found (searched: INAMEH marea de tormenta/marejada/inundacion costera); INAMEH marine forecasts give wave heights (marejadas) only; inameh.gob.ve unreachable (TLS).
GUY,Guyana,none_found,"Hydrometeorological Service, Ministry of Agriculture",,,https://hydromet.gov.gy/wp-content/uploads/2024/01/Weather-Brief-June-10-2026.pdf,"no storm-surge product found (searched: Guyana hydromet storm surge/spring tide/coastal flooding); daily brief carries tide table, Spring Tide Advisory on overtopping risk and sea state; borderline."
SUR,Suriname,none_found,Meteorologische Dienst Suriname (MDS),,,https://hydromet.sr/mds/,"no storm-surge product found (searched: MDS storm surge/springvloed/coastal flooding); MDS lists marine forecasts of waves, currents, tides and wind, no surge or coastal-flood warning."
BRA,Brazil,none_found,"Marinha do Brasil, Centro de Hidrografia da Marinha (CHM)",Aviso de Ressaca (waves >2.5 m at the coast) and Avisos de Mau Tempo (wind/wave based),,https://www.gov.br/pt-br/servicos/obter-servicos-e-produtos-de-cartografia-e-meteorologia-marinha,Navy SMM/CHM issues 'Aviso de Ressaca' when waves reaching the coast exceed 2.5 m plus bad-weather warnings; no storm-surge / meteorological-tide (mare meteorologica) forecast product found.
URY,Uruguay,none_found,INUMET; SOHMA (Armada Nacional),,,https://sohma.armada.mil.uy/index.php/servicios/informacion-mareografica,no national surge product found (searched: INUMET/SOHMA marea meteorologica/inundaciones costeras); SOHMA tide predictions exclude meteorological effects; UdelaR PronUy_RPFM prototype since 2021.
ARG,Argentina,national,"Servicio de Hidrografia Naval (SHN), Centro de Prevencion de Crecidas, with SMN",Modelo de Altura Total del Agua (2D hydrodynamic tide plus surge) and Avisos y Alertas Mareologicos Rio de la Plata,,https://www.hidro.gov.ar/oceanografia/AACRIOPLA.asp,SHN runs a 2D tide-plus-meteorological-surge model forced 6-hourly by Armada winds and issues Avisos/Alertas Mareologicos (5 Sep 2026 notice: 1.10 m above tide tables in inner Rio de la Plata).
CHL,Chile,none_found,SHOA; Servicio Meteorologico de la Armada (Directemar),,,https://www.armada.cl/avisosmeteorologicos,no storm-surge product found (searched: SHOA/Armada marea de tormenta/marea meteorologica); Armada issues aviso de marejadas (swell) warnings and SHOA tide and tsunami products only.
PER,Peru,none_found,"Direccion de Hidrografia y Navegacion (DHN), Marina de Guerra",,,https://www.dhn.mil.pe/,"no storm-surge product found (searched: DHN oleaje anomalo/marea meteorologica/inundacion costera); DHN issues aviso especial de oleaje (anomalous swell), tide tables and tsunami (CNAT) products."
ECU,Ecuador,none_found,INOCAR (Armada del Ecuador); INAMHI,,,https://www.inocar.mil.ec/,"no storm-surge product found (searched: INOCAR aguaje/oleaje/marea meteorologica); INOCAR issues tide tables, aguaje (spring tide) calendar, oleaje y aguaje bulletins and tsunami alerts only."
GBR,United Kingdom,national,"UK Coastal Monitoring and Forecasting (UKCMF) partnership led by the Environment Agency: Met Office, Flood Forecasting Centre, National Oceanography Centre",NOC tide-surge model run at the Met Office (NEMO AMM7 since 2021; formerly POLCS3),1978,https://ntslf.org/storm-surges/surge-model,"NTSLF: NOC and Met Office run the surge model 4x daily to 2 days ahead; results go to the Environment Agency for coastal flood warning; operational since 1978, NEMO AMM7 since 2021."
IRL,Ireland,national,"Met Eireann Flood Forecasting Centre (FFC), with the Office of Public Works",FFC national and catchment-level coastal and river flood forecasts; Tide and Storm Surge Forecast (TSSF) model trialled on ECMWF HPC,2024,https://www.met.ie/about-us/specialised-services/flood-forecasting-centre,"Met Eireann FFC, operational since early 2024, provides coastal and river flood forecasts at national level; a gov.ie report says the TSSF coastal model was still under operational testing."
FRA,France,national,Meteo-France with SHOM (HOMONIM project),"Vigilance vagues-submersion; Hycom2D surge model (ATL and MED domains, about 1 km on the coast)",2014,https://donneespubliques.meteofrance.fr/client/document/20170619_descriptif_hycom2d-v4_234.pdf,"Meteo-France doc: Hycom2D surge model (SHOM/HOMONIM) used operationally since 14 Jan 2014, run 4x daily with Arpege and 5x daily with Arome forcing; basis of the Vigilance vagues-submersion service."
ESP,Spain,national,Puertos del Estado (Ministry of Transport); AEMET is not the provider,Nivmar (HAMSOM 2D barotropic) plus multi-model BMA with CMEMS since April 2018,1998,https://portus.puertos.es/PortusData/resources/InfoSeaLevelFC_Portus_ES.pdf,"Puertos del Estado: 'Nivmar, en funcionamiento desde 1998 y basada en el modelo numerico HAMSOM'; multi-model sea level prediction with CMEMS and tide-gauge verification added April 2018."
PRT,Portugal,none_found,IPMA and Instituto Hidrografico checked,,,https://www.ipma.pt/pt/otempo/prev-sam/,"no source found in this pass (searched: IPMA sobreelevacao aviso; IH previsao sobre-elevacao; IPMA warnings are wave-only, no surge; IPMA posts 4-day NEMO SSH maps of unstated provenance)"
NLD,Netherlands,national,Rijkswaterstaat Watermanagementcentrum Nederland (WMCN-Kust) with KNMI,"Storm surge warning service (formerly Stormvloedwaarschuwingsdienst, SVSD); coastal water-level forecasts",,https://www.rijkswaterstaat.nl/water/waterbeheer/bescherming-tegen-het-water/hoogwater/stormvloed,WMCN monitors water levels and forecasts 24/7 and warns flood-defence managers about 12 h before the peak; KNMI maritime meteorologists issue storm warnings and compute expected coastal water levels.
BEL,Belgium,national,"Agentschap Maritieme Dienstverlening en Kust (MDK), Afdeling Kust, with Flanders Hydraulics Research",Stormvloedwaarschuwing (storm surge warning service; alert states from 5.40 m TAW at Oostende),,https://www.stormvloedwaarschuwing.be/,stormvloedwaarschuwing.be: 'Deze applicatie wordt gebruikt bij Agentschap voor Maritieme Dienstverlening en Kust (MDK) Afdeling Kust'; MDK brochure sets alert states from 5.40 m TAW at Oostende.
DEU,Germany,national,"Bundesamt fuer Seeschifffahrt und Hydrographie (BSH), with DWD",Sturmflutwarndienst and Wasserstandsvorhersagedienst Nordsee and Ostsee (BSH operational model),,https://www.bsh.de/DE/THEMEN/Wasserstand_und_Gezeiten/Sturmfluten/sturmfluten_node.html,"BSH page: Sturmflut classes (North Sea from 1.5 m above MHW; Baltic from 1.00 m above NHN) and BSH Wasserstandsvorhersagedienst Nordsee/Ostsee contacts; forecasts 4x daily, 24 h duty in storm surges."
DNK,Denmark,national,Danmarks Meteorologiske Institut (DMI),"Stormflodsvarsling; DMI storm surge model (2017 version, 5-day, updated every 6 h)",,https://www.dmi.dk/hav-og-is/temaforside-stormflod/stormflodsvarsling,DMI: 'varsler DMI for forhojet vandstand i danske farvande op til 36 timer inden kritisk vandstand overskrides'; warnings combine modelled and measured water level against local critical levels.
NOR,Norway,national,"Meteorologisk institutt (MET Norway), with Kartverket","Farevarsel for hoy vannstand (stormflo) on Yr, yellow/orange/red; Kartverket Se havniva",,https://www.met.no/vaer-og-klima/ekstremvaervarsler-og-andre-farevarsler/vaerfenomener-som-kan-gi-farevarsel-fra-met,"MET: 'Astronomisk tidevann beregnes av Statens Kartverk, mens vaerets virkning beregnes av Meteorologisk institutt'; MET issues stormflo (water level) farevarsel with stated uncertainty."
SWE,Sweden,national,Sveriges meteorologiska och hydrologiska institut (SMHI),Varning for hogt vattenstand (yellow/orange/red); NEMO-Nordic ocean model,,https://www.smhi.se/kunskapsbanken/meteorologi/varningar-och-meddelanden/varning-for-hogt-vattenstand,"SMHI: 'Vid tillfallen da vattenstandet riskerar att bli hogt utfardar SMHI varningar' at gul/orange/rod level; a duty oceanographer uses NEMO-Nordic forecasts (60 h, every 6 h)."
FIN,Finland,national,Finnish Meteorological Institute (Ilmatieteen laitos),"Sea water level warnings (merivedenkorkeusvaroitus) for 14 coastal stations, up to 5 days",,https://en.ilmatieteenlaitos.fi/warnings-on-the-sea-water-level,"FMI issues sea water level warnings for 14 stations up to 5 days ahead; yellow/orange/red thresholds correspond to roughly 1-, 5- and 20-year return levels; a separate low-water warning exists."
POL,Poland,national,"IMGW-PIB, Wydzial Prognoz i Opracowan Hydrologicznych w Gdyni (Baltic marine service)","Mike 21 hydrodynamic model and Wroblewski statistical model, 72 h sea level forecasts for Swinoujscie, Hel, Gdynia; hydrological warnings for storm surges",,https://obserwator.imgw.pl/2021/08/01/oslona-morska-i-hydrolodzy-z-imgw/,IMGW: Mike 21 gives 72 h sea level forecasts for the Polish coast and Szczecin Lagoon; in hydrological threat or alarm states extra warnings and communiques are issued beyond the daily forecast.
EST,Estonia,national,Keskkonnaagentuur (Estonian Environment Agency) with TalTech Institute of Marine Systems,"Merevee taseme prognoos (sea level forecast), 5 days, twice daily, linked to the agency warning system",,https://www.ilmateenistus.ee/2026/07/merevee-taseme-prognoos-pikenes-kolmelt-oopaevalt-viiele/,"Agency news 2 Jul 2026: the updated sea model forecasts sea level five days ahead instead of three, computed twice daily, and with coastal flood maps supports earlier and more accurate warnings."
LVA,Latvia,national,"Latvijas Vides, geologijas un meteorologijas centrs (LVGMC)","Water level rise warnings incl. 'piekraste vejuzpludu laika' (coast during wind surges), yellow/orange/red",,https://bridinajumi.meteo.lv/doc/Apraksts_par_bridinajumu_sistemu_LV-LV_2024-05.pdf,"LVGMC 2024 warning catalogue includes water-level rise 'piekraste vejuzpludu laika' (coast during wind surges) in 3 levels; yellow warning Riga +115 to +130 cm, 27 Dec 2025; no surge model confirmed"
LTU,Lithuania,national,Lietuvos hidrometeorologijos tarnyba (LHMT) with Klaipeda University Marine Research Institute,"Marine hydrological forecast incl. water level for SE Baltic and Curonian Lagoon (KU operational hydrodynamic model, 5 days, twice daily)",2025,https://www.15min.lt/naujiena/aktualu/orai/nuo-siol-galima-suzinoti-ir-jurine-prognoze-aktualu-poilsiautojams-zvejams-laivybos-atstovams-60-2358044,"LHMT publishes since early 2025 5-day water level, wave and current forecasts from Klaipeda University's operational hydrodynamic model (Copernicus-funded); previously relied on foreign models"
RUS,Russia,national,"Roshydromet: Hydrometcentre of Russia, Department of Marine Hydrological Forecasts, with regional UGMS",Storm warnings for dangerous marine phenomena incl. storm surges (shtormovye nagony); St Petersburg flood barrier (KZS) closures,,https://meteoinfo.ru/056/c00624.htm,"Hydrometcentre marine forecasts dept issues storm warnings for dangerous marine phenomena incl. 'shtormovye nagony' (surges); St Petersburg KZS barrier closed for its 38th surge flood, 4 Jul 2025"
ITA,Italy,national,ISPRA Area Maree e Lagune (national institute) with CNR-ISMAR; the Comune di Venezia CPSM runs the local Venice service,ISPRA statistical tide model (2008) and SHYFEM deterministic surge model (2012) for Venice and the northern Adriatic; SIMM,2008,https://www.venezia.isprambiente.it/ispra/modellistica/,"ISPRA: statistical model operational since 2008 (3-day, 6-hourly) and SHYFEM since 2012 (4-day) for Venice lagoon and N Adriatic surge; national institute, Adriatic coverage only, not nationwide"
GRC,Greece,national,"Hellenic Centre for Marine Research (HCMR), POSEIDON system; no HNMS surge warning found","POSEIDON Sea Level Forecast (POM-based, model id pomsl), one of five forecast services",,https://poseidon.hcmr.gr/services/forecast,"POSEIDON (HCMR) lists a 'Sea Level Forecast' beside weather, sea state, ocean and ecosystem forecasts for the Hellenic Seas; no HNMS storm surge warning found; borderline"
TUR,Turkey,none_found,Meteoroloji Genel Mudurlugu (MGM) checked,,,https://pirireis.mgm.gov.tr,"no source found in this pass (searched: MGM firtina kabarmasi tahmini, deniz seviyesi tahmin; MGM Pirireis marine portal and MeteoUyari list wind, wave and SST products only, no surge/sea level)"
UKR,Ukraine,none_found,Ukrainian Hydrometeorological Center (UkrHMC) checked,,,https://www.meteo.gov.ua/ua/Hidrolohichni-poperedzhennya,"no source found in this pass (searched: UkrHMC shtormove poperedzhennia nahin riven moria; UkrHMC homepage, hydrological warnings and daily hydrological situation pages cover rivers only)"
ROU,Romania,national,INCDM 'Grigore Antipa' (national marine research institute); ANM issues weather warnings only,"Prognoze oceanografice (currents, waves, water level, pollutant dispersion) from numerical models and real-time data",,https://www.nimrd.ro/activitati-si-servicii/prognoze-oceanografice,"INCDM page: forecasts 'curentii, valurile, nivelul apei si dispersia potentiala a poluantilor' for navigation, ports and emergencies; no surge warning; model and horizon not stated; borderline"
BGR,Bulgaria,none_found,NIMH and IO-BAS checked,,,https://weather.bg/,no current source found (searched NIMH shtormov nagon prognoza; IO-BAS sea level forecast); Galabov and Kortcheva (2013): NIMH surge/wave models fed coastal EWS; weather.bg shows wave/wind only
EGY,Egypt,none_found,Egyptian Meteorological Authority (EMA),,,https://www.medewsa.eu/egypt-advances-impact-based-forecasting-to-strengthen-multi-hazard-early-warning-systems/,No operational surge service found; EMA issues marine wind/wave warnings; EU MedEWSa pilot (2026) pairs Venice with Alexandria/Nile Delta to extend sea-level forecasting (in development).
LBY,Libya,none_found,Libyan National Meteorological Centre (LNMC),,,https://lnmc.ly/marineforcasting.php,"LNMC marine bulletin gives wave height, wind, visibility, sea state and SST plus rough-sea marine warnings; no surge, sea-level or coastal-inundation product found on the agency site"
TUN,Tunisia,none_found,Institut National de la Meteorologie (INM),,,https://www.meteo.tn/en/meteo-marine-zone-cotiere,"INM coastal marine forecast: wind, significant wave height, swell direction, visibility, gale warnings; no sea-level or surge product; Jan 2026 Tunis Marine sea flooding reported as a surprise"
DZA,Algeria,none_found,Office National de la Meteorologie (ONM),,,https://www.meteo.dz/bms,"ONM issues BMS (bulletin meteorologique special) for dangerous waves, e.g. Jan 2026 BMS with waves to 8 m and mer tres forte a grosse on western wilayas; no surcote or submersion product found"
MAR,Morocco,none_found,Direction Generale de la Meteorologie (DGM),,,https://www.maritimenews.ma/6-securite-maritime/14773-bulletin-d-alerte-meteorologique-marine-n-20-2026-vents-forts-et-vagues-dangereuses-sur-les-cotes-marocaines,"DGM Bulletin d'Alerte Meteorologique Marine 20/2026 covers vents forts (9 Beaufort) and vagues dangereuses (>6 m); no maree, surcote or submersion; twice-daily Vigilance Marine map is wind/waves"
SEN,Senegal,none_found,ANACIM,,,https://lesoleil.sn/actualites/environnement/houle-dangereuse-alerte-sur-les-cotes-senegalaises-jusquau-16-mai/,ANACIM issues 'houle dangereuse' (dangerous swell >2.5 m) and strong-wind alerts (e.g. 12-16 May 2026); no storm-surge or coastal-inundation forecast product found.
GMB,Gambia,none_found,Department of Water Resources (DWR),,,https://www.adaptation-undp.org/projects/strengthening-climate-information-and-early-warning-systems-gambia,UNDP/GEF EWS project (2015-2022) built a marine meteorological station network for DWR; no storm-surge or coastal-inundation warning component; no other coastal product found
GNB,Guinea-Bissau,none_found,Instituto Nacional de Meteorologia (INM),,,https://meteoguinebissau.gw/nossos-servicos/tempo/,"INM site lists daily forecast, CAP alerts, seasonal and agro-hydro bulletins only; no marine, storm-surge or coastal-inundation product listed"
GIN,Guinea,none_found,Agence Nationale de la Meteorologie (ANM; ex-DNM),,,https://guineenews.org/2026/07/31/alerte-meteo-risques-eleves-dinondation-et-deboulement-annonces-sur-le-littoral-guineen/,"ANM alerts cover heavy rain, flooding and landslides on the coast, with press-reported cautions to sea users on strong winds and rough seas; no surge or coastal-inundation product found"
SLE,Sierra Leone,none_found,Sierra Leone Meteorological Agency (SLMet),,,https://slmet.gov.sl/our-services/marine/,"SLMet Daily Marine Forecast gives wind, sea state, wave height, tide timings, visibility, with warnings for severe storms, high winds and dangerous waves; no storm-surge or coastal-flood product"
LBR,Liberia,none_found,Liberia Meteorological Service (LMS) / Liberia Hydrological Service,,,https://allafrica.com/stories/202607070308.html,"Only rainfall and thunderstorm bulletins from the Liberia Meteorological Service found (Jul 2026); no marine, storm-surge or coastal-flood warning product found"
CIV,Cote d'Ivoire,none_found,SODEXAM (Direction de la Meteorologie Nationale),,,https://www.koaci.com/article/2023/08/11/cote-divoire/societe/cote-divoire-alerte-sur-de-fortes-vagues-ce-week-end-a-assinie-bassam-abidjan-jacqueville-voici-les-precautions-a-prendre_171475.html,Press-only: Aug 2023 SODEXAM alert of waves 2.5-3 m exceeding a 1.75 m 'seuil de debordement ou de submersion'; wave-based; agency site and colour-code alerts cover rainfall floods only
GHA,Ghana,none_found,Ghana Meteorological Agency (GMet),,,https://www.meteo.gov.gh/Services/marine/,"GMet marine products (48 h coastline forecast, sea-state outlooks): wind, wave height, visibility; press-reported 'tidal wave' high-tide warnings (2022, 2025); no surge model or inundation product"
TGO,Togo,none_found,Agence Nationale de la Meteorologie (ANAMET),,,https://www.septentrional.tg/2026/06/29/inondations-a-lome-lanamet-annonce-la-poursuite-des-pluies-orageuses/,"ANAMET alerts found cover heavy rain and thunderstorms over Grand Lome (Jun 2026) only; no marine, houle, storm-surge or coastal-inundation product found"
BEN,Benin,none_found,Meteo Benin (NMHS); legacy CNDO-Benin/IRHOB 'Alerte Ocean',,,http://nodc-benin.odinafrica.org/alerte-ocean.html,"CNDO-Benin wave alert off Cotonou (TOMAWAC forced by PREVIMER, discontinued; Hs thresholds 1.5/1.8 m; framed as submersion risk); host unreachable 2026-09-05; no Meteo Benin surge product"
NGA,Nigeria,none_found,NiMet / NIHSA,,,https://nairametrics.com/2026/06/30/nimet-alerts-lagos-other-coastal-states-to-flash-flood-risk-on-tuesday/,NiMet warns of rainfall-driven flash flooding in coastal states (30 Jun 2026) and NIHSA issues riverine flood outlooks; no ocean/storm surge forecast product found.
CMR,Cameroon,none_found,Direction de la Meteorologie Nationale (DMN),,,https://x.com/DMN_CMR/status/1859256763175895213,"DMN publishes a coastal marine weather forecast with sea state and max wave height (e.g. 0.8 m at Idenau, Limbe, Kribi, Nov 2024); no storm-surge or coastal-inundation product found"
GAB,Gabon,none_found,Direction Generale de la Meteorologie (DGM),,,,no source found in this pass (searched: DGM Gabon alerte forte houle vagues Libreville Port-Gentil prevision marine inondation cotiere; WMO members page 404; search budget exhausted after 1 query)
COG,Congo,none_found,ANAC / Direction de la Meteorologie Nationale,,,,no source found in this pass (searched: Congo ANAC meteorologie alerte houle Pointe-Noire erosion cotiere submersion prevision marine; WMO members page 404; search budget exhausted after 1 query)
COD,DR Congo,none_found,Mettelsat / Meteo RDC,,,https://meteordcongo.cd/nos-produits/prevision-journaliere-marine/,"Meteo RDC bulletin maritime for Muanda and Mateba Island gives winds, air/water temperature, tides (high/low) and swell (direction, height); no submersion marine or surge product"
AGO,Angola,none_found,Instituto Nacional de Meteorologia e Geofisica (INAMET),,,http://inamet.gov.ao/ao/noticias/previsao-maritima-2-2-2-2-2-2-2-2/,INAMET publishes a previsao maritima (maritime forecast) news product; page not fetchable (TLS certificate error) so parameters unverified; no storm-surge or coastal-inundation product found
NAM,Namibia,none_found,Namibia Meteorological Service,,,http://www.meteona.com/index.php/special-services/marine-weather/marine-coast-bulletin,no source found in this pass (searched: NMS storm surge/coastal flooding warning; NMS marine bulletin; WMO profile); NMS Marine and Coastal Waters Bulletin page unreachable on 2026-09-05
ZAF,South Africa,national,South African Weather Service (SAWS Marine Unit),SAWS Wave and Storm Surge model (SWaSS; Delft3D-FLOW coupled online with SWAN),2019,https://link.springer.com/article/10.1007/s11069-020-04042-4,"Rautenbach et al. 2020 Nat Hazards: models form part of the operational marine forecasts of SAWS Wave and Storm Surge model; 72 h wave, surge and tide forecasts on SAWS Marine Portal"
MOZ,Mozambique,national,Instituto Nacional de Meteorologia (INAM),"FEWS-INAM National Coastal Forecasting System (Delft-FEWS; 3-day tide and surge water levels, waves, wind)",2019,https://oss.deltares.nl/web/delft-fews/-/national-coastal-forecasting-system-for-mozambique-fews-inam-,INAM hosts and operates FEWS-INAM (operational 2018-2019; NDF/World Bank funded) with daily bulletins incl. tide and surge levels; RSMC La Reunion also issued surge estimates for Eloise (2021)
MDG,Madagascar,regional_only,via RSMC La Reunion (Meteo-France); Direction Generale de la Meteorologie issues national cyclone alerts,,,https://www.meteomadagascar.mg/meteo-madagascar/organisations/,"DGM triggers alerts for cyclones, strong wind, heavy rain and 'fortes houles'; no national surge model/product found; RSMC La Reunion TC advisories cover the SWIO basin (RA I TCC)."
TZA,Tanzania,none_found,Tanzania Meteorological Authority (TMA),,,https://www.metoffice.gov.uk/services/government/international-development/weather-and-climate-information-services-wiser/completed-wiser-projects/multi-hazard-early-warning-service-mhews-tanzania,"TMA issues marine forecasts, severe weather warnings and TC information (2021 marine regulations; WISER MHEWS 2016-2021 marine pilot); no storm surge/inundation product documented."
KEN,Kenya,none_found,Kenya Meteorological Department (KMD),,,https://meteo.go.ke/,"KMD issues daily and 7-day marine forecasts (wind, waves) and cyclone-related rain/wind advisories; no storm surge or coastal inundation product found on its site."
SOM,Somalia,regional_only,via FAO-SWALIM (donor-run) cyclone updates; Hydro-met Dept of MoEWR / SoDMA relay alerts,,,https://moewr.gov.so/wp-content/uploads/2023/12/Comprehensive-assessment-of-existing-centralized-and-decentralized-EWS-converted-compressed.pdf,MoEWR 2023 EWS assessment: risk monitoring and warning services for cyclones are done by donor-driven FAO-SWALIM etc.; no national surge model or warning product found
ERI,Eritrea,none_found,,,,https://www.thinkhazard.org/en/report/77-eritrea/CF,no source found in this pass (searched: Eritrea met service storm surge/coastal flooding Red Sea; Eritrea Civil Aviation meteorology Massawa warning; WMO WWIS Eritrea page returned 404)
SDN,Sudan,none_found,Sudan Meteorological Authority,,,https://meteosudan.sd/,"no source found in this pass (searched: SMA storm surge/coastal Red Sea Port Sudan; SMA site lists daily/seasonal forecasts, agromet and Daraja alerts, no marine or coastal products)"
DJI,Djibouti,none_found,Agence Nationale de la Meteorologie (ANM),,,https://crews-initiative.org/project/djibouti/,no source found in this pass (searched: ANM storm surge/coastal flooding; Sagar 2018 alert; CREWS Djibouti); 2018 ANM cyclone alert covered rain/flooding only; CREWS MHEWS project 2024-2028
COM,Comoros,regional_only,via RSMC La Reunion (Meteo-France); ANACM Direction Technique de la Meteorologie issues alerts,,,https://www.un-soff.org/wp-content/uploads/2024/10/Rapport_CHD_Comores.pdf,"SOFF CHD 2024: DTM forecasting relies on models from partner centres incl. CMRS La Reunion; marine warnings cover strong swells, exceptional high tides and navigation; no surge model"
MUS,Mauritius,national,Mauritius Meteorological Services (MMS),Storm Surge Warning Bulletin,,https://metservice.intnet.mu/warning-bulletin-storm-surge-warning.php,MMS site lists a Storm Surge Warning Bulletin (with Heavy Swell Warning) under High Waves; defines storm surge as difference between storm tide and astronomical tide
SYC,Seychelles,regional_only,via RSMC La Reunion; Seychelles Meteorological Authority issues marine forecast and cyclone bulletins,,,https://rsdi.ae/en/publications/tropical-cyclones-in-the-south-west-indian-ocean-assessing-societal-readiness-and-post-disaster-recovery,"RSMC La Reunion accredited for cyclone hazards incl. storm surge; SMA marine services give wind, wave heights and tide tables; alerts show heavy rain and strong wind only; no surge product"
SAU,Saudi Arabia,regional_only,via RSMC New Delhi (WMO/ESCAP Panel member); National Center for Meteorology (NCM) issues marine forecasts,,,https://rsmcnewdelhi.imd.gov.in/uploads/report/62/62_2c7f57_Brochure-CWD.pdf,"IMD brochure: RSMC New Delhi provides tropical cyclone and storm surge guidance to 13 Panel members incl. Saudi Arabia; NCM marine forecast gives wind, waves, sea state, visibility, tide only"
YEM,Yemen,regional_only,via RSMC New Delhi (WMO/ESCAP Panel member); Civil Aviation and Meteorology Authority (CAMA),,,https://rsmcnewdelhi.imd.gov.in/uploads/report/62/62_2c7f57_Brochure-CWD.pdf,IMD brochure: RSMC New Delhi provides storm surge guidance to 13 Panel members incl. Yemen and issues storm surge advisories for member countries; no CAMA surge product found
OMN,Oman,national,Directorate General of Meteorology (DGMET) / National Multi-Hazard Early Warning Centre (Civil Aviation Authority),Hydrodynamic storm surge simulations within NMHEWS Tropical Cyclone Early Warning System,,https://met.caa.gov.om/en/publication/storm-surge-a-coastal-threat-during-tropical-cyclones/,"DGMET (Dec 2025): National Multi-Hazard Early Warning Center uses advanced models combining wind and pressure data, coastal bathymetry, tide levels and hydrodynamic simulations; model not named"
ARE,United Arab Emirates,regional_only,via RSMC New Delhi (WMO/ESCAP Panel member); National Center of Meteorology (NCM),,,https://rsmcnewdelhi.imd.gov.in/uploads/report/62/62_2c7f57_Brochure-CWD.pdf,"IMD brochure lists UAE among 13 Panel members receiving tropical cyclone and storm surge guidance; NCM site offers marine forecast, marine bulletin and tropical storms page, no surge product"
QAT,Qatar,regional_only,via RSMC New Delhi (WMO/ESCAP Panel member); Qatar Meteorology Department (QMD),,,https://rsmcnewdelhi.imd.gov.in/uploads/report/62/62_2c7f57_Brochure-CWD.pdf,"IMD brochure lists Qatar among 13 Panel members receiving storm surge guidance; QMD marine warnings cover strong winds, high waves and astronomical high tides (Mar 2021); no surge product"
KWT,Kuwait,none_found,Kuwait Meteorological Department (Kuwait Meteorological Center),,,https://www.met.gov.kw/warnings/warning.php?lang=eng,no source found in this pass (searched: Kuwait Met storm surge/sea level/coastal flooding; KISR/EPA surge early warning); Met Center alert types include High Wave but no surge or coastal flooding
IRQ,Iraq,none_found,Iraqi Meteorological Organization and Seismology,,,http://meteoseism.gov.iq/,no source found in this pass (searched: Iraq Met storm surge/coastal Basra Shatt al-Arab; IMOS marine forecast/tide warning); agency site returned 403 on fetch
IRN,Iran,regional_only,via RSMC New Delhi (WMO/ESCAP Panel member); IRIMO / INIOAS,,,https://rsmcnewdelhi.imd.gov.in/uploads/report/62/62_2c7f57_Brochure-CWD.pdf,IMD brochure lists Iran among 13 Panel members receiving storm surge guidance; literature describes a Persian Gulf wind and wave forecasting system; no national surge product verified
PAK,Pakistan,national,Pakistan Meteorological Department (Tropical Cyclone Warning Centre Karachi),Quantitative storm surge forecasts within PMD cyclone alerts; surge model not documented (IIT PC surge model training 2003),,https://www.app.com.pk/national/pmd-alerts-authorities-to-remain-vigilant-of-biparjoy-cyclone-impacts/,"PMD alert (11 Jun 2023, Biparjoy): 'Storm surge of 3-3.5 meters (8-12 feet) is expected at the land falling point (Keti Bandar)'; surge model undocumented; RSMC New Delhi also gives guidance"
IND,India,national,INCOIS (Ministry of Earth Sciences) with India Meteorological Department,"Storm Surge Early Warning System (SSEWS), 24x7 warning centre",2013,https://tsunami.incois.gov.in/TEWS/searlywarnings.jsp,INCOIS is the nodal agency for storm surge early warning advisories (surge height and inundation extent) in collaboration with IMD Delhi; system tested on Cyclone Phailin (Oct 2013).
LKA,Sri Lanka,regional_only,via RSMC New Delhi (IMD); Department of Meteorology Sri Lanka relays,RSMC New Delhi tropical cyclone and storm surge advisories,,https://rsmcnewdelhi.imd.gov.in/activities-of-rsmc-new-delhi.php,RSMC New Delhi lists 'Issue of storm surge advisories' to Panel members incl. Sri Lanka; Ditwah 2025 advisory gave 1.0-1.5 m surge for north Sri Lanka; no national surge model or product found
BGD,Bangladesh,national,Bangladesh Meteorological Department (BMD),"CIFDP-Bangladesh system (JMA storm surge model with wave/tide input, Delft-FEWS); upgraded JICA-supported storm surge model 2026",2017,https://wmo.int/media/magazine-article/early-warnings-of-coastal-inundation,"WMO Bulletin: CIFDP-B system operated by BMD since completion in 2017; BMD announced an upgraded storm surge model operational with forecasts on its website (BSS, 2026-07-30)."
MMR,Myanmar,regional_only,via RSMC New Delhi (IMD); Department of Meteorology and Hydrology (DMH) issues cyclone warnings,,,https://www.moezala.gov.mm/index.php/en/natural-disaster/80,DMH cyclone page: DMH 'issues advance warnings' for cyclones incl. surge hazard; a 'Storm Surge Warning' menu entry returned 404 on 2026-09-05; IMD lists Myanmar among 13 surge-guidance recipients
THA,Thailand,national,Thai Meteorological Department (TMD) Marine Meteorological Center,"TMD storm surge model (Thailand area 90-114E, 0-24N, 0.25 deg, up to 96 h, daily); surge information in TC bulletins",,https://www.jma.go.jp/jma/jma-eng/jma-center/rsmc-hp-pub-eg/2014_Effective_TC_Warning/cr/country_report_Thailand.pdf,TMD country report (JMA/WMO workshop 2014): 'TMD by Marine center has run the storm surge model'; surge information included in TC information; TMD is the organ responsible for storm surge warnings.
KHM,Cambodia,regional_only,via RSMC Tokyo (JMA Storm Surge Watch Scheme); MOWRAM Department of Meteorology relays,JMA SSWS storm surge distribution maps for Typhoon Committee Members,,https://www.jma.go.jp/jma/jma-eng/jma-center/rsmc-hp-pub-eg/techrev/text14-2.pdf,JMA issues SSWS storm surge maps to Typhoon Committee Members (Cambodia is one) since 1 Jun 2011; MOWRAM issues sea-travel and rough-sea warnings (Xinhua 6 Aug 2026); no national surge product found
VNM,Viet Nam,national,National Centre for Hydro-Meteorological Forecasting (NCHMF; Viet Nam Meteorological and Hydrological Administration),Nuoc dang (storm surge) forecast: maximum surge field for the next 3 days; storm and monsoon surge along the coast,,https://www.nchmf.gov.vn/kttv/vi-VN/1/nuoc-dang-24-15.html,NCHMF marine section lists 'Du bao do cao nuoc dang do bao va gio mua tai ven bien Viet Nam' with 3-day maximum-surge field maps (issues through Sep 2026).
MYS,Malaysia,regional_only,via RSMC Tokyo (JMA Storm Surge Watch Scheme); MetMalaysia has no surge product,JMA SSWS storm surge distribution maps,,https://www.jma.go.jp/jma/jma-eng/jma-center/rsmc-hp-pub-eg/techrev/text14-2.pdf,"MetMalaysia warnings (met.gov.my): thunderstorm, continuous rain, strong wind/rough seas, tropical cyclone, tsunami; no storm surge product; receives JMA SSWS surge maps as Typhoon Committee Member"
SGP,Singapore,national,Meteorological Service Singapore (NEA) with Tropical Marine Science Institute (NUS),Stormy (Sunda Shelf and Singapore Strait storm surge forecast system),2013,https://link.springer.com/article/10.1186/s40713-016-0003-5,"Stormy 'deployed operationally since March 2013', 6-7 day lead (TMSI-NUS paper); NUS page: MSS forecasts operational surge levels; caveat: no public MSS surge warning product identified"
IDN,Indonesia,national,BMKG (Badan Meteorologi Klimatologi dan Geofisika),"Indonesian Coastal Inundation Forecasting System (InaCIFS, from CIFDP-Indonesia); Peringatan Dini Banjir Rob (coastal flood early warning)",2019,https://wmo.int/media/magazine-article/early-warnings-of-coastal-inundation,"WMO: CIFDP-I completed Jan 2019; 'a new national operational programme for coastal inundation forecasting for Indonesia was launched in April 2019'; banjir rob warnings, 19 provinces, 8-22 Jul 2026"
PHL,Philippines,national,DOST-PAGASA,Storm Surge Watch (48 h) / Storm Surge Warning (24 h); colour-coded surge heights,2015,https://www.dost.gov.ph/knowledge-resources/news/44-2015-news/671-dost-pagasa-s-storm-surge-warnings-now-more-user-friendly.html,DOST-PAGASA launched the colour-coded storm surge warning system in 2015 after Typhoon Yolanda (Haiyan); orange/red alerts issued as separate bulletins four times a day.
BRN,Brunei Darussalam,none_found,Brunei Darussalam Meteorological Department,,,https://wmo.int/site/75-years-of-wmo-science-action/members-work/brunei-darussalam-meteorological-department,"no source found in this pass (searched: BDMD storm surge OR coastal inundation forecast; Brunei storm surge warning; met.gov.bn products); WMO page notes surge susceptibility, generic warnings only"
TLS,Timor-Leste,none_found,Direcao Nacional de Meteorologia e Geofisica (DNMG),,,https://www.unep.org/news-and-stories/story/early-warning-system-disasters-takes-shape-timor-leste,"no source found in this pass (searched: DNMG storm surge OR coastal inundation; Timor-Leste EWS UNEP); UNEP: multi-hazard EWS incl. storm surge under development, forecasting centre due ~2026"
PNG,Papua New Guinea,none_found,Papua New Guinea National Weather Service (TCWC Port Moresby),,,https://news.az/news/cyclone-maila-to-hit-papua-new-guinea-as-category-2-storm,"PNG NWS TC Maila warning (Apr 2026) named 'storm surge, coastal inundation' among hazards for Milne Bay; no quantitative surge forecast, model or standalone product found; reclassified none_found"
SLB,Solomon Islands,regional_only,via RSMC Nadi (Fiji Meteorological Service); Solomon Islands Meteorological Service issues national TC warnings,Swell Advisory (no surge or inundation product),,https://met.gov.sb/tropical-cyclone-warnings/,"SIMS products: TC watch/warning, Special Weather Bulletin, Swell Advisory; no storm surge or coastal inundation product found; TC advisories for Solomon Is. originate from RSMC Nadi"
VUT,Vanuatu,regional_only,via RSMC Nadi (Fiji Meteorological Service); Vanuatu Meteorology and Geo-hazards Department issues national warnings,,,https://www.vmgd.gov.vu/warnings,"VMGD warning suite: TC, marine, high seas, severe weather, volcano, tsunami; storm surge and coastal flooding listed only as TC hazards; no coastal inundation forecast product found"
FJI,Fiji,national,Fiji Meteorological Service (FMS),"CIFDP-Fiji coastal inundation forecasting system (storm surge, Coral Coast inundation, Nadi River flood)",2019,https://wmo.int/media/news/coastal-flood-forecasts-become-operational-fiji,WMO (24 Nov 2019): 'The coastal inundation forecasting system is now operational' at FMS after the six-year CIFDP-F demonstration funded by KOICA/KMA.
WSM,Samoa,national,"Samoa Meteorology Division (MNRE), National Tropical Cyclone Warning Centre",Coastal Flood Advisory (issued with TC and severe weather warnings),,https://www.samoaobserver.ws/category/samoa/58610,"22 Feb 2020 TC warning: 'coastal flood advisory ... is also enforced', impacts incl. coastal inundation (Samoa Observer); SMD is national TCWC; no surge model found; samet.gov.ws unreachable at fetch"
TON,Tonga,regional_only,via RSMC Nadi (Fiji Meteorological Service); Tonga Meteorological Service (Fua'amotu TCWC) issues national warnings,,,https://met.gov.to/index_files/WarningServices.htm,TMS warning services: TC/gale/storm/hurricane alerts and warnings plus sea-state terms; no storm surge or inundation product; TC Gita 2018 final warnings issued by RSMC Nadi (WMO TCFW 2019 brief)
KIR,Kiribati,none_found,Kiribati Meteorological Service (SPC/WMO CREWS inundation forecast system in development),,,https://gem.spc.int/projects/climate-risk-early-warning-systems-crews-inundation-forecast-system-for-tuvalu-kiribati,SPC/WMO CREWS inundation forecast system for Tuvalu and Kiribati: CREWS Jul-Dec 2023 report confirms only Tuvalu operational; no KMS surge/inundation product confirmed; reclassified none_found
TUV,Tuvalu,national,Tuvalu Meteorological Service (system built with SPC under WMO CREWS),"Tuvalu wave and inundation forecast system (7-day, national scale)",,https://crews-initiative.org/wp-content/uploads/2025/02/CREWS-Pacific-2.0-Project-Progress-Report-July-Dec2023.pdf,"CREWS Jul-Dec 2023 report: 'The Tuvalu wave and inundation forecast system, originally developed under the first CREWS Pacific SIDS project (2017-2022) is operational'; TMS 7-day inundation forecast"
MHL,Marshall Islands,regional_only,via NOAA/NWS (WFO Guam; WSO Majuro is a US NWS office),NWS coastal flood statements/advisories and high surf advisories,,https://www.weather.gov/gum/majuro,WSO Majuro is a US National Weather Service office under WFO Guam (Tiyan); NWS Guam issues Coastal Flood Statements for Majuro (king-tide flooding); no Marshall Islands national surge service
FSM,Federated States of Micronesia,regional_only,"via NOAA/NWS (WFO Guam; WSOs Pohnpei, Chuuk and Yap are US NWS offices)",NWS coastal flood and high surf products,,https://weather.gov/gum/WSOPohnpei,"WSO Pohnpei page: NWS Pacific Region administers NWS programs across FSM, RMI and Palau; WFO Guam hazard areas include Yap, Chuuk, Pohnpei/Kosrae (coastal flood/high surf products); no FSM agency"
PLW,Palau,regional_only,via NOAA/NWS (WFO Guam; Palau Weather Service Office Koror is a US NWS office),NWS coastal flood and high surf products,,https://www.weather.gov/gum/activeHazards,"WFO Guam active-hazards page lists Palau among its warning areas alongside Yap, Chuuk, Pohnpei/Kosrae, Majuro; Palau WSO operated by US NWS; no Palauan national surge or inundation service"
NRU,Nauru,none_found,Nauru Meteorological Service (weather bulletins issued by Fiji Meteorological Service / RSMC Nadi),,,https://www.met.gov.fj/nauru.php,no source found in this pass (searched: Nauru coastal inundation OR storm surge warning FMS RSMC Nadi); FMS 'Nauru Weather Bulletin' page listed in results but 404 at fetch; no surge product seen
CHN,China,national,National Marine Environmental Forecasting Center (NMEFC; Ministry of Natural Resources),National Marine Forecasting Station storm surge forecasts and colour-coded warnings (blue/yellow/orange/red),,https://www.unoceanprediction.org/en/halls/national-marine-environmental-forecasting-center-nmefc,"NMEFC (est. 1965) lists storm surge among its early-warning/forecast products; e.g. storm surge blue warning of 2026-08-24 for Guangxi, Leizhou Peninsula and Hainan (30-70 cm surge)."
HKG,Hong Kong SAR,national,Hong Kong Observatory,SLOSH storm surge prediction (probabilistic ECMWF-EPS version since 2014),1994,https://www.hko.gov.hk/en/publica/reprint/files/r1096.pdf,"HKO Reprint 1096: 'Since 1994, SLOSH ... was used by the Observatory to support the operation on storm surge prediction and warning services in Hong Kong'; 2014 revamp added EPS probabilistic surge"
TWN,Taiwan,national,"Central Weather Administration (formerly Central Weather Bureau), Marine Meteorology Center",COMCOT-SS storm surge and inundation operational system,2016,https://link.springer.com/article/10.1007/s10236-018-1179-z,"Ocean Dynamics 2018: COMCOT storm surge operational system 'official forecasting model at Central Weather Bureau, Taiwan since July 2016'; CWB Marine Meteorology Center co-developer (cwa.gov.tw)"
JPN,Japan,national,Japan Meteorological Agency (JMA),"JMA numerical storm surge model (8 runs/day, 33 h, 290 coastal points; multi-scenario since 2016) underpinning storm surge warnings/advisories",1998,https://www.jma.go.jp/jma/jma-eng/jma-center/rsmc-hp-pub-eg/techrev/text11-3.pdf,JMA has operated a numerical storm surge model since 1998 to provide the basis for storm surge warnings; multi-scenario typhoon-track predictions introduced June 2016.
KOR,Republic of Korea,national,Korea Meteorological Administration (KMA); KHOA tide and surge observations,Storm surge advisory and warning (pokpung-haeil special weather report),,https://www.kma.go.kr/neng/forecast/warning.do,"KMA special reports include Storm Surge advisory and warning: 'sea level is expected to rise and reach the locally-defined watch/warning threshold' (tides, storms, low pressure); KHOA tide network"
PRK,DPR Korea,regional_only,via RSMC Tokyo (JMA Storm Surge Watch Scheme); State Hydro-Meteorological Administration,JMA SSWS storm surge maps; KCNA-reported SHMA 'tidal wave' forecasts,,https://www.jma.go.jp/jma/jma-eng/jma-center/rsmc-hp-pub-eg/techrev/text14-2.pdf,DPRK is a Typhoon Committee Member getting JMA SSWS surge maps since 2011; KCNA (Aug 2011): SHMA forecast 50-70 cm 'tidal waves'; no agency or WMO record of a national surge system found
AUS,Australia,national,Bureau of Meteorology (Tropical Cyclone Warning Centres),Australian Storm Surge Forecasting System (SEAtide; tropical ensemble storm surge prediction system),,https://www.sciencedirect.com/science/article/abs/pii/S0924796320300130,"'Development of a tropical storm surge prediction system for Australia' (2020): SEAtide provides operational surge forecasts in BoM TCWCs (QLD, NT); ensemble system one of three components"
NZL,New Zealand,national,NIWA (Earth Sciences New Zealand) with MetService,NIWA storm surge and wave forecasting (NIWA Forecast; Sumner Head service for Christchurch City Council),,https://niwa.co.nz/hazards/weather-and-climate-forecasting-services/storm-surge-and-wave-forecasting,"NIWA combines weather, storm surge, wave and tide forecasting with tide-gauge obs to predict sea levels; surge forecast service at Sumner Head for Christchurch CC; nationwide product unconfirmed"
ISL,Iceland,none_found,Vedurstofa Islands (IMO) checked,,,https://en.vedur.is/alerts,"no source found in this pass (searched: Vedurstofa sjavarflod vidvorun sjavarhaed spa; IMO alerts page lists weather, hydrology, avalanches, sea ice, no coastal flooding; LinkedIn blurb only)"
MDV,Maldives,regional_only,via RSMC New Delhi (IMD); Maldives Meteorological Service issues swell alerts,MMS swell-wave colour alerts; RSMC New Delhi storm surge advisories,,https://rsmcnewdelhi.imd.gov.in/activities-of-rsmc-new-delhi.php,"MMS issues swell-wave ('udha') alerts, white alert Kaafu Atoll to Addu 27 Jul 2026 (edition.mv/news/52882); swell alerts alone do not qualify; RSMC New Delhi issues TC surge advisories to Maldives"
CPV,Cabo Verde,none_found,Instituto Nacional de Meteorologia e Geofisica (INMG),,,https://www.anacao.cv/noticia/2026/07/15/inmg-emite-alerta-de-chuvas-vento-forte-e-agravamento-do-estado-do-mar-em-todo-o-arquipelago-nos-dias-16-e-17/,"INMG alerts on agravamento do estado do mar (e.g. Jul 2026: SE waves 3.0-4.5 m, south coasts of Maio and Santiago); INMG portal suspended 2026-09-05; no surge or inundation product found"
STP,Sao Tome and Principe,none_found,Instituto Nacional de Meteorologia (INM),,,,no source found in this pass (searched: INM Sao Tome aviso agitacao maritima ondas alerta costeiro; WMO/WWIS pages no content; search budget exhausted after 1 query)
GNQ,Equatorial Guinea,none_found,INAMET / Direccion General de Meteorologia,,,,no source found in this pass (searched: Guinea Ecuatorial INAMET aviso oleaje fuerte alerta costa Malabo Bata prediccion maritima; WMO/WWIS pages no content; budget exhausted after 1 query)
TTO,Trinidad and Tobago,regional_only,via RSMC Miami (NHC); Trinidad and Tobago Meteorological Service,,,https://www.nhc.noaa.gov/archive/2024/al02/al022024.public.010.shtml,NHC Beryl advisory 10 (30 Jun 2024) placed Tobago under Hurricane Warning with surge 6 to 9 ft above normal; TTMS site lists warnings but no surge product or model found.
BRB,Barbados,regional_only,via RSMC Miami (NHC); Barbados Meteorological Services,,,https://www.nhc.noaa.gov/archive/2024/al02/al022024.public.010.shtml,NHC Beryl advisory 10 (30 Jun 2024): Hurricane Warning for Barbados with life-threatening surge 6 to 9 ft; BMS site shows no surge product; CIMH lists no regional surge model.
LCA,Saint Lucia,regional_only,via RSMC Miami (NHC); Saint Lucia Meteorological Services,,,https://www.nhc.noaa.gov/archive/2024/al02/al022024.public.010.shtml,"NHC Beryl advisory 10 (30 Jun 2024): Hurricane Warning for St. Lucia with surge 6 to 9 ft above normal; met.gov.lc shows sea-state forecasts and CAP alerts, no surge product."
VCT,Saint Vincent and the Grenadines,regional_only,via RSMC Miami (NHC); St. Vincent and the Grenadines Meteorological Services,,,https://www.nhc.noaa.gov/archive/2024/al02/al022024.public.010.shtml,NHC Beryl advisory 10 (30 Jun 2024): Hurricane Warning for St. Vincent and the Grenadines with surge 6 to 9 ft; meteo.gov.vc links to NHC and lists no surge product.
GRD,Grenada,regional_only,via RSMC Miami (NHC); Grenada Meteorological Service,,,https://www.nhc.noaa.gov/archive/2024/al02/al022024.public.010.shtml,"NHC Beryl advisory 10 (30 Jun 2024): Hurricane Warning for Grenada, surge 6 to 9 ft above normal near landfall (Carriacou); no national surge model or product found."
ATG,Antigua and Barbuda,regional_only,via RSMC Miami (NHC); Antigua and Barbuda Meteorological Service,,,https://www.nhc.noaa.gov/archive/2017/al11/al112017.public.030.shtml,NHC Irma advisory 30 (6 Sep 2017): Northern Leeward Islands surge 7 to 11 ft above normal; antiguamet.com relays NHC tropical products; no national surge model found.
DMA,Dominica,regional_only,via RSMC Miami (NHC); Dominica Meteorological Service,,,https://www.nhc.noaa.gov/archive/2017/al15/al152017.public.012.shtml,"NHC Maria advisory 12 (18 Sep 2017): Hurricane Warning for Dominica, surge 7 to 11 ft above normal in the warning area; weather.gov.dm lists flood watches, no surge product."
KNA,Saint Kitts and Nevis,regional_only,via RSMC Miami (NHC); St. Kitts and Nevis Meteorological Service,,,https://www.nhc.noaa.gov/archive/2017/al15/al152017.public.012.shtml,"NHC Maria advisory 12 (18 Sep 2017): Hurricane Warning for St. Kitts and Nevis with surge 7 to 11 ft above normal; no national met site reachable, no surge model found."
