stn,fold,country,n_surge,n_joined,n_masked_out,big4
abashiri-ma02-jpn-jodc_jma,train,jpn,440558,440558,8443,0
aberdeen-abe-gbr-bodc,train,gbr,438264,141452,226,0
aburatsu-354a-jpn-uhslc,train,jpn,504858,504858,9011,0
acajutla-082a-slv-uhslc,train,slv,330223,330223,3550,0
acapulco-316-mex-unam,train,mex,421612,421612,4406,0
adak_alaska-040a-usa-uhslc,train,usa,554605,161248,2948,0
ajaccio_aspretto-300-fra-refmar,train,fra,170940,155127,0,0
akune-gs15-jpn-jodc_giaj,train,jpn,430870,430870,6728,0
albany-62120-aus-bom,train,aus,458841,458841,3127,0
alesund-aes-nor-nhs,train,nor,498458,498458,2051,0
algeciras-alge-esp-ieo,train,esp,498356,100860,0,0
alicante_i-ali-esp-da_mm,train,esp,505026,60175,0,0
alitak-9457804-usa-noaa,train,usa,128982,128982,1664,0
almeria-alm-esp-cmems,train,esp,128540,128540,0,0
alpena_mi-9075065-usa-noaa,train,usa,133492,133492,1036,0
amami-ma73-jpn-jodc_jma,train,jpn,191534,167088,3528,0
american_falls_ny-9063009-usa-noaa,train,usa,393610,187892,1132,0
amherstburg_ontario-11995-can-meds,train,can,502345,115997,870,0
ancona-anx-ita-ispra,train,ita,253263,185946,0,0
annapolis-8575512-usa-noaa,train,usa,721442,168094,1288,0
antofagasta-080a-chl-uhslc,train,chl,599169,157515,1976,0
aomoriko-0104-jpn-jodc_pahb,train,jpn,445780,64616,1092,0
apalachicola_fl-760a-usa-uhslc,train,usa,366510,161706,1343,0
apia-401b-wsm-uhslc,train,wsm,219036,159117,2783,0
apra_harbor_guam-053a-usa-uhslc,train,usa,579230,61033,1552,0
arena_cove-9416841-usa-noaa,train,usa,298403,118653,1334,0
argentia-835-can-meds,train,can,405003,176291,676,0
arklowharbour-ark-irl-cmems,train,irl,152028,152028,169,0
asamushi-gs06-jpn-jodc_giaj,train,jpn,554766,174257,4287,0
ascension-291a-gbr-uhslc,train,gbr,117980,68056,338,0
ascension-asc-gbr-noc,train,gbr,117943,67613,338,0
atka-9461710-usa-noaa,train,usa,116864,116864,1931,0
avonmouth-avo-gbr-cmems,train,gbr,186152,113718,0,0
awashima-hd25-jpn-jodc_jcg,train,jpn,448728,167913,3952,0
ayukawa-ma11-jpn-jodc_jma,train,jpn,438189,157434,3450,0
bagenkop-bag-dnk-cmems,train,dnk,107658,107658,169,0
baie_comeau-2840-can-meds,train,can,177038,0,0,0
bake_a-3611-deu-wsv,train,deu,134029,134029,169,0
bake_c_scharhorn-3905-deu-wsv,train,deu,178231,160731,169,0
baltimore-8574680-usa-noaa,train,usa,992362,179553,1317,0
baltra-003b-ecu-uhslc,train,ecu,263249,137212,1524,0
bamfield_bc-8545-can-meds,train,can,441228,184572,1830,0
bangor-ban-gbr-cmems,train,gbr,184798,151165,167,0
bar_point_ontario-12005-can-meds,train,can,472656,472656,2391,0
barcelona-bar-esp-cmems,train,esp,235543,235543,97,0
bari-bar-ita-ispra,train,ita,259248,259248,251,0
barmouth-bar-gbr-cmems,train,gbr,206109,206109,169,0
batemans_bay_princess_jetty-216410-aus-bom,train,aus,197030,197030,2103,0
bath-bath-nld-rws,train,nld,417930,417930,460,0
batiscan-3345-can-meds,train,can,715350,603434,3199,0
bay_waveland_yacht_club-8747437-usa-noaa,train,usa,275865,275865,2687,0
bayonne_boucau-94-fra-refmar,train,fra,369524,369524,364,0
beaufort-8656483-usa-noaa,train,usa,409651,74250,863,0
becancour-3353-can-meds,train,can,242655,71010,506,0
bella_bella_bc-8976-can-meds,train,can,512433,183601,1590,0
benoa-163a-idn-uhslc,train,idn,97591,19721,746,0
bergen-bgo-nor-nhs,train,nor,828086,183433,455,0
bergen_point_west_reach-8519483-usa-noaa,train,usa,328796,183791,1205,0
bergse_diepsluis_west-bergsdswt-nld-rws,train,nld,253879,163666,169,0
berwick-8764044-usa-noaa,train,usa,151787,64697,683,0
bilbao-bil-esp-cmems,train,esp,248599,183166,0,0
bishops_head-8571421-usa-noaa,train,usa,136702,95524,570,0
bluff-072a-nzl-uhslc,train,nzl,199713,153731,2013,0
bodo-boo-nor-nhs,train,nor,530019,112388,336,0
bonanza-bon-esp-cmems,train,esp,244134,181058,0,0
booby_island-336a-aus-uhslc,train,aus,254968,162095,5016,0
boston-8443970-usa-noaa,train,usa,867737,117897,759,0
botany_bay-60390-aus-bom,train,aus,301259,173045,2408,0
bournemouth-bou-gbr-bodc,train,gbr,150796,119847,0,0
bremer_bay-bbbre01-aus-bom,train,aus,175011,164606,1661,0
brest-822a-fra-uhslc,train,fra,1390242,165842,0,0
bridgeport-8467150-usa-noaa,train,usa,439627,184614,1085,0
brisbane_bar-59980-aus-bom,train,aus,415048,174143,3904,0
brockville_ontario-14400-can-meds,train,can,349928,185362,942,0
broome-166a-aus-uhslc,train,aus,254774,162452,4088,0
brouwershavensche_gat_08-brouwhvsgt08-nld-rws,train,nld,338050,162793,169,0
brunswick_heads-202403-aus-bom,train,aus,277144,168224,3733,0
bryte_lab-byl-usa-cdwr,train,usa,316011,177808,2264,0
buenos_aires-285a-arg-uhslc,train,arg,483392,187059,1659,2
bundaberg_burnett_heads-59820-aus-bom,train,aus,457102,457102,7603,0
burlington_ontario-13150-can-meds,train,can,425197,425197,1704,0
burnie-344a-aus-uhslc,train,aus,227943,227943,2282,0
cabo_san_lucas-034a-mex-uhslc,train,mex,215026,215026,1742,0
caddadup-dvcad01-aus-bom,train,aus,214960,214960,2273,0
cadzand-cadzd-nld-rws,train,nld,417866,417866,459,0
cagliari-cag-ita-ispra,train,ita,225938,155878,0,0
calcasieu_pass-8768094-usa-noaa,train,usa,152818,152818,1454,0
callao-093b-per-uhslc,train,per,406933,144082,1653,0
calumet_harbor_il-9087044-usa-noaa,train,usa,438702,118508,966,0
cambridge-8571892-usa-noaa,train,usa,353024,73175,744,0
cananeia-281a-bra-uhslc,train,bra,457094,56153,363,0
cape_ferguson-h033007a-aus-bom,train,aus,208296,173334,3906,0
cape_hatteras_fishing_pier-8654400-usa-noaa,train,usa,190895,8651,266,0
cape_may-8536110-usa-noaa,train,usa,444334,75417,771,0
cape_town-704a-zaf-uhslc,train,zaf,290051,81188,169,0
cardwell-h035012a-aus-bom,train,aus,205350,172086,3989,0
carloforte-car-ita-ispra,train,ita,188610,183897,0,0
carnarvon-167a-aus-uhslc,train,aus,266193,163120,2889,0
cascais-209a-prt-uhslc,train,prt,362735,45416,0,0
castletownbere_port-cas-irl-mi_c,train,irl,122216,122216,169,0
catania-cat-ita-ispra,train,ita,333384,183099,0,0
cebu-379a-phl-uhslc,train,phl,115763,98444,3496,0
cendering-320a-mys-uhslc,train,mys,262892,34049,850,0
ceuta-207a-esp-uhslc,train,esp,622209,156598,0,0
charchanga-138a-bgd-uhslc,train,bgd,178305,8725,169,0
charleston_or-575a-usa-uhslc,train,usa,393208,166343,1644,0
charleston_sc-261b-usa-uhslc,train,usa,839884,166491,1402,0
charlottetown-1700-can-meds,train,can,791591,175301,845,0
cherbourg_60minute-che-fra-cmems,train,fra,405049,179494,0,0
chesapeake_bbt-749a-usa-uhslc,train,usa,363441,78292,266,0
chesapeake_city-8573927-usa-noaa,train,usa,238434,65908,592,0
chichijima-047a-jpn-uhslc,train,jpn,381884,61177,1163,0
choshigyoko-ma64-jpn-jodc_jma,train,jpn,388979,159991,4213,0
christiansted_harbor-9751364-usa-noaa,train,usa,130129,53558,757,0
churchill-274a-can-uhslc,train,can,462351,166012,1136,0
civitavecchia-civ-ita-ispra,train,ita,273487,182623,0,0
cleveland_oh-9063063-usa-noaa,train,usa,450430,188851,1134,0
clump_point-59168-aus-bom,train,aus,294115,171631,4132,0
coast_guard_sector_mobile-8736897-usa-noaa,train,usa,119878,55556,494,0
cocos-171a-aus-uhslc,train,aus,276222,162655,2551,0
coffs_harbour-205470-aus-bom,train,aus,183051,155106,3217,0
collingwood_ontario-11500-can-meds,train,can,517391,72186,507,0
colonial_beach-8635150-usa-noaa,train,usa,281346,33777,161,0
concarneau-160-fra-refmar,train,fra,185707,181249,0,0
conimicut_light-8452944-usa-noaa,train,usa,178065,177008,1116,0
cooktown-h066003a-aus-bom,train,aus,163580,163580,4405,0
cordova-9454050-usa-noaa,train,usa,370957,187133,2188,0
cornwall_ontario-14870-can-meds,train,can,511510,71881,501,0
corpus_cristi_tx-770a-usa-uhslc,train,usa,294954,166509,1402,0
crescent_city_ca-556a-usa-uhslc,train,usa,688483,61365,436,0
cristobal-266a-pan-uhslc,train,pan,900133,137053,1695,0
cromer-cro-gbr-bodc,train,gbr,234943,140817,169,0
crotone-cro-ita-ispra,train,ita,215989,167714,73,0
culebra-9752235-usa-noaa,train,usa,107366,85611,1035,0
cutler_naval_base-8411250-usa-noaa,train,usa,253467,25198,169,0
darwin-168a-aus-uhslc,train,aus,302017,166177,4949,0
daugavgriva-dau-lva-cmems,train,lva,106483,106483,587,0
dauphin_island_al-763a-usa-uhslc,train,usa,289217,144167,1125,0
davao-372b-phl-uhslc,train,phl,131991,125764,3843,0
davis-173a-aus-uhslc,train,aus,136146,78372,338,0
de_tour_village_mi-9075099-usa-noaa,train,usa,381877,188195,1206,0
deal_pier-dlp-gbr-cco,train,gbr,126503,126503,164,0
delaware_city-8551762-usa-noaa,train,usa,166573,166573,1208,0
den_helder-denhdr-nld-rws,train,nld,417741,163661,169,0
deschaillons-3335-can-meds,train,can,499932,183852,1009,0
devonport-60930-aus-bom,train,aus,258555,128108,963,0
diego_garcia-104d-gbr-uhslc,train,gbr,119824,119824,800,0
dieppe_60minute-die-fra-cmems,train,fra,423443,137848,0,0
dordrecht-dordt-nld-rws,train,nld,417821,163706,169,0
dover-dov-gbr-bodc,train,gbr,506532,125505,0,0
drogden-dro-dnk-cmems,train,dnk,234438,170614,169,0
dublin_port-dub-irl-mi_c,train,irl,123870,123751,338,119
duck_pier_nc-260a-usa-uhslc,train,usa,351315,164802,1039,0
duluth_mn-9099064-usa-noaa,train,usa,451814,188950,1507,0
dutch_harbor_ak-041b-usa-uhslc,train,usa,315437,60693,629,0
east_london-187a-zaf-uhslc,train,zaf,258824,104944,0,0
easter-022c-chl-uhslc,train,chl,362407,91376,845,0
eastport_me-740a-usa-uhslc,train,usa,733036,165350,676,0
eden-60530-aus-bom,train,aus,320892,169748,1971,0
elfin_cove-9452634-usa-noaa,train,usa,139397,61258,677,0
elhierro-elh-esp-cmems,train,esp,142797,142797,670,0
erieau_ontario-12250-can-meds,train,can,514861,185508,1036,0
esashiko-0140-jpn-jodc_pahb,train,jpn,303890,168351,3868,0
esmeraldas-098a-ecu-uhslc,train,ecu,187772,104051,1240,0
esperance-176a-aus-uhslc,train,aus,292426,162288,1844,0
esperanza-9752695-usa-noaa,train,usa,121651,121651,1592,0
essexville_mi-9075035-usa-noaa,train,usa,383105,188412,1303,0
euro_platform-eurpfm-nld-rws,train,nld,150223,150223,169,0
exmouth-62435-aus-bom,train,aus,218367,101905,1429,0
fairport_oh-9063053-usa-noaa,train,usa,398637,189069,1134,0
felixstowe-fel-gbr-cmems,train,gbr,166222,79942,0,0
fermi_power_plant_mi-9063090-usa-noaa,train,usa,443421,188599,1303,0
fernandina_beach-8720030-usa-noaa,train,usa,932108,184934,1738,0
fishermans_landing-h052003b-aus-bom,train,aus,113369,108394,2323,0
fishguard-fis-gbr-bodc,train,gbr,435243,80144,0,0
flores_santa_cruz-210a-prt-uhslc,train,prt,168527,33944,51,0
foglo_degerby-134252-fin-fmi,train,fin,439970,116646,338,0
forsmark-for-swe-cmems,train,swe,393401,112846,338,0
forster-209402-aus-bom,train,aus,251839,158162,3077,0
fort_denison-333a-aus-uhslc,train,aus,451765,164814,2415,0
fort_myers-8725520-usa-noaa,train,usa,430079,182356,1861,0
fort_point-8423898-usa-noaa,train,usa,126357,126357,506,0
fort_pulaski-8670870-usa-noaa,train,usa,720506,186924,1831,0
fort_wayne_mi-9044036-usa-noaa,train,usa,449550,188349,1303,0
fos_sur_mer-719-fra-refmar,train,fra,89946,89946,0,0
fredericia-fre-dnk-cmems,train,dnk,136694,136694,169,0
frederikshavn-fre-dnk-cmems,train,dnk,137205,60225,0,0
french_frigate-014a-usa-uhslc,train,usa,270588,53436,658,0
fukaura-ma57-jpn-jodc_jma,train,jpn,391670,164238,3985,0
fukue-ma50-jpn-jodc_jma,train,jpn,461036,174772,3356,0
furuogrund-2055-swe-smhi,train,swe,832620,165246,751,0
fushikitoyamako-0107-jpn-jodc_pahb,train,jpn,162182,162182,3734,0
fynshav-fyn-dnk-cmems,train,dnk,116842,49647,0,0
galway_port-gal-irl-mi_c,train,irl,121069,121069,338,0
gandia-gan-esp-cmems,train,esp,115884,77007,0,0
gedser-837a-dnk-uhslc,train,dnk,989186,110229,0,0
genova-gen-ita-ispra,train,ita,170277,165740,0,0
geting-326a-mys-uhslc,train,mys,252439,139250,4095,0
gibraltar-289a-gbr-uhslc,train,gbr,289605,65009,0,0
gibraltar_mi-9044020-usa-noaa,train,usa,450685,189016,1303,0
gijon-gij-esp-cmems,train,esp,219047,180767,0,0
gladstone-59750-aus-bom,train,aus,351818,168010,4075,0
gloucester_point-8637624-usa-noaa,train,usa,227615,8726,266,0
gobo-ma68-jpn-jodc_jma,train,jpn,125517,125517,2915,0
goidschalxoord-goidsod-nld-rws,train,nld,419121,163678,169,0
gold_coast_southport-60051-aus-bom,train,aus,176845,69843,1770,0
gomera-gom-esp-cmems,train,esp,118859,118859,676,0
goteborgorsh-819a-swe-uhslc,train,swe,408250,34755,0,0
gouda_brug-goudbg-nld-rws,train,nld,325871,163742,169,0
grand_isle_la-765a-usa-uhslc,train,usa,331863,92145,609,0
green_bay_wi-9087079-usa-noaa,train,usa,351110,178414,1111,0
greifswald_wiek-gre-deu-bfg,train,deu,205673,68648,0,0
grena-gre-dnk-cmems,train,dnk,246607,170643,167,0
groote_eylandt-145a-aus-uhslc,train,aus,218895,164497,4715,0
gros_cap_ontario-10920-can-meds,train,can,500959,71996,507,0
hachijyojima-hd11-jpn-jodc_jcg,train,jpn,543783,104544,2277,0
hachinohe-375a-jpn-uhslc,train,jpn,270100,95774,2677,0
hagestein_beneden-hagsbndn-nld-rws,train,nld,417822,163733,169,0
hakata-hd18-jpn-jodc_jcg,train,jpn,471185,70094,1068,0
hakodate-364a-jpn-uhslc,train,jpn,447805,164106,4185,0
halifax-490-can-meds,train,can,830806,116217,507,0
hamada-ma66-jpn-jodc_jma,train,jpn,305036,170837,3621,0
hamina_pitajansaari-134254-fin-fmi,train,fin,433239,71937,0,0
hammerfest-hft-nor-nhs,train,nor,494937,179982,845,0
hanasaki-ma03-jpn-jodc_jma,train,jpn,459935,171548,4252,0
hanimaadhoo-117b-mdv-uhslc,train,mdv,131452,131452,1792,0
hanko_pikku_kolalahti-134253-fin-fmi,train,fin,434128,184828,838,0
hansweert-hanswt-nld-rws,train,nld,417916,163718,169,0
harbor_beach_mi-9075014-usa-noaa,train,usa,451315,74876,697,0
haringvliet_10-harvt10-nld-rws,train,nld,306928,163767,169,0
harrisville_mi-9075059-usa-noaa,train,usa,312433,68088,338,0
harstad-har-nor-nhs,train,nor,560210,182044,845,0
harvest_oil_p_ca-594a-usa-uhslc,train,usa,152628,133230,1584,0
harvey-dvhar01-aus-bom,train,aus,232587,146154,1790,0
havre_de_grace-8574070-usa-noaa,train,usa,121293,0,0,0
hay_point-59511-aus-bom,train,aus,302539,173612,4075,0
heimsjo-hei-nor-nhs,train,nor,749039,179637,843,0
helgeroa-hro-nor-nhs,train,nor,360654,181062,503,0
helgoland-84-deu-wsv,train,deu,201274,181946,169,0
helsinki_kaivopuisto-132310-fin-fmi,train,fin,429382,182965,829,0
herne_bay-hby-gbr-cco,train,gbr,194475,166974,169,0
hesnaes-hes-dnk-cmems,train,dnk,155114,87279,0,0
heysham-hey-gbr-bodc,train,gbr,402117,146036,235,0
hilo_hawaii-060a-usa-uhslc,train,usa,673151,61317,507,0
hinkley_point-hin-gbr-bodc,train,gbr,238636,155181,0,0
hirarako-0151-jpn-jodc_pahb,train,jpn,145874,145874,3035,0
hiroshima-hd14-jpn-jodc_jcg,train,jpn,581173,171690,3602,0
hoek_van_holland-hoekvhld-nld-rws,train,nld,426704,163764,169,0
holland_mi-9087031-usa-noaa,train,usa,424854,181170,1301,0
holwerd-holwd-nld-rws,train,nld,300822,56152,169,0
honningsvag-801a-nor-uhslc,train,nor,218395,34750,0,0
honolulu_hawaii-057b-usa-uhslc,train,usa,985054,166557,2027,0
huelva-hue-esp-cmems,train,esp,212006,70392,0,0
huibertgat-huibgt-nld-rws,train,nld,399987,163590,169,0
i_295_bridge-8720357-usa-noaa,train,usa,129165,69577,346,0
ibiza-ibi-esp-cmems,train,esp,149825,149825,0,0
ijmuiden_buitenhaven-ijmdbthvn-nld-rws,train,nld,330264,163762,169,0
ilfracombe-ilf-gbr-bodc,train,gbr,295434,146649,43,0
ilha_fiscal_rj-280a-bra-uhslc,train,bra,424191,34933,266,0
immingham-imm-gbr-bodc,train,gbr,473268,136070,233,0
ince_point-58140-aus-bom,train,aus,268763,168522,5125,0
irouzaki-ma78-jpn-jodc_jma,train,jpn,192735,167094,4262,0
ishigaki-ma45-jpn-jodc_jma,train,jpn,442966,172581,3564,0
ishikariko-0145-jpn-jodc_pahb,train,jpn,183078,41898,675,0
iwanaiko-0137-jpn-jodc_pahb,train,jpn,299584,98679,1955,0
jackson_bay-65180-nzl-bom,train,nzl,185190,86613,974,0
jakarta-161a-idn-uhslc,train,idn,111768,29697,799,0
johnston_atoll-1619000-usa-noaa,train,usa,227205,21721,169,0
johor_baharu-321a-mys-uhslc,train,mys,248976,32075,801,0
juelsminde-jue-dnk-cmems,train,dnk,183710,164881,164,0
juneau-9452210-usa-noaa,train,usa,364375,118453,1312,0
jurien_bay-jujur01-aus-bom,train,aus,245313,170610,2105,0
juten_sjov-35101-swe-smhi,train,swe,102034,102034,169,0
kagoshima-ma42-jpn-jodc_jma,train,jpn,455324,174916,3531,0
kahului-1615680-usa-noaa,train,usa,551993,188154,2242,0
kainan-gs05-jpn-jodc_giaj,train,jpn,568651,174935,4134,0
kalix_storon-2157-swe-smhi,train,swe,359328,62988,0,0
kamaishi-hd05-jpn-jodc_jcg,train,jpn,537273,93835,1771,0
kanazawako-0105-jpn-jodc_pahb,train,jpn,157170,157170,3608,0
kaohsiung-340a-chn-uhslc,train,chn,308454,42578,752,0
kapingamarangi-029a-fsm-uhslc,train,fsm,293056,46591,1188,0
kariya-gs17-jpn-jodc_giaj,train,jpn,401202,57028,899,0
karumba-63580-aus-bom,train,aus,287100,171501,4310,0
kashimako-0101-jpn-jodc_pahb,train,jpn,189607,102249,2257,0
kashiwazaki-gs08-jpn-jodc_giaj,train,jpn,525830,171001,4059,0
kaskinen-kas-fin-cmems,train,fin,418945,173597,827,0
katsuura-gs11-jpn-jodc_giaj,train,jpn,453812,172368,4076,0
kawaihae-552a-usa-uhslc,train,usa,241793,163369,1859,0
keizersveer-keizvr-nld-rws,train,nld,355207,58278,0,0
kelang-140a-mys-uhslc,train,mys,266025,62508,1802,0
keling-141a-mys-uhslc,train,mys,266850,135814,4137,0
kemi_ajos-100539-fin-fmi,train,fin,398934,174295,806,0
kerguelen-180a-fra-uhslc,train,fra,170823,34362,365,0
ketchikan_ak-571a-usa-uhslc,train,usa,673670,166022,1400,0
key_west_fl-242a-usa-uhslc,train,usa,907517,96002,787,0
kielholtenau-kie-deu-cmems,train,deu,129767,129767,165,0
kings_point-8516945-usa-noaa,train,usa,198613,188504,1207,0
kingsville_ontario-12065-can-meds,train,can,510935,185801,1039,0
kinlochbervie-kin-gbr-bodc,train,gbr,219126,59020,66,0
kiptopeke-8632200-usa-noaa,train,usa,383507,187931,1471,0
klagshamn-kla-swe-cmems,train,swe,771088,69791,0,0
knysna-186a-zaf-uhslc,train,zaf,294811,114767,0,0
ko_lak-328a-tha-uhslc,train,tha,284209,158453,3641,0
ko_taphao_noi-148a-tha-uhslc,train,tha,292152,162944,3888,0
kobe-ma31-jpn-jodc_jma,train,jpn,473148,70090,1355,0
kochi-ma38-jpn-jodc_jma,train,jpn,403577,158948,3869,0
kodiak_island-9457292-usa-noaa,train,usa,321059,117684,1472,0
kolka-kol-lva-cmems,train,lva,105702,63755,333,0
komatsushima-ma36-jpn-jodc_jma,train,jpn,467776,105041,2127,0
kornwerderzand_buiten-kornwdzbtn-nld-rws,train,nld,417192,163487,169,0
koserow-kos-deu-cmems,train,deu,114283,76884,169,0
kota_kinabalu-386a-mys-uhslc,train,mys,230722,123407,3981,0
kozushima-hd09-jpn-jodc_jcg,train,jpn,444514,171738,4276,0
krammersluizen_west-krammszwt-nld-rws,train,nld,260076,163724,169,0
kreekrak_noord-kreekrnd-nld-rws,train,nld,344344,127243,169,0
krimpen_ad_ijssel-krimpadijsl-nld-rws,train,nld,417754,163734,169,0
krimpen_ad_lek-krimpadlk-nld-rws,train,nld,417696,163695,169,0
kristiansund-ksu-nor-nhs,train,nor,570782,179065,676,0
kronstadt-kro-rus-cmems,train,rus,105723,105723,466,0
kuantan-322a-mys-uhslc,train,mys,276797,33911,923,0
kujiko-0111-jpn-jodc_pahb,train,jpn,143507,58488,1044,0
kukup-325a-mys-uhslc,train,mys,258442,137641,4132,0
kungsholmsfort-2088-swe-smhi,train,swe,1138511,114563,334,0
kure-gs13-jpn-jodc_giaj,train,jpn,413447,104826,1980,0
kure-hd13-jpn-jodc_jcg,train,jpn,507592,70106,1044,0
kushiro-350a-jpn-uhslc,train,jpn,470264,59750,1246,0
kutsugatako-0129-jpn-jodc_pahb,train,jpn,276288,142396,3408,0
kwajalein-1820000-usa-noaa,train,usa,393320,184128,3742,0
la_jolla_ca-554a-usa-uhslc,train,usa,776598,154708,1282,0
la_libertad-091a-ecu-uhslc,train,ecu,588548,159570,2082,0
la_push-9442396-usa-noaa,train,usa,148947,148947,1837,0
lac_saint_pierre-15975-can-meds,train,can,486970,69191,409,0
lampedusa-lam-ita-ispra,train,ita,192409,185166,0,0
landsort_norra-2507-swe-smhi,train,swe,143912,143912,507,0
langkawi-142a-mys-uhslc,train,mys,279476,156930,4141,0
las_palmas-217d-esp-uhslc,train,esp,224133,148274,338,0
lauwersoog-lauwog-nld-rws,train,nld,417497,163572,169,0
lauzon-3250-can-meds,train,can,863421,111369,338,0
lawma-8764227-usa-noaa,train,usa,133937,133937,1471,0
le_conquet-152-fra-refmar,train,fra,422521,65949,0,0
le_crouesty-185-fra-refmar,train,fra,141391,139135,0,0
lehavre_60minute-leh-fra-cmems,train,fra,434535,175905,0,0
leith-lei-gbr-bodc,train,gbr,249324,53762,66,0
lerwick-293a-gbr-uhslc,train,gbr,472310,120743,169,0
lessablesdolonne_60minute-les-fra-cmems,train,fra,260806,171678,0,0
lewes-8557380-usa-noaa,train,usa,675804,187562,1374,0
lewisetta-8635750-usa-noaa,train,usa,377305,114265,837,0
lichteiland_goeree-lichtelgre-nld-rws,train,nld,149625,149625,169,0
lime_tree_bay-9751401-usa-noaa,train,usa,316873,114637,1235,0
little_current_ontario-11195-can-meds,train,can,514477,181120,1111,0
liverpool_gladstone_dock-liv-gbr-bodc,train,gbr,209065,139828,6,0
livorno-liv-ita-ispra,train,ita,307740,186002,0,0
lobos_de_afuera-084a-per-uhslc,train,per,268426,35813,654,0
lombrum-56130-png-bom,train,png,204587,166236,5551,0
longview-9440422-usa-noaa,train,usa,168392,168392,1989,0
lord_howe-399b-aus-uhslc,train,aus,233595,157906,3108,0
lorne-60790-aus-bom,train,aus,225819,165134,1606,0
los_angeles_ca-567a-usa-uhslc,train,usa,824584,166555,1789,0
low_head-60948-aus-bom,train,aus,110398,110398,672,0
lower_escuminac-2000-can-meds,train,can,393151,178896,836,0
lower_iroquois_ontario-14602-can-meds,train,can,504108,114173,601,0
lowestoft-low-gbr-cmems,train,gbr,261366,177139,169,0
lucinda_offshore-59200-aus-bom,train,aus,296725,169712,4003,0
luderitz-702a-zaf-uhslc,train,zaf,336950,58931,0,0
lumut-143a-mys-uhslc,train,mys,263783,135747,4069,0
lymington-lym-gbr-cco,train,gbr,111217,111217,0,0
maassluis-maasss-nld-rws,train,nld,417768,163721,169,0
mackay_outer_harbour-59510-aus-bom,train,aus,406294,173915,4007,0
mackinaw_city_mi-9075080-usa-noaa,train,usa,448021,188535,1206,0
macquarie_is-680c-aus-uhslc,train,aus,85941,53552,542,0
magueyes_island-9759110-usa-noaa,train,usa,518625,70258,1051,0
maisaka-356a-jpn-uhslc,train,jpn,431143,94947,2269,0
maizuru-hd24-jpn-jodc_jcg,train,jpn,500959,67527,1851,0
maizuru-ma55-jpn-jodc_jma,train,jpn,431859,169530,3935,0
makurazaki-ma43-jpn-jodc_jma,train,jpn,458428,104648,1769,0
malaga-mal-esp-cmems,train,esp,247084,182566,0,0
malakal-007b-plw-uhslc,train,plw,419471,164010,5139,0
malin_head-834a-irl-uhslc,train,irl,363158,17090,0,0
maloy-may-nor-nhs,train,nor,615888,181894,666,0
manila-370a-phl-uhslc,train,phl,250216,114509,3610,0
manta-089b-ecu-uhslc,train,ecu,158747,87763,1265,0
manzanillo-395b-mex-uhslc,train,mex,157973,114489,871,0
marblehead_oh-9063079-usa-noaa,train,usa,433524,182978,1134,0
marquette_cg_mi-9099018-usa-noaa,train,usa,363629,188324,1109,0
marsden_point-398a-nzl-uhslc,train,nzl,318396,162884,2449,0
marseille-824a-fra-uhslc,train,fra,899257,84797,0,0
marviken-2076-swe-smhi,train,swe,479839,172766,676,0
masirah-113a-omn-uhslc,train,omn,166158,52437,268,0
matsumaeko-0121-jpn-jodc_pahb,train,jpn,304871,169772,3948,0
matsuyama-ma34-jpn-jodc_jma,train,jpn,506847,69771,1043,0
mawson-177a-aus-uhslc,train,aus,144509,50816,0,0
mayport_ferry_depot-8720220-usa-noaa,train,usa,630381,0,0,0
melilla-mel-esp-cmems,train,esp,111264,111264,0,0
menominee_mi-9087088-usa-noaa,train,usa,137550,137550,1037,0
michipicoten_ontario-10750-can-meds,train,can,511822,183652,1014,0
midway-050a-usa-uhslc,train,usa,592885,92597,1014,0
mikuni-gs12-jpn-jodc_giaj,train,jpn,440240,67335,1338,0
milford_haven-mha-gbr-bodc,train,gbr,379253,90407,235,0
millport-mil-gbr-bodc,train,gbr,306126,154315,182,0
milwaukee_wi-9087057-usa-noaa,train,usa,449131,189049,1304,0
minamiizu-hd12-jpn-jodc_jcg,train,jpn,377210,69738,2142,0
minamitorishima-049a-jpn-uhslc,train,jpn,179245,87521,1526,0
miri-388a-mys-uhslc,train,mys,120191,76833,2495,0
misumi-ma46-jpn-jodc_jma,train,jpn,445481,113974,2694,0
miyakejima-357a-jpn-uhslc,train,jpn,473721,164257,4283,0
miyakeshima-ma71-jpn-jodc_jma,train,jpn,184216,159929,4044,0
miyako-ma09-jpn-jodc_jma,train,jpn,432134,137598,3055,0
miyazakiko-0113-jpn-jodc_pahb,train,jpn,159202,98649,2005,0
moji-hd17-jpn-jodc_jcg,train,jpn,430840,72283,1696,0
mokuoloe-1612480-usa-noaa,train,usa,347142,187449,2249,0
mona_island-9759938-usa-noaa,train,usa,119848,119848,1790,0
monbetsu-hd01-jpn-jodc_jcg,train,jpn,437276,17283,330,0
money_point-8639348-usa-noaa,train,usa,202740,116914,966,0
montauk-8510560-usa-noaa,train,usa,593248,174943,1102,0
monterey_ca-555a-usa-uhslc,train,usa,394058,166542,1886,0
mooloolaba-59950-aus-bom,train,aus,295900,175301,3834,0
morrisburg_ontario-14660-can-meds,train,can,250060,180217,742,0
mossel_bay-185a-zaf-uhslc,train,zaf,348681,121750,0,0
mourilyan_harbour-59140-aus-bom,train,aus,301776,105172,2471,0
mumbles-mum-gbr-bodc,train,gbr,153484,104485,169,0
muroran-hd03-jpn-jodc_jcg,train,jpn,354425,71500,2251,0
murotomisaki-ma37-jpn-jodc_jma,train,jpn,433411,69166,1200,0
mutsuogawara-0110-jpn-jodc_pahb,train,jpn,157032,157032,3772,0
nakano_shima-345a-jpn-uhslc,train,jpn,302735,165397,3539,0
nanaoko-0106-jpn-jodc_pahb,train,jpn,161963,161963,3717,0
nantucket_island-8449130-usa-noaa,train,usa,476450,74278,744,0
napier-668a-nzl-uhslc,train,nzl,225007,95611,1477,0
naples_fl-757a-usa-uhslc,train,usa,458355,160065,1498,0
napoli-nap-ita-ispra,train,ita,235065,142412,0,0
nardana_patches-58178-aus-bom,train,aus,120337,77415,2368,0
narvik-nvk-nor-nhs,train,nor,670464,70104,0,0
nauru-004b-nru-uhslc,train,nru,206408,155741,3737,0
nawiliwili-1611400-usa-noaa,train,usa,576872,185221,2227,0
naze-hd22-jpn-jodc_jcg,train,jpn,527381,174898,3771,0
neah_bay_wa-558a-usa-uhslc,train,usa,719180,96266,968,0
nelson-077a-nzl-uhslc,train,nzl,202693,91607,1404,0
nes-nes-nld-rws,train,nld,417430,163530,169,0
new_haven-8465705-usa-noaa,train,usa,188373,186575,1208,0
new_london_ct-744a-usa-uhslc,train,usa,672484,162941,772,0
newcastle-60310-aus-bom,train,aus,468586,174281,2784,0
newhaven-new-gbr-cmems,train,gbr,248148,179091,0,0
newlyn-new-gbr-bodc,train,gbr,767391,172182,0,0
newport-new-gbr-cmems,train,gbr,207726,150889,0,0
newport_ri-253a-usa-uhslc,train,usa,743983,166181,773,0
nezugaseki-gs07-jpn-jodc_giaj,train,jpn,516642,166673,3773,0
nikiski-9455760-usa-noaa,train,usa,237891,185970,2296,0
nikolski-9462450-usa-noaa,train,usa,117184,117184,2294,0
nishinoomote-363a-jpn-uhslc,train,jpn,463350,96000,1880,0
nome_ak-595a-usa-uhslc,train,usa,186947,155589,1921,0
noordwijk_meetpost-noordwmpt-nld-rws,train,nld,201018,57049,0,0
nordrerose-nor-dnk-cmems,train,dnk,157490,104515,132,0
norfolk_island-57700-aus-bom,train,aus,177475,130849,2484,0
north_shields-nsh-gbr-bodc,train,gbr,412091,170950,235,0
north_sydney-612-can-meds,train,can,436445,182909,845,0
noto-ma80-jpn-jodc_jma,train,jpn,188886,164104,3959,0
nuku_hiva-031a-fra-uhslc,train,fra,226357,129319,1856,0
nylesund-823a-nor-uhslc,train,nor,340094,60473,0,0
ocean_city_inlet-8570283-usa-noaa,train,usa,174310,164111,1105,0
odomari-hd20-jpn-jodc_jcg,train,jpn,469541,171747,3480,0
ofunato-ma10-jpn-jodc_jma,train,jpn,464782,162545,3599,0
oga-gs14-jpn-jodc_giaj,train,jpn,410174,101255,2141,0
ogdensburg_ny-8311030-usa-noaa,train,usa,525864,188165,1037,0
ogi-gs20-jpn-jodc_giaj,train,jpn,399323,173558,4096,0
oita-hd16-jpn-jodc_jcg,train,jpn,455980,174918,3436,0
okushiri-gs24-jpn-jodc_giaj,train,jpn,212915,102184,1992,0
olandsnorraudde-ola-swe-cmems,train,swe,483272,180700,671,0
olcott_ny-9052076-usa-noaa,train,usa,461868,181569,1134,0
omaezaki-ma20-jpn-jodc_jma,train,jpn,500861,68933,1351,0
ominato-hd04-jpn-jodc_jcg,train,jpn,478283,71980,2120,0
oregon_inlet_marina-8652587-usa-noaa,train,usa,276975,187488,1472,0
osaka-ma30-jpn-jodc_jma,train,jpn,516525,70103,1355,0
oscarsborg-osc-nor-nhs,train,nor,512505,113109,335,0
oshoro-gs04-jpn-jodc_giaj,train,jpn,730938,172771,4113,0
oskarshamn-2085-swe-smhi,train,swe,526962,116156,338,0
oslo-osl-nor-nhs,train,nor,869739,181884,676,0
oswego_ny-9052030-usa-noaa,train,usa,505802,189015,1134,0
otaru-ma77-jpn-jodc_jma,train,jpn,193185,100867,2022,0
otaruko-0138-jpn-jodc_pahb,train,jpn,250479,111101,3140,0
otranto-otr-ita-ispra,train,ita,239060,179193,73,0
oudeschild-oudsd-nld-rws,train,nld,417059,163436,169,0
oulu-oul-fin-cmems,train,fin,416222,103685,334,0
owase-ma24-jpn-jodc_jma,train,jpn,458603,171378,3960,0
oyster_landing_n_inlet_estuary-8662245-usa-noaa,train,usa,149728,149728,1471,0
pago_bay-1631428-usa-noaa,train,usa,128499,128499,3516,0
pago_pago-056a-asm-uhslc,train,asm,593266,160436,2683,0
paldiski-pal-est-cmems,train,est,108985,108985,503,0
palermo-pal-ita-ispra,train,ita,167559,151161,0,0
palinuro-pal-ita-ispra,train,ita,262505,185343,0,0
palmeira-235a-cpv-uhslc,train,cpv,153218,153218,845,0
panama_city-8729108-usa-noaa,train,usa,375856,182982,1805,0
panama_city_beach-8729210-usa-noaa,train,usa,195705,137053,1308,0
parnu-par-est-cmems,train,est,91643,41208,0,0
parry_sound_ontario-11375-can-meds,train,can,516979,116281,772,0
pascagoula_noaa_lab-8741533-usa-noaa,train,usa,137313,93806,790,0
patricia_bay_bc-7277-can-meds,train,can,387974,184709,1838,0
peel_inlet-plpee01-aus-bom,train,aus,259975,142181,1772,0
penang-144a-mys-uhslc,train,mys,264937,137515,4190,0
pensacola_fl-762a-usa-uhslc,train,usa,805775,156013,1358,0
petten_zuid-pettzd-nld-rws,train,nld,350477,153516,169,0
philadelphia-8545240-usa-noaa,train,usa,280896,187951,1373,0
pietarsaari_leppaluoto-134250-fin-fmi,train,fin,416147,111807,332,0
pisco-683b-per-uhslc,train,per,158094,48513,365,0
plymouth-ply-gbr-cmems,train,gbr,240323,101338,0,0
point_iroquois_mi-9099004-usa-noaa,train,usa,451648,188774,1109,0
point_reyes-9415020-usa-noaa,train,usa,399922,187544,2456,0
pointe_des_cascades-15220-can-meds,train,can,512040,168243,822,0
pointe_pitre-272a-fra-uhslc,train,fra,179869,102340,1017,0
ponta_delgada-211a-prt-uhslc,train,prt,264670,153724,507,0
pori-por-fin-cmems,train,fin,411856,173952,823,0
port_adelaide_inner_harbor-61610-aus-bom,train,aus,510962,142266,1653,0
port_adelaide_outer_harbor-61600-aus-bom,train,aus,672738,174556,1840,0
port_alberni_bc-8575-can-meds,train,can,308164,79513,1161,0
port_alexander-9451054-usa-noaa,train,usa,121245,56696,530,0
port_alfred-3460-can-meds,train,can,287282,121906,675,0
port_alma-59690-aus-bom,train,aus,296040,174378,3978,0
port_angeles_wa-584a-usa-uhslc,train,usa,263399,166383,1475,0
port_bloc-15-fra-refmar,train,fra,279738,61058,0,0
port_chalmers-669a-nzl-uhslc,train,nzl,202311,165131,2129,0
port_colborne_ontario-12865-can-meds,train,can,535229,185436,1036,0
port_dover_ontario-12710-can-meds,train,can,506215,183394,1039,0
port_fourchon-8762075-usa-noaa,train,usa,150658,150658,1346,0
port_giles-61685-aus-bom,train,aus,223038,68570,794,0
port_hardy_bc-8408-can-meds,train,can,488696,184604,1596,0
port_hedland-169a-aus-uhslc,train,aus,298915,163132,3446,0
port_isabel-8779770-usa-noaa,train,usa,637436,73707,933,0
port_kembla-342a-aus-uhslc,train,aus,238215,165126,2391,0
port_lincoln-61900-aus-bom,train,aus,469492,169301,1672,0
port_louis-103c-mus-uhslc,train,mus,280673,164337,774,0
port_macquarie-207420-aus-bom,train,aus,276298,170060,3331,0
port_nolloth-701a-zaf-uhslc,train,zaf,399429,69306,0,0
port_orford_or-557a-usa-uhslc,train,usa,308025,84081,967,0
port_pirie-61800-aus-bom,train,aus,743013,171974,2016,0
port_saint_francois-3365-can-meds,train,can,346774,148495,1005,0
port_san_luis-9412110-usa-noaa,train,usa,610800,188104,2167,0
port_stanley_ontario-12400-can-meds,train,can,532321,166106,870,0
port_stanvac-100a-aus-uhslc,train,aus,159569,26092,460,0
port_townsend-9444900-usa-noaa,train,usa,400485,188419,1897,0
port_vendres-75-fra-refmar,train,fra,243072,114394,0,0
port_vila-046b-vut-uhslc,train,vut,218590,60221,1649,0
port_weller_ontario-13030-can-meds,train,can,534445,185900,1039,0
portellen-por-gbr-cmems,train,gbr,169341,25012,0,0
porterin-por-gbr-cmems,train,gbr,166198,126732,152,0
portland_me-252a-usa-uhslc,train,usa,924525,165677,676,0
portland_victoria-129a-aus-uhslc,train,aus,243013,165751,1925,0
portneuf-3300-can-meds,train,can,457728,183450,1008,0
porto_empedocle-por-ita-ispra,train,ita,221798,63712,0,0
porto_torres-por-ita-ispra,train,ita,235691,180371,0,0
portpatrick-por-gbr-cmems,train,gbr,240024,67155,0,0
portrush-pru-gbr-bodc,train,gbr,199036,160773,168,0
prince_rupert_bc-9354-can-meds,train,can,783445,113905,1089,0
providence-8454000-usa-noaa,train,usa,631883,186558,1188,0
prudhoe_bay_ak-579a-usa-uhslc,train,usa,240557,161521,1754,0
puerto_princesa-380a-phl-uhslc,train,phl,122143,57073,1784,0
queen_charlotte_city-9850-can-meds,train,can,494757,183959,1596,0
quonset_point-8454049-usa-noaa,train,usa,180891,115261,786,0
raahe-raa-fin-cmems,train,fin,401053,166794,783,0
rak_noord-raknd-nld-rws,train,nld,413807,57749,0,0
rak_zuid-rakzd-nld-rws,train,nld,417719,163701,169,0
ratan-2056-swe-smhi,train,swe,1041030,104420,276,0
rauma-rau-fin-cmems,train,fin,428736,176003,843,0
ravenna-rav-ita-ispra,train,ita,225691,54354,0,0
red_dog_dock-9491094-usa-noaa,train,usa,143757,143757,2032,0
reggio_calabria-reg-ita-ispra,train,ita,182620,181237,73,0
reunion-164a-fra-uhslc,train,fra,281619,144440,606,0
richards_bay-188a-zaf-uhslc,train,zaf,194254,115079,580,0
rimouski-2985-can-meds,train,can,300322,70500,503,0
ringhals-2105-swe-smhi,train,swe,440464,113705,329,0
riviere_au_renard-2330-can-meds,train,can,418788,168558,838,0
rock_cut_mi-9076024-usa-noaa,train,usa,172959,172959,936,0
rockport_tx-769a-usa-uhslc,train,usa,538170,53421,359,0
rodby-rod-dnk-cmems,train,dnk,135377,135377,169,0
rodrigues-105a-mus-uhslc,train,mus,263569,153813,613,0
rodvig-rod-dnk-cmems,train,dnk,233019,163494,169,0
roompot_binnen-roompbnn-nld-rws,train,nld,275687,163374,169,0
rorvik-rvk-nor-nhs,train,nor,430402,112514,337,0
roscoff_60minute-ros-fra-cmems,train,fra,392012,172072,0,0
rosslyn_bay-330a-aus-uhslc,train,aus,224535,60682,1556,0
rossport_ontario-10220-can-meds,train,can,455260,185050,1352,0
rothera-rot-gbr-noc,train,gbr,124822,124822,1039,0
rough_and_ready_island-rri-usa-cdwr,train,usa,176216,176216,2296,0
sabine_pass_north-8770570-usa-noaa,train,usa,304269,177914,1666,0
sacramento_r_at_snodgrass-sgx-usa-cdwr,train,usa,324511,182141,2296,0
sado-ma79-jpn-jodc_jma,train,jpn,189764,164412,3957,0
sagunto-sag-esp-cmems,train,esp,116785,116785,0,0
saigo-ma54-jpn-jodc_jma,train,jpn,494474,169616,3781,0
saint_francois_io-3100-can-meds,train,can,497927,183673,1014,0
saint_john-65-can-meds,train,can,850336,155406,841,0
saint_joseph_de_la_rive-3057-can-meds,train,can,413074,181706,1013,0
saint_malo-410-fra-refmar,train,fra,228877,181909,0,0
sainte_anne_de_bellevue-16005-can-meds,train,can,471479,170228,835,0
saipan-028b-usa-uhslc,train,usa,311754,139068,3785,0
sakai-ma53-jpn-jodc_jma,train,jpn,421605,162408,3609,0
sakatako-0102-jpn-jodc_pahb,train,jpn,155244,155244,3652,0
salerno-sal-ita-ispra,train,ita,203075,166487,0,0
salvador-708b-bra-uhslc,train,bra,122330,122330,845,0
san_andres-737a-col-uhslc,train,col,135381,112994,1645,0
san_diego-9410170-usa-noaa,train,usa,987832,188608,2076,0
san_felix-035a-chl-uhslc,train,chl,233100,149887,1693,0
san_joaquin_r_at_brandt_bridge-bdt-usa-cdwr,train,usa,137614,93867,1282,0
san_joaquin_r_at_rindge_pump-rgp-usa-cdwr,train,usa,326600,179738,2128,0
san_juan_pr-245a-usa-uhslc,train,usa,346828,165519,1718,0
sand_point-9459450-usa-noaa,train,usa,414287,116396,1949,0
sandown_pier-sdp-gbr-cco,train,gbr,122013,122013,0,0
sandy_hook-8531680-usa-noaa,train,usa,813712,185897,1201,0
santa_barbara_ca-577a-usa-uhslc,train,usa,192251,119001,1596,0
santa_cruz-030a-ecu-uhslc,train,ecu,339607,164359,1693,0
santa_monica_ca-578a-usa-uhslc,train,usa,374776,166127,1789,0
santander-san-esp-cmems,train,esp,248956,183710,0,0
sassnitz-sas-deu-cmems,train,deu,129165,129165,166,0
sault_ste_marie_ontario-10980-can-meds,train,can,500203,184540,1014,0
scheveningen-schevngn-nld-rws,train,nld,417955,163770,169,0
schiermonnikoog-schiermnog-nld-rws,train,nld,417643,163610,169,0
scott_base-663a-nzl-uhslc,train,nzl,83564,48330,338,0
seavey_island-8419870-usa-noaa,train,usa,478362,19917,338,0
sedili-324a-mys-uhslc,train,mys,249197,138382,4176,0
seldovia_ak-561a-usa-uhslc,train,usa,337679,156284,1863,0
sendaiko-0112-jpn-jodc_pahb,train,jpn,85318,18771,413,0
sept_iles-2780-can-meds,train,can,381030,70315,505,0
settlement_point-257b-bhs-uhslc,train,bhs,133456,133456,1231,0
seward-9455090-usa-noaa,train,usa,379556,188287,2276,0
sewells_point-8638610-usa-noaa,train,usa,800306,186954,1468,0
shediac_bay-1805-can-meds,train,can,284657,130281,675,0
sheerness-she-gbr-bodc,train,gbr,342463,78088,0,0
shibushiko-0114-jpn-jodc_pahb,train,jpn,165201,165201,3336,0
shimizuminato-ma19-jpn-jodc_jma,train,jpn,477386,69039,1339,0
shimokita-ma74-jpn-jodc_jma,train,jpn,198881,172982,4252,0
shimonoseki-ma51-jpn-jodc_jma,train,jpn,405894,107505,2325,0
ship_john_shoal-8537121-usa-noaa,train,usa,152894,59134,424,0
shirahama-ma27-jpn-jodc_jma,train,jpn,447641,173324,4007,0
sibolga-122a-idn-uhslc,train,idn,119829,28321,775,0
simons_town-221a-zaf-uhslc,train,zaf,402412,67404,0,0
sitka_ak-559a-usa-uhslc,train,usa,698097,165192,1560,0
sjaellandsodde-sja-dnk-cmems,train,dnk,224808,60471,0,0
skagen-ska-dnk-cmems,train,dnk,222424,159271,338,0
skagsudde-2321-swe-smhi,train,swe,225863,151687,791,0
skagway-9452400-usa-noaa,train,usa,338984,74041,605,0
skanor-ska-swe-cmems,train,swe,248785,182061,169,0
slipshavn-sli-dnk-cmems,train,dnk,134027,92481,169,0
solomons_island-8577330-usa-noaa,train,usa,311210,172491,1141,0
soma-gs18-jpn-jodc_giaj,train,jpn,393098,170301,3903,0
south_beach-9435380-usa-noaa,train,usa,473489,188778,1998,0
south_trees-h052026a-aus-bom,train,aus,204990,173581,3897,0
spijkenisse-spijknse-nld-rws,train,nld,417695,163730,169,0
spikarna-2061-swe-smhi,train,swe,442090,177956,797,0
spodsbjerg-spo-dnk-cmems,train,dnk,122442,15577,0,0
spring_bay-61170-aus-bom,train,aus,292436,172461,1918,0
st_helens-9439201-usa-noaa,train,usa,169305,169305,1830,0
st_johns-276b-can-uhslc,train,can,247596,160954,676,0
stavanger-svg-nor-nhs,train,nor,777734,183317,507,0
stavenisse-stavnse-nld-rws,train,nld,417344,163492,169,0
stenungsund-2110-swe-smhi,train,swe,486948,71843,0,0
sthelier-sth-gbr-cmems,train,gbr,240242,180434,0,0
stockholm-sto-swe-cmems,train,swe,1152974,183137,676,0
stornoway-295a-gbr-uhslc,train,gbr,289478,72871,169,0
sturgeon_point_ny-9063028-usa-noaa,train,usa,368392,187342,1134,0
summerstown_ontario-14940-can-meds,train,can,502402,183796,935,0
sumoto-ma32-jpn-jodc_jma,train,jpn,476039,104857,2202,0
surabaya-160a-idn-uhslc,train,idn,147844,28155,696,0
susa-gs16-jpn-jodc_giaj,train,jpn,425139,104744,1670,0
suva-67050-fji-bom,train,fji,192646,174279,3899,0
sydney_port_jackson-213470-aus-bom,train,aus,272245,173890,2415,0
tago-gs22-jpn-jodc_giaj,train,jpn,367520,174300,4279,0
tajiri-gs10-jpn-jodc_giaj,train,jpn,452973,68811,1186,0
tanegashima-ma75-jpn-jodc_jma,train,jpn,197089,174103,3696,0
tanjong_pagar-699a-sgp-uhslc,train,sgp,259173,163025,4419,0
tannowa-ma29-jpn-jodc_jma,train,jpn,449773,175195,4144,0
tappi-hd27-jpn-jodc_jcg,train,jpn,309005,172608,4131,0
taranaki-076a-nzl-uhslc,train,nzl,473481,91687,1501,0
taranto-tar-ita-ispra,train,ita,210848,164192,73,0
tarifa-tari-esp-ieo,train,esp,589331,138168,0,0
tauranga-073a-nzl-uhslc,train,nzl,271516,149924,2178,0
tawau-385a-mys-uhslc,train,mys,228288,126194,4539,0
tenerife-ten-esp-cmems,train,esp,243506,182916,675,0
terneuzen-ternzn-nld-rws,train,nld,417976,163751,169,0
terschelling_noordzee-terslnze-nld-rws,train,nld,258268,163514,169,0
texel_noordzee-texnze-nld-rws,train,nld,248809,156112,169,0
the_battery-8518750-usa-noaa,train,usa,819613,183454,1195,0
thessalon_ontario-11070-can-meds,train,can,502097,113382,676,0
thevenard-128a-aus-uhslc,train,aus,233104,165698,2016,0
thursday_island-58170-aus-bom,train,aus,205386,68254,1988,0
tioman-323a-mys-uhslc,train,mys,255116,135413,4149,0
tobermory-tob-gbr-cmems,train,gbr,236118,104822,169,0
tobermory_ontario-11690-can-meds,train,can,510597,185356,1111,0
tobishima-gs25-jpn-jodc_giaj,train,jpn,212900,171689,3966,0
tokachiko-0122-jpn-jodc_pahb,train,jpn,289419,150431,3362,0
toke_point-9440910-usa-noaa,train,usa,390197,183543,1880,0
tokuyama-hd15-jpn-jodc_jcg,train,jpn,602207,175067,3409,0
tolchester_beach-8573364-usa-noaa,train,usa,239843,172574,1270,0
toronto_ontario-13320-can-meds,train,can,535306,185277,1207,0
tosashimizu-ma39-jpn-jodc_jma,train,jpn,512757,173187,3736,0
toulon_60minute-tou-fra-cmems,train,fra,288249,159985,0,0
townsville-334a-aus-uhslc,train,aus,305210,165790,3978,0
toyama-349a-jpn-uhslc,train,jpn,440837,163526,4062,0
trident_pier-8721604-usa-noaa,train,usa,231073,187328,1829,0
trois_rivieres-3360-can-meds,train,can,732714,182892,1000,0
tromso-tos-nor-nhs,train,nor,573595,182808,845,0
trondheim-trd-nor-nhs,train,nor,267874,113498,338,0
turku_ruissalo_saaronniemi-134225-fin-fmi,train,fin,317781,116572,338,0
turner_cut_near_holt-trn-usa-cdwr,train,usa,118730,118730,1610,0
turtle_head-58180-aus-bom,train,aus,246293,170147,5161,0
uchiura-ma18-jpn-jodc_jma,train,jpn,507829,102361,2188,0
ullapool-ull-gbr-bodc,train,gbr,366583,165991,234,0
ulukhaktok-6380-can-meds,train,can,92036,92036,862,0
urakawa-hd02-jpn-jodc_jcg,train,jpn,357047,70137,2087,0
urangan-59850-aus-bom,train,aus,278319,166289,4003,0
us_slip_mi-9076060-usa-noaa,train,usa,423414,74844,602,0
uwajima-ma40-jpn-jodc_jma,train,jpn,468814,174369,3748,0
vaasa-vaa-fin-cmems,train,fin,418290,175425,845,0
vaca_key-8723970-usa-noaa,train,usa,382574,75010,1064,0
valdez_ak-562a-usa-uhslc,train,usa,358860,54738,533,0
valparaiso-081a-chl-uhslc,train,chl,569592,158920,1767,0
vancouver-9440083-usa-noaa,train,usa,164994,164994,1972,0
vardo-805a-nor-uhslc,train,nor,423227,95455,321,0
vardo-vaw-nor-nhs,train,nor,427031,172488,823,0
venezia-vene-ita-cv,train,ita,332889,70053,0,0
venice_island-vne-usa-cdwr,train,usa,136707,8532,169,0
victor_harbor-61490-aus-bom,train,aus,453931,167446,1837,0
victoria_harbour_bc-7120-can-meds,train,can,547600,112944,1313,0
vieste-vie-ita-ispra,train,ita,202720,174664,0,0
villagarcia-vil-esp-cmems,train,esp,202966,180172,0,0
village_cove-9464212-usa-noaa,train,usa,128581,128581,2200,0
virginia_key-8723214-usa-noaa,train,usa,238127,117992,1134,0
visby-vis-swe-cmems,train,swe,525713,69630,0,0
vlaardingen-vlaardgn-nld-rws,train,nld,417734,163730,169,0
vlieland_haven-vlielhvn-nld-rws,train,nld,416855,163243,169,0
vung_tau-383a-vnm-uhslc,train,vnm,144626,26295,751,0
vuren-vurn-nld-rws,train,nld,328863,163140,169,0
wachapreague-8631044-usa-noaa,train,usa,335338,71391,772,0
wajima-gs03-jpn-jodc_giaj,train,jpn,725350,171757,4058,0
wakayama-ma28-jpn-jodc_jma,train,jpn,454438,175030,4136,0
wake-051a-usa-uhslc,train,usa,560682,61368,629,0
wakkanai-360a-jpn-uhslc,train,jpn,442236,59945,777,0
wallaroo-61780-aus-bom,train,aus,309659,165745,1825,0
warnemunde-war-deu-bfg,train,deu,188724,68080,0,0
washington-8594900-usa-noaa,train,usa,783005,177890,1376,0
weipa_humbug_point-63620-aus-bom,train,aus,374129,175108,4971,0
wells-8419317-usa-noaa,train,usa,130938,88246,435,0
west_bank_1-8762482-usa-noaa,train,usa,147543,61644,560,0
west_ste_modeste-2595-can-meds,train,can,164526,0,0,0
west_terschelling-westtslg-nld-rws,train,nld,417145,163329,169,0
westkapelle-westkple-nld-rws,train,nld,417796,163723,169,0
westport-9441102-usa-noaa,train,usa,133897,57512,598,0
whitby-whi-gbr-bodc,train,gbr,297312,140665,66,0
whyalla-61840-aus-bom,train,aus,265049,162192,2015,0
wick-wic-gbr-bodc,train,gbr,445541,111664,235,0
wierumergronden-wiermgdn-nld-rws,train,nld,329845,163556,169,0
wilmington_nc-750a-usa-uhslc,train,usa,714374,61349,629,0
windmill_point-8636580-usa-noaa,train,usa,214211,179995,1453,0
woods_hole-8447930-usa-noaa,train,usa,469518,185814,1155,0
workington-wor-gbr-cmems,train,gbr,242396,175215,169,0
wrightsville_beach-8658163-usa-noaa,train,usa,143539,143539,1470,0
wyandotte_mi-9044030-usa-noaa,train,usa,448431,188750,1303,0
wyndham-165a-aus-uhslc,train,aus,292610,161384,4076,0
yaizu-gs23-jpn-jodc_giaj,train,jpn,369808,173201,4212,0
yakutat_ak-570a-usa-uhslc,train,usa,472603,164043,1839,0
yamba-60130-aus-bom,train,aus,256541,161110,3658,0
yonaguni-ma76-jpn-jodc_jma,train,jpn,200753,174605,3656,0
yorktown_uscg_training_center-8637689-usa-noaa,train,usa,149634,149634,1200,0
yoshioka-hd26-jpn-jodc_jcg,train,jpn,198610,67375,1822,0
zanzibar-151a-tza-uhslc,train,tza,294461,156591,678,0
aburatsubo-gs01-jpn-jodc_giaj,test,jpn,720102,658761,13205,0
anchorage-9455920-usa-noaa,test,usa,335009,186746,1940,0
andenes-800a-nor-uhslc,test,nor,225321,158734,811,0
arrecife-arre-esp-ieo,test,esp,465209,97972,0,0
atlantic_city-8534720-usa-noaa,test,usa,912138,73539,648,0
ballen-bal-dnk-cmems,test,dnk,239943,65773,0,0
bar_harbor-8413320-usa-noaa,test,usa,596566,596566,2865,0
base_prat-730a-chl-uhslc,test,chl,157993,26233,169,0
bermagui-219470-aus-bom,test,aus,265292,175023,2040,0
bintulu-387a-mys-uhslc,test,mys,178978,114756,3472,0
bowen-59320-aus-bom,test,aus,285873,174037,4075,0
busselton_port_geographe-bsgeo01-aus-bom,test,aus,152180,91052,1138,0
cherry_point-9449424-usa-noaa,test,usa,408510,186978,2000,0
dakar-223e-sen-uhslc,test,sen,185385,127310,507,0
dunkerque-2-fra-refmar,test,fra,456004,183233,169,0
durban-181a-zaf-uhslc,test,zaf,281214,120646,169,0
esbjerg-esb-dnk-dmi,test,dnk,588030,173422,169,0
ferrol2-fer-esp-cmems,test,esp,120949,120949,0,0
fremantle-175a-aus-uhslc,test,aus,275254,136173,1870,0
fuerteventura-fue-esp-cmems,test,esp,146393,146393,169,0
funchal-218b-prt-uhslc,test,prt,246624,114854,0,0
gan-109a-mdv-uhslc,test,mdv,261223,166210,1357,0
hobart-339a-aus-uhslc,test,aus,252090,58847,897,0
holyhead-hol-gbr-bodc,test,gbr,366590,103053,206,0
humboldt_bay_ca-576a-usa-uhslc,test,usa,356546,165729,1813,0
izuhara-hd23-jpn-jodc_jcg,test,jpn,583614,174411,3102,0
jervis_bay-216470-aus-bom,test,aus,243473,161775,2317,0
juan_fernandez-021b-chl-uhslc,test,chl,257902,52015,605,0
kanton-013b-kir-uhslc,test,kir,339049,113026,2006,0
killybegs_port-kil-irl-mi_c,test,irl,116783,79467,338,0
kungsvik-kun-swe-cmems,test,swe,412322,112685,336,0
kurihamako-0161-jpn-jodc_pahb,test,jpn,158399,158399,3748,0
lameshur_bay-9751381-usa-noaa,test,usa,125690,125690,1519,0
lamu-149b-ken-uhslc,test,ken,200928,161416,678,0
lapalma-lap-esp-cmems,test,esp,108693,108693,507,0
lautoka-402a-fji-uhslc,test,fji,227370,165592,4460,0
madeira-715a-bra-uhslc,test,bra,112530,34750,169,0
melbourne_williamstown-60780-aus-bom,test,aus,467634,171558,2014,0
melville_bay_gove_harbour-63480-aus-bom,test,aus,254123,57359,2433,0
morgans_point-8770613-usa-noaa,test,usa,240429,186234,1655,0
motril-mot-esp-cmems,test,esp,139423,139423,0,0
nagasaki-362a-jpn-uhslc,test,jpn,297808,166376,3461,0
naha-355a-jpn-uhslc,test,jpn,457778,165936,3614,0
nice-339-fra-refmar,test,fra,191987,162603,0,0
niigatakonishiko-0103-jpn-jodc_pahb,test,jpn,160426,160426,3773,0
numbo_noumea-659-fra-refmar,test,fra,128703,128703,4266,0
onahama-ma12-jpn-jodc_jma,test,jpn,458458,165269,4033,0
onisaki-gs09-jpn-jodc_giaj,test,jpn,480289,69965,1351,0
paita-678b-per-uhslc,test,per,223020,129152,1501,0
palma-palm-esp-ieo,test,esp,130518,109232,0,0
papeete-015b-fra-uhslc,test,fra,372293,160122,1611,0
penrhyn-024a-cok-uhslc,test,cok,349102,160016,2003,0
pohnpei-67950-fsm-bom,test,fsm,149918,149918,3881,0
port_aux_basques-665-can-meds,test,can,497064,171392,675,0
port_chicago-9415144-usa-noaa,test,usa,359612,119349,1619,0
port_douglas-59040-aus-bom,test,aus,207516,113452,3396,0
port_elizabeth-184a-zaf-uhslc,test,zaf,301539,93327,169,0
port_manatee-8726384-usa-noaa,test,usa,200529,175783,1713,0
puerto_montt-684a-chl-uhslc,test,chl,323014,95038,799,0
richmond-9414863-usa-noaa,test,usa,216527,181547,2221,0
rikitea-016a-fra-uhslc,test,fra,405462,160521,2028,0
rumoiko-0132-jpn-jodc_pahb,test,jpn,234722,58043,838,0
saint_nazaire-37-fra-refmar,test,fra,991463,167901,0,0
salalah-114a-omn-uhslc,test,omn,210536,129159,1091,0
san_juan-096a-per-uhslc,test,per,177963,15728,251,0
sandakan-389a-mys-uhslc,test,mys,186159,34087,1093,0
simrishamn-sim-swe-cmems,test,swe,328312,68595,0,0
smogen-smo-swe-cmems,test,swe,958767,112826,338,0
stanley-sta-gbr-noc,test,gbr,165829,105438,570,0
tacoma-9446484-usa-noaa,test,usa,211076,189276,2006,0
takamatsu-ma35-jpn-jodc_jma,test,jpn,450776,175181,4002,0
tallinn-tal-est-cmems,test,est,115212,115212,668,0
tofino_bc-8615-can-meds,test,can,737189,113557,1331,0
tomakomaihigashiko-0146-jpn-jodc_pahb,test,jpn,217094,154899,3700,0
tomakomainishiko-0136-jpn-jodc_pahb,test,jpn,449141,171703,4068,0
tregde-804a-nor-uhslc,test,nor,751073,94159,322,0
uragami-ma25-jpn-jodc_jma,test,jpn,448365,104195,2257,0
ushuaia-600a-arg-uhslc,test,arg,134676,106734,1019,0
varennes-15660-can-meds,test,can,478511,110698,594,0
veracruz_ver-250a-mex-uhslc,test,mex,141651,46972,401,0
viken-vik-swe-cmems,test,swe,385266,181402,167,0
west_channel_pile-60739-aus-bom,test,aus,238029,67368,986,0
weymouth-wey-gbr-cmems,test,gbr,245393,104783,0,0
yokosuka-hd08-jpn-jodc_jcg,test,jpn,515335,173885,4189,0
