stn,n_joined,n_surge
aarhus-aar-dnk-cmems,131717,131886
abashiri-347a-jpn-uhslc,424370,432812
abashiri-ma02-jpn-jodc_jma,440558,440558
aberdeen-abe-gbr-bodc,141452,438264
aberdeen-abe-gbr-cmems,253128,253394
aburatsu-354a-jpn-uhslc,504858,504858
aburatsubo-gs01-jpn-jodc_giaj,658761,720102
acajutla-082a-slv-uhslc,330223,330223
acapulco-316-mex-unam,421612,421612
acapulco_gro-316a-mex-uhslc,344463,348009
adak_alaska-040a-usa-uhslc,161248,554605
adak_island-9461380-usa-noaa,568540,576568
ajaccio_aspretto-300-fra-refmar,155127,170940
akune-gs15-jpn-jodc_giaj,430870,430870
alameda-9414750-usa-noaa,364079,367850
albany-62120-aus-bom,458841,458841
alesund-aes-nor-nhs,498458,498458
alexandria_bay_ny-8311062-usa-noaa,117507,331552
algeciras-alge-esp-ieo,100860,498356
algonac_mi-9014070-usa-noaa,186329,442304
alicante_i-ali-esp-da_mm,60175,505026
alitak-9457804-usa-noaa,128982,128982
almeria-alm-esp-cmems,128540,128540
alpena_mi-9075065-usa-noaa,133492,133492
amami-ma73-jpn-jodc_jma,167088,191534
american_falls_ny-9063009-usa-noaa,187892,393610
amherstburg_ontario-11995-can-meds,115997,502345
anchorage-9455920-usa-noaa,186746,335009
ancona-anx-ita-ispra,185946,253263
andenes-800a-nor-uhslc,158734,225321
annapolis-8575512-usa-noaa,168094,721442
antofagasta-080a-chl-uhslc,157515,599169
aomoriko-0104-jpn-jodc_pahb,64616,445780
apalachicola_fl-760a-usa-uhslc,161706,366510
apia-401b-wsm-uhslc,159117,219036
apra_harbor_guam-053a-usa-uhslc,61033,579230
arena_cove-9416841-usa-noaa,118653,298403
argentia-835-can-meds,176291,405003
arklowharbour-ark-irl-cmems,152028,152028
arrecife-arre-esp-ieo,97972,465209
asamushi-gs06-jpn-jodc_giaj,174257,554766
ascension-291a-gbr-uhslc,68056,117980
ascension-asc-gbr-noc,67613,117943
astoria-9439040-usa-noaa,187070,832620
atka-9461710-usa-noaa,116864,116864
atlantic_city-8534720-usa-noaa,73539,912138
avonmouth-avo-gbr-cmems,113718,186152
awashima-hd25-jpn-jodc_jcg,167913,448728
awayuki-ma69-jpn-jodc_jma,121967,124941
ayukawa-ma11-jpn-jodc_jma,157434,438189
bagenkop-bag-dnk-cmems,107658,107658
baie_comeau-2840-can-meds,0,177038
bakar-bak-hrv-uz,87649,375522
bake_a-3611-deu-wsv,134029,134029
bake_c_scharhorn-3905-deu-wsv,160731,178231
ballen-bal-dnk-cmems,65773,239943
baltimore-8574680-usa-noaa,179553,992362
baltra-003b-ecu-uhslc,137212,263249
bamfield_bc-8545-can-meds,184572,441228
bangor-ban-gbr-cmems,151165,184798
bar_harbor-8413320-usa-noaa,596566,596566
bar_point_ontario-12005-can-meds,472656,472656
barcelona-bar-esp-cmems,235543,235543
bari-bar-ita-ispra,259248,259248
barmouth-bar-gbr-bodc,166894,167063
barmouth-bar-gbr-cmems,206109,206109
barseback-bar-swe-cmems,69826,251466
base_prat-730a-chl-uhslc,26233,157993
batemans_bay_princess_jetty-216410-aus-bom,197030,197030
bath-bath-nld-rws,417930,417930
batiscan-3345-can-meds,603434,715350
bay_waveland_yacht_club-8747437-usa-noaa,275865,275865
bayonne_boucau-94-fra-refmar,369524,369524
beaufort-8656483-usa-noaa,74250,409651
becancour-3353-can-meds,71010,242655
beldon_landing-bdl-usa-cdwr,163123,256189
bella_bella_bc-8976-can-meds,183601,512433
belum-1263-deu-wsv,147377,166447
benoa-163a-idn-uhslc,19721,97591
bergen-bgo-nor-nhs,183433,828086
bergen_point_west_reach-8519483-usa-noaa,183791,328796
bergse_diepsluis_west-bergsdswt-nld-rws,163666,253879
bermagui-219470-aus-bom,175023,265292
berwick-8764044-usa-noaa,64697,151787
bhv_alter_leuchtturm-4098-deu-wsv,176543,224728
bilbao-bil-esp-cmems,183166,248599
bintulu-387a-mys-uhslc,114756,178978
bishops_head-8571421-usa-noaa,95524,136702
bluff-072a-nzl-uhslc,153731,199713
bodo-boo-nor-nhs,112388,530019
bonanza-bon-esp-cmems,181058,244134
booby_island-336a-aus-uhslc,162095,254968
borkum_fischerbalje-bor-deu-bfg,182842,203663
boston-8443970-usa-noaa,117897,867737
botany_bay-60390-aus-bom,173045,301259
bournemouth-bou-gbr-bodc,119847,150796
bowen-59320-aus-bom,174037,285873
brake-4096-deu-wsv,176579,220568
bremer_bay-bbbre01-aus-bom,164606,175011
bremervorde-71-deu-wsv,141685,160488
brest-822a-fra-uhslc,165842,1390242
bridgeport-8467150-usa-noaa,184614,439627
brisbane-331a-aus-uhslc,161588,301260
brisbane_bar-59980-aus-bom,174143,415048
brockville_ontario-14400-can-meds,185362,349928
brokdorf-72-deu-wsv,182215,201308
broome-166a-aus-uhslc,162452,254774
brouwershavensche_gat_08-brouwhvsgt08-nld-rws,162793,338050
brunsbuttel_mole_4_pegel-73-deu-wsv,86834,105799
brunswick_heads-202403-aus-bom,168224,277144
bryte_lab-byl-usa-cdwr,177808,316011
buenos_aires-285a-arg-uhslc,187059,483392
buffalo_ny-9063020-usa-noaa,534713,537366
bunbury-62190-aus-bom,101306,456599
bundaberg-332a-aus-uhslc,297721,303247
bundaberg_burnett_heads-59820-aus-bom,457102,457102
burlington_ontario-13150-can-meds,425197,425197
burnie-344a-aus-uhslc,227943,227943
busselton_port_geographe-bsgeo01-aus-bom,91052,152180
cabo_san_lucas-034-mex-unam,208046,209787
cabo_san_lucas-034a-mex-uhslc,215026,215026
caddadup-dvcad01-aus-bom,214960,214960
cadzand-cadzd-nld-rws,417866,417866
cagliari-cag-ita-ispra,155878,225938
cairns-59060-aus-bom,394616,402423
calais-55-fra-refmar,163155,371346
calcasieu_pass-8768094-usa-noaa,152818,152818
callao-093b-per-uhslc,144082,406933
calumet_harbor_il-9087044-usa-noaa,118508,438702
cambridge-8571892-usa-noaa,73175,353024
cananeia-281a-bra-uhslc,56153,457094
cape_ferguson-343a-aus-uhslc,159426,234403
cape_ferguson-h033007a-aus-bom,173334,208296
cape_hatteras_fishing_pier-8654400-usa-noaa,8651,190895
cape_may-8536110-usa-noaa,75417,444334
cape_town-704a-zaf-uhslc,81188,290051
cape_vincent_ny-9052000-usa-noaa,186870,469490
cardwell-h035012a-aus-bom,172086,205350
carloforte-car-ita-ispra,183897,188610
carnarvon-167a-aus-uhslc,163120,266193
cartagena-265b-col-uhslc,113808,162122
cascais-209a-prt-uhslc,45416,362735
castletownbere_port-cas-irl-mi_c,122216,122216
catania-cat-ita-ispra,183099,333384
cebu-379a-phl-uhslc,98444,115763
cendering-320a-mys-uhslc,34049,262892
ceuta-207a-esp-uhslc,156598,622209
chaleix_noumea-16-fra-refmar,46968,326161
charchanga-138a-bgd-uhslc,8725,178305
charleston_or-575a-usa-uhslc,166343,393208
charleston_sc-261b-usa-uhslc,166491,839884
charlotte_amalie-9751639-usa-noaa,64764,341368
charlottetown-1700-can-meds,175301,791591
cherbourg_60minute-che-fra-cmems,179494,405049
cherry_point-9449424-usa-noaa,186978,408510
chesapeake_bbt-749a-usa-uhslc,78292,363441
chesapeake_city-8573927-usa-noaa,65908,238434
chiba-hd06-jpn-jodc_jcg,102733,480763
chichijima-047a-jpn-uhslc,61177,381884
choshigyoko-ma64-jpn-jodc_jma,159991,388979
christiansted_harbor-9751364-usa-noaa,53558,130129
churchill-274a-can-uhslc,166012,462351
civitavecchia-civ-ita-ispra,182623,273487
clearwater_bch_fl-773a-usa-uhslc,159912,195122
cleveland_oh-9063063-usa-noaa,188851,450430
clump_point-59168-aus-bom,171631,294115
coast_guard_sector_mobile-8736897-usa-noaa,55556,119878
cobourg_ontario-13590-can-meds,184841,517056
cocos-171a-aus-uhslc,162655,276222
coffs_harbour-205470-aus-bom,155106,183051
collingwood_ontario-11500-can-meds,72186,517391
colonial_beach-8635150-usa-noaa,33777,281346
concarneau-160-fra-refmar,181249,185707
conimicut_light-8452944-usa-noaa,177008,178065
contrecoeur_ioc-15780-can-meds,110591,227660
cooktown-h066003a-aus-bom,163580,163580
cordemais_60minute-cor-fra-cmems,167158,279661
cordova-9454050-usa-noaa,187133,370957
cornwall_ontario-14870-can-meds,71881,511510
corpus_cristi_tx-770a-usa-uhslc,166509,294954
coruna-cor-esp-cmems,176038,240721
cranz-76-deu-wsv,175602,193152
crescent_city_ca-556a-usa-uhslc,61365,688483
cristobal-266a-pan-uhslc,137053,900133
cromer-cro-gbr-bodc,140817,234943
crookhaven_heads-215408-aus-bom,91983,222137
crotone-cro-ita-ispra,167714,215989
cruz-cruz-esp-ieo,117197,423224
culebra-9752235-usa-noaa,85611,107366
cutler_naval_base-8411250-usa-noaa,25198,253467
cuxhaven-825a-deu-uhslc,166250,884493
cuxhaven_steubenhoft-77-deu-wsv,181988,201134
dakar-223e-sen-uhslc,127310,185385
darwin-168a-aus-uhslc,166177,302017
daugavgriva-dau-lva-cmems,106483,106483
dauphin_island_al-763a-usa-uhslc,144167,289217
davao-372b-phl-uhslc,125764,131991
davis-173a-aus-uhslc,78372,136146
de_tour_village_mi-9075099-usa-noaa,188195,381877
deal_pier-dlp-gbr-cco,126503,126503
delaware_city-8551762-usa-noaa,166573,166573
delfzijl-delfzl-nld-rws,163534,417822
den_helder-denhdr-nld-rws,163661,417741
deschaillons-3335-can-meds,183852,499932
devonport-60930-aus-bom,128108,258555
diego_garcia-104d-gbr-uhslc,119824,119824
dieppe_60minute-die-fra-cmems,137848,423443
discovery_bay_at_discovery_bay_blv-dbd-usa-cdwr,159200,161326
donges_60minute-don-fra-cmems,92035,220551
dordrecht-dordt-nld-rws,163706,417821
dover-dov-gbr-bodc,125505,506532
drogden-dro-dnk-cmems,170614,234438
dry_dock_mi-9014087-usa-noaa,187567,443899
dublin_port-dub-irl-mi_c,123751,123870
duck_pier_nc-260a-usa-uhslc,164802,351315
duluth_mn-9099064-usa-noaa,188950,451814
dunkerque-2-fra-refmar,183233,456004
durban-181a-zaf-uhslc,120646,281214
dutch_harbor_ak-041b-usa-uhslc,60693,315437
dwarsgat-4100-deu-wsv,176504,224681
east_london-187a-zaf-uhslc,104944,258824
easter-022c-chl-uhslc,91376,362407
eastport_me-740a-usa-uhslc,165350,733036
eden-60530-aus-bom,169748,320892
eemshaven-eemshvn-nld-rws,163405,347440
elfin_cove-9452634-usa-noaa,61258,139397
elhierro-elh-esp-cmems,142797,142797
elmshorn-78-deu-wsv,130935,141529
elsfleth-4102-deu-wsv,176574,220552
erieau_ontario-12250-can-meds,185508,514861
esashiko-0140-jpn-jodc_pahb,168351,303890
esbjerg-esb-dnk-dmi,173422,588030
esmeraldas-098a-ecu-uhslc,104051,187772
esperance-176a-aus-uhslc,162288,292426
esperanza-9752695-usa-noaa,121651,121651
essexville_mi-9075035-usa-noaa,188412,383105
euro_platform-eurpfm-nld-rws,150223,150223
exmouth-62435-aus-bom,101905,218367
fahrenholz_up-79-deu-wsv,162798,176808
fairport_oh-9063053-usa-noaa,189069,398637
faraday-700a-ata-uhslc,94876,399544
farge-4104-deu-wsv,176562,220551
felixstowe-fel-gbr-cmems,79942,166222
fermi_power_plant_mi-9063090-usa-noaa,188599,443421
fernandina_beach-8720030-usa-noaa,184934,932108
ferrol-fer-esp-cmems,117309,117309
ferrol2-fer-esp-cmems,120949,120949
fishermans_landing-h052003b-aus-bom,108394,113369
fishguard-fis-gbr-bodc,80144,435243
flores_santa_cruz-210a-prt-uhslc,33944,168527
foglo_degerby-134252-fin-fmi,116646,439970
forsmark-for-swe-cmems,112846,393401
forster-209402-aus-bom,158162,251839
fort_denison-333a-aus-uhslc,164814,451765
fort_myers-8725520-usa-noaa,182356,430079
fort_point-8423898-usa-noaa,126357,126357
fort_pulaski-8670870-usa-noaa,186924,720506
fort_wayne_mi-9044036-usa-noaa,188349,449550
fos_sur_mer-719-fra-refmar,89946,89946
fredericia-fre-dnk-cmems,136694,136694
frederikshavn-fre-dnk-cmems,60225,137205
fremantle-175a-aus-uhslc,136173,275254
french_frigate-014a-usa-uhslc,53436,270588
friday_harbor-9449880-usa-noaa,117650,738803
fuerteventura-fue-esp-cmems,146393,146393
fukaura-ma57-jpn-jodc_jma,164238,391670
fukue-ma50-jpn-jodc_jma,174772,461036
funafuti-67440-tuv-bom,166058,224978
funchal-218b-prt-uhslc,114854,246624
furuogrund-2055-swe-smhi,165246,832620
fushikitoyamako-0107-jpn-jodc_pahb,162182,162182
fynshav-fyn-dnk-cmems,49647,116842
galets_60minute-gal-fra-cmems,156359,267769
galveston_bay_entrance-8771341-usa-noaa,152843,154414
galveston_pier_21-775a-usa-uhslc,160643,970104
galveston_ppier-767a-usa-uhslc,99710,455525
galway_port-gal-irl-mi_c,121069,121069
gan-109a-mdv-uhslc,166210,261223
gandia-gan-esp-cmems,77007,115884
gedser-837a-dnk-uhslc,110229,989186
geelong-60770-aus-bom,97841,402046
genova-gen-ita-ispra,165740,170277
geraldton-62290-aus-bom,172319,471358
geting-326a-mys-uhslc,139250,252439
gibraltar-289a-gbr-uhslc,65009,289605
gibraltar_mi-9044020-usa-noaa,189016,450685
gijon-gij-esp-cmems,180767,219047
gladstone-59750-aus-bom,168010,351818
gloucester_point-8637624-usa-noaa,8726,227615
gluckstadt-80-deu-wsv,182272,201312
gobo-ma68-jpn-jodc_jma,125517,125517
goderich_ontario-11860-can-meds,184273,762088
goidschalxoord-goidsod-nld-rws,163678,419121
gold_coast_southport-60051-aus-bom,69843,176845
gomera-gom-esp-cmems,118859,118859
goods_island-58200-aus-bom,165394,259328
goteborgorsh-819a-swe-uhslc,34755,408250
gouda_brug-goudbg-nld-rws,163742,325871
grand_isle_la-765a-usa-uhslc,92145,331863
grauerort-81-deu-wsv,182340,201483
green_bay_wi-9087079-usa-noaa,178414,351110
greifswald_wiek-gre-deu-bfg,68648,205673
grena-gre-dnk-cmems,170643,246607
groote_eylandt-145a-aus-uhslc,164497,218895
gros_cap_ontario-10920-can-meds,71996,500959
hachijyojima-hd11-jpn-jodc_jcg,104544,543783
hachinohe-375a-jpn-uhslc,95774,270100
hagestein_beneden-hagsbndn-nld-rws,163733,417822
hakata-hd18-jpn-jodc_jcg,70094,471185
hakodate-364a-jpn-uhslc,164106,447805
halifax-490-can-meds,116217,830806
hamada-ma66-jpn-jodc_jma,170837,305036
hamina-ham-fin-cmems,173601,423599
hamina_pitajansaari-134254-fin-fmi,71937,433239
hammerfest-hft-nor-nhs,179982,494937
hanasaki-ma03-jpn-jodc_jma,171548,459935
hanimaadhoo-117b-mdv-uhslc,131452,131452
hanko_pikku_kolalahti-134253-fin-fmi,184828,434128
hansweert-hanswt-nld-rws,163718,417916
harbor_beach_mi-9075014-usa-noaa,74876,451315
harburg-3341-deu-wsv,182202,183841
haringvliet_10-harvt10-nld-rws,163767,306928
harrisville_mi-9075059-usa-noaa,68088,312433
harstad-har-nor-nhs,182044,560210
harvest_oil_p_ca-594a-usa-uhslc,133230,152628
harvey-dvhar01-aus-bom,146154,232587
havre_de_grace-8574070-usa-noaa,0,121293
hay_point-59511-aus-bom,173612,302539
hechthausen-83-deu-wsv,139353,158462
heimsjo-hei-nor-nhs,179637,749039
helgeroa-hro-nor-nhs,181062,360654
helgoland-84-deu-wsv,181946,201274
helsinki_kaivopuisto-132310-fin-fmi,182965,429382
herne_bay-hby-gbr-cco,166974,194475
hesnaes-hes-dnk-cmems,87279,155114
hetlingen-4876-deu-wsv,182345,201426
heysham-hey-gbr-bodc,146036,402117
hillarys-62237-aus-bom,172596,245209
hilo_hawaii-060a-usa-uhslc,61317,673151
hinkley_point-hin-gbr-bodc,155181,238636
hirarako-0151-jpn-jodc_pahb,145874,145874
hiron_point-134a-bgd-uhslc,34420,234278
hiroshima-hd14-jpn-jodc_jcg,171690,581173
hobart-339a-aus-uhslc,58847,252090
hobart-61220-aus-bom,151893,424194
hoek_van_holland-hoekvhld-nld-rws,163764,426704
holland_cut_near_bethel_island-hol-usa-cdwr,51387,124331
holland_mi-9087031-usa-noaa,181170,424854
holwerd-holwd-nld-rws,56152,300822
holyhead-hol-gbr-bodc,103053,366590
honiara-009b-slb-uhslc,159386,209570
honningsvag-801a-nor-uhslc,34750,218395
honolulu_hawaii-057b-usa-uhslc,166557,985054
hornbaek-hor-dnk-cmems,67071,243503
hovell_pile-60721-aus-bom,168046,237217
huelva-hue-esp-cmems,70392,212006
huibertgat-huibgt-nld-rws,163590,399987
humboldt_bay_ca-576a-usa-uhslc,165729,356546
i_295_bridge-8720357-usa-noaa,69577,129165
ibis-ibs-usa-cdwr,141923,154911
ibiza-ibi-esp-cmems,149825,149825
ijmuiden_buitenhaven-ijmdbthvn-nld-rws,163762,330264
ilfracombe-ilf-gbr-bodc,146649,295434
ilha_fiscal_rj-280a-bra-uhslc,34933,424191
immingham-imm-gbr-bodc,136070,473268
ince_point-58140-aus-bom,168522,268763
irouzaki-ma78-jpn-jodc_jma,167094,192735
ishigaki-ma45-jpn-jodc_jma,172581,442966
ishikariko-0145-jpn-jodc_pahb,41898,183078
ito-gs19-jpn-jodc_giaj,102255,394761
itzehoe-87-deu-wsv,138268,156945
iwanaiko-0137-jpn-jodc_pahb,98679,299584
izuhara-hd23-jpn-jodc_jcg,174411,583614
jackson_bay-65180-nzl-bom,86613,185190
jakarta-161a-idn-uhslc,29697,111768
jervis_bay-216470-aus-bom,161775,243473
johnston_atoll-1619000-usa-noaa,21721,227205
johor_baharu-321a-mys-uhslc,32075,248976
juan_fernandez-021b-chl-uhslc,52015,257902
juelsminde-jue-dnk-cmems,164881,183710
juneau-9452210-usa-noaa,118453,364375
jurien_bay-jujur01-aus-bom,170610,245313
juten_sjov-35101-swe-smhi,102034,102034
kabelvag-kab-nor-nhs,69566,273665
kagoshima-ma42-jpn-jodc_jma,174916,455324
kahului-1615680-usa-noaa,188154,551993
kainan-gs05-jpn-jodc_giaj,174935,568651
kalix_storon-2157-swe-smhi,62988,359328
kamaishi-hd05-jpn-jodc_jcg,93835,537273
kanazawako-0105-jpn-jodc_pahb,157170,157170
kanton-013b-kir-uhslc,113026,339049
kaohsiung-340a-chn-uhslc,42578,308454
kapingamarangi-029a-fsm-uhslc,46591,293056
kariya-gs17-jpn-jodc_giaj,57028,401202
karumba-63580-aus-bom,171501,287100
kashimako-0101-jpn-jodc_pahb,102249,189607
kashiwazaki-gs08-jpn-jodc_giaj,171001,525830
kaskinen-kas-fin-cmems,173597,418945
katsuura-gs11-jpn-jodc_giaj,172368,453812
kawaihae-552a-usa-uhslc,163369,241793
keelung-341a-chn-uhslc,113732,279073
keizersveer-keizvr-nld-rws,58278,355207
kelang-140a-mys-uhslc,62508,266025
keling-141a-mys-uhslc,135814,266850
kemi_ajos-100539-fin-fmi,174295,398934
kerguelen-180a-fra-uhslc,34362,170823
ketchikan_ak-571a-usa-uhslc,166022,673670
key_west_fl-242a-usa-uhslc,96002,907517
kielholtenau-kie-deu-cmems,129767,129767
killybegs_port-kil-irl-mi_c,79467,116783
king_cove-9459881-usa-noaa,136557,139083
kings_point-8516945-usa-noaa,188504,198613
kingston_ontario-13988-can-meds,185460,536523
kingsville_ontario-12065-can-meds,185801,510935
kinlochbervie-kin-gbr-bodc,59020,219126
kiptopeke-8632200-usa-noaa,187931,383507
klagshamn-kla-swe-cmems,69791,771088
knysna-186a-zaf-uhslc,114767,294811
ko_lak-328a-tha-uhslc,158453,284209
ko_taphao_noi-148a-tha-uhslc,162944,292152
kobe-ma31-jpn-jodc_jma,70090,473148
kobenhavn-kob-dnk-cmems,133078,133247
kochi-ma38-jpn-jodc_jma,158948,403577
kodiak_island-9457292-usa-noaa,117684,321059
kolka-kol-lva-cmems,63755,105702
kollmar-88-deu-wsv,182051,201150
komatsushima-ma36-jpn-jodc_jma,105041,467776
kornwerderzand_buiten-kornwdzbtn-nld-rws,163487,417192
korsor-kor-dnk-cmems,135471,135640
koserow-kos-deu-cmems,76884,114283
kota_kinabalu-386a-mys-uhslc,123407,230722
kozushima-hd09-jpn-jodc_jcg,171738,444514
krammersluizen_west-krammszwt-nld-rws,163724,260076
krautsand-89-deu-wsv,182336,201403
kreekrak_noord-kreekrnd-nld-rws,127243,344344
krimpen_ad_ijssel-krimpadijsl-nld-rws,163734,417754
krimpen_ad_lek-krimpadlk-nld-rws,163695,417696
kristiansund-ksu-nor-nhs,179065,570782
kronstadt-kro-rus-cmems,105723,105723
kruckau_sperrwerk_bp-90-deu-wsv,181542,191929
kuantan-322a-mys-uhslc,33911,276797
kuchinotsu-ma48-jpn-jodc_jma,103400,443558
kujiko-0111-jpn-jodc_pahb,58488,143507
kukup-325a-mys-uhslc,137641,258442
kumano-ma65-jpn-jodc_jma,54380,124920
kungsholmsfort-2088-swe-smhi,114563,1138511
kungsvik-kun-swe-cmems,112685,412322
kure-gs13-jpn-jodc_giaj,104826,413447
kure-hd13-jpn-jodc_jcg,70106,507592
kurihamako-0161-jpn-jodc_pahb,158399,158399
kushimoto-353a-jpn-uhslc,93496,494859
kushiro-350a-jpn-uhslc,59750,470264
kutsugatako-0129-jpn-jodc_pahb,142396,276288
kwajalein-1820000-usa-noaa,184128,393320
la_jolla_ca-554a-usa-uhslc,154708,776598
la_libertad-091a-ecu-uhslc,159570,588548
la_push-9442396-usa-noaa,148947,148947
lac_saint_pierre-15975-can-meds,69191,486970
lagos_algarve-723a-prt-uhslc,0,90230
lakes_entrance_inner_bullock_island-6057a-aus-bom,105820,293488
lameshur_bay-9751381-usa-noaa,125690,125690
lampedusa-lam-ita-ispra,185166,192409
lamu-149b-ken-uhslc,161416,200928
landsort-2073-swe-smhi,17394,1044728
landsort_norra-2507-swe-smhi,143912,143912
langkawi-142a-mys-uhslc,156930,279476
lapalma-lap-esp-cmems,108693,108693
las_palmas-217d-esp-uhslc,148274,224133
lautoka-402a-fji-uhslc,165592,227370
lauwersoog-lauwog-nld-rws,163572,417497
lauzon-3250-can-meds,111369,863421
lawma-8764227-usa-noaa,133937,133937
le_conquet-152-fra-refmar,65949,422521
le_crouesty-185-fra-refmar,139135,141391
legaspi-371a-phl-uhslc,67939,254077
lehavre_60minute-leh-fra-cmems,175905,434535
leith-lei-gbr-bodc,53762,249324
lepellerin_60minute-lep-fra-cmems,169513,283885
lerwick-293a-gbr-uhslc,120743,472310
lessablesdolonne_60minute-les-fra-cmems,171678,260806
leuchtturm_alte_wese-4094-deu-wsv,176383,224498
lewes-8557380-usa-noaa,187562,675804
lewisetta-8635750-usa-noaa,114265,377305
liberty_island_rd2068-lir-usa-cdwr,179551,199385
lichteiland_goeree-lichtelgre-nld-rws,149625,149625
lime_tree_bay-9751401-usa-noaa,114637,316873
little_current_ontario-11195-can-meds,181120,514477
liverpool_gladstone_dock-liv-gbr-bodc,139828,209065
livorno-liv-ita-ispra,186002,307740
lobos_de_afuera-084a-per-uhslc,35813,268426
lombrum-56130-png-bom,166236,204587
long_sault_dam-14805-can-meds,0,178122
longview-9440422-usa-noaa,168392,168392
lord_howe-399b-aus-uhslc,157906,233595
lord_howe_island-57720-aus-bom,167310,368198
lorne-60790-aus-bom,165134,225819
los_angeles_ca-567a-usa-uhslc,166555,824584
low_head-60948-aus-bom,110398,110398
lower_escuminac-2000-can-meds,178896,393151
lower_iroquois_ontario-14602-can-meds,114173,504108
lowestoft-low-gbr-cmems,177139,261366
lucinda_offshore-59200-aus-bom,169712,296725
luderitz-702a-zaf-uhslc,58931,336950
ludington_mi-9087023-usa-noaa,186052,449368
luhort-91-deu-wsv,182987,202003
lumut-143a-mys-uhslc,135747,263783
lymington-lym-gbr-cco,111217,111217
lyttelton-667a-nzl-uhslc,159463,209015
maassluis-maasss-nld-rws,163721,417768
mackay_outer_harbour-59510-aus-bom,173915,406294
mackinaw_city_mi-9075080-usa-noaa,188535,448021
macquarie_is-680c-aus-uhslc,53552,85941
madeira-715a-bra-uhslc,34750,112530
magueyes_island-9759110-usa-noaa,70258,518625
maisaka-356a-jpn-uhslc,94947,431143
maizuru-hd24-jpn-jodc_jcg,67527,500959
maizuru-ma55-jpn-jodc_jma,169530,431859
majuro-67680-mhl-bom,170454,230005
makurazaki-ma43-jpn-jodc_jma,104648,458428
malaga-mal-esp-cmems,182566,247084
malakal-007b-plw-uhslc,164010,419471
male_hulule-108b-mdv-uhslc,151969,234064
malin_head-834a-irl-uhslc,17090,363158
maloy-may-nor-nhs,181894,615888
mandurah_fishermans_jetty-mhman01-aus-bom,17255,136892
manila-370a-phl-uhslc,114509,250216
manta-089b-ecu-uhslc,87763,158747
manzanillo-395b-mex-uhslc,114489,157973
marblehead_oh-9063079-usa-noaa,182978,433524
marquette_cg_mi-9099018-usa-noaa,188324,363629
marsden_point-398a-nzl-uhslc,162884,318396
marseille-824a-fra-uhslc,84797,899257
martinez-mrz-usa-cdwr,180159,227287
marviken-2076-swe-smhi,172766,479839
marysville_mi-9014084-usa-noaa,0,158269
masirah-113a-omn-uhslc,52437,166158
matarani-094b-per-uhslc,145534,204767
matsumaeko-0121-jpn-jodc_pahb,169772,304871
matsuyama-ma34-jpn-jodc_jma,69771,506847
mawson-177a-aus-uhslc,50816,144509
mayport_ferry_depot-8720220-usa-noaa,0,630381
mckay_bay_entrance-8726667-usa-noaa,155370,174730
melbourne_williamstown-60780-aus-bom,171558,467634
melilla-mel-esp-cmems,111264,111264
melville_bay_gove_harbour-63480-aus-bom,57359,254123
menominee_mi-9087088-usa-noaa,137550,137550
mera-352a-jpn-uhslc,58967,446935
michipicoten_ontario-10750-can-meds,183652,511822
midway-050a-usa-uhslc,92597,592885
mikuni-gs12-jpn-jodc_giaj,67335,440240
milford_haven-mha-gbr-bodc,90407,379253
millport-mil-gbr-bodc,154315,306126
milner_bay_groote_eylandt-63511-aus-bom,168268,330949
milwaukee_wi-9087057-usa-noaa,189049,449131
mina_sulman-182a-bhr-uhslc,29154,176832
minamiizu-hd12-jpn-jodc_jcg,69738,377210
minamitorishima-049a-jpn-uhslc,87521,179245
miri-388a-mys-uhslc,76833,120191
misumi-ma46-jpn-jodc_jma,113974,445481
miyakejima-357a-jpn-uhslc,164257,473721
miyakeshima-ma71-jpn-jodc_jma,159929,184216
miyako-ma09-jpn-jodc_jma,137598,432134
miyazakiko-0113-jpn-jodc_pahb,98649,159202
moerdijk-moerdk-nld-rws,57681,413920
moji-hd17-jpn-jodc_jcg,72283,430840
mokelumne_r_at_bensons_ferry_nr_thorton-ben-usa-cdwr,182077,329913
mokuoloe-1612480-usa-noaa,187449,347142
mombasa-101a-ken-uhslc,122227,214724
mona_island-9759938-usa-noaa,119848,119848
monbetsu-hd01-jpn-jodc_jcg,17283,437276
money_point-8639348-usa-noaa,116914,202740
montauk-8510560-usa-noaa,174943,593248
monterey_ca-555a-usa-uhslc,166542,394058
montreal_jetee_1-15520-can-meds,178428,849278
mooloolaba-59950-aus-bom,175301,295900
morgans_point-8770613-usa-noaa,186234,240429
morrisburg_ontario-14660-can-meds,180217,250060
mossel_bay-185a-zaf-uhslc,121750,348681
motril-mot-esp-cmems,139423,139423
mourilyan_harbour-59140-aus-bom,105172,301776
mtl_rue_frontenac-15540-can-meds,177932,483525
mumbles-mum-gbr-bodc,104485,153484
muroran-hd03-jpn-jodc_jcg,71500,354425
murotomisaki-ma37-jpn-jodc_jma,69166,433411
mutsuogawara-0110-jpn-jodc_pahb,157032,157032
nagasaki-362a-jpn-uhslc,166376,297808
nagoya-ma22-jpn-jodc_jma,171057,516733
naha-355a-jpn-uhslc,165936,457778
nakano_shima-345a-jpn-uhslc,165397,302735
nanaoko-0106-jpn-jodc_pahb,161963,161963
nantes_usine_brulee-399-fra-refmar,173722,279886
nantucket_island-8449130-usa-noaa,74278,476450
napier-668a-nzl-uhslc,95611,225007
naples_fl-757a-usa-uhslc,160065,458355
napoli-nap-ita-ispra,142412,235065
nardana_patches-58178-aus-bom,77415,120337
narvik-nvk-nor-nhs,70104,670464
national_steel-nsl-usa-cdwr,133277,135136
nauru-004b-nru-uhslc,155741,206408
nawiliwili-1611400-usa-noaa,185221,576872
naze-hd22-jpn-jodc_jcg,174898,527381
neah_bay_wa-558a-usa-uhslc,96266,719180
nelson-077a-nzl-uhslc,91607,202693
nes-nes-nld-rws,163530,417430
new_haven-8465705-usa-noaa,186575,188373
new_london_ct-744a-usa-uhslc,162941,672484
new_westminster_bc-7654-can-meds,182556,430177
newcastle-60310-aus-bom,174281,468586
newhaven-new-gbr-cmems,179091,248148
newlyn-new-gbr-bodc,172182,767391
newport-new-gbr-cmems,150889,207726
newport_ri-253a-usa-uhslc,166181,743983
nezugaseki-gs07-jpn-jodc_giaj,166673,516642
nice-339-fra-refmar,162603,191987
nieuwe_statenzijl-nieuwstzl-nld-rws,162616,346808
niigatakonishiko-0103-jpn-jodc_pahb,160426,160426
nikiski-9455760-usa-noaa,185970,237891
nikolski-9462450-usa-noaa,117184,117184
nishinoomote-363a-jpn-uhslc,96000,463350
nome_ak-595a-usa-uhslc,155589,186947
noordwijk_meetpost-noordwmpt-nld-rws,57049,201018
nordenham-4106-deu-wsv,176579,224026
nordrerose-nor-dnk-cmems,104515,157490
norfolk_island-57700-aus-bom,130849,177475
north_shields-nsh-gbr-bodc,170950,412091
north_sydney-612-can-meds,182909,436445
noto-ma80-jpn-jodc_jma,164104,188886
nuku_alofa-038a-ton-uhslc,160984,246493
nuku_hiva-031a-fra-uhslc,129319,226357
numbo_noumea-659-fra-refmar,128703,128703
nylesund-823a-nor-uhslc,60473,340094
ocean_city_inlet-8570283-usa-noaa,164111,174310
odomari-hd20-jpn-jodc_jcg,171747,469541
ofunato-ma10-jpn-jodc_jma,162545,464782
oga-gs14-jpn-jodc_giaj,101255,410174
ogdensburg_ny-8311030-usa-noaa,188165,525864
ogi-gs20-jpn-jodc_giaj,173558,399323
oita-hd16-jpn-jodc_jcg,174918,455980
okada-ma17-jpn-jodc_jma,168255,494273
okinawa-gs21-jpn-jodc_giaj,170920,382197
okushiri-gs24-jpn-jodc_giaj,102184,212915
olandsnorraudde-ola-swe-cmems,180700,483272
olcott_ny-9052076-usa-noaa,181569,461868
old_port_tampa-8726607-usa-noaa,164718,180478
omaezaki-ma20-jpn-jodc_jma,68933,500861
ominato-hd04-jpn-jodc_jcg,71980,478283
onahama-ma12-jpn-jodc_jma,165269,458458
onisaki-gs09-jpn-jodc_giaj,69965,480289
oregon_inlet_marina-8652587-usa-noaa,187488,276975
ortona-ort-ita-ispra,173237,192927
osaka-ma30-jpn-jodc_jma,70103,516525
oscarsborg-osc-nor-nhs,113109,512505
oshoro-gs04-jpn-jodc_giaj,172771,730938
oskarshamn-2085-swe-smhi,116156,526962
oslebshausen-4883-deu-wsv,176586,220579
oslo-osl-nor-nhs,181884,869739
osteriff-92-deu-wsv,107539,119230
oswego_ny-9052030-usa-noaa,189015,505802
otaru-ma77-jpn-jodc_jma,100867,193185
otaruko-0138-jpn-jodc_pahb,111101,250479
otranto-otr-ita-ispra,179193,239060
oudeschild-oudsd-nld-rws,163436,417059
oulu-oul-fin-cmems,103685,416222
oura-ma47-jpn-jodc_jma,171086,444779
over-94-deu-wsv,173476,190253
owase-ma24-jpn-jodc_jma,171378,458603
oyster_landing_n_inlet_estuary-8662245-usa-noaa,149728,149728
pago_bay-1631428-usa-noaa,128499,128499
pago_pago-056a-asm-uhslc,160436,593266
paita-678b-per-uhslc,129152,223020
paldiski-pal-est-cmems,108985,108985
palermo-pal-ita-ispra,151161,167559
palinuro-pal-ita-ispra,185343,262505
palma-palm-esp-ieo,109232,130518
palmeira-235a-cpv-uhslc,153218,153218
panama_city-8729108-usa-noaa,182982,375856
panama_city_beach-8729210-usa-noaa,137053,195705
papeete-015b-fra-uhslc,160122,372293
parnu-par-est-cmems,41208,91643
parry_sound_ontario-11375-can-meds,116281,516979
pascagoula_noaa_lab-8741533-usa-noaa,93806,137313
patonga-212440-aus-bom,171328,237152
patricia_bay_bc-7277-can-meds,184709,387974
peel_inlet-plpee01-aus-bom,142181,259975
penang-144a-mys-uhslc,137515,264937
penrhyn-024a-cok-uhslc,160016,349102
pensacola_fl-762a-usa-uhslc,156013,805775
perth_barrack_street_jetty-6223a-aus-bom,165183,252464
petten_zuid-pettzd-nld-rws,153516,350477
philadelphia-8545240-usa-noaa,187951,280896
pietarsaari-pie-fin-cmems,168749,406843
pietarsaari_leppaluoto-134250-fin-fmi,111807,416147
pilots_station_east-8760922-usa-noaa,144775,146064
pinnau_sperrwerk_bp-95-deu-wsv,180854,199950
pisco-683b-per-uhslc,48513,158094
pluz-pluz-esp-ieo,131065,338117
plymouth-ply-gbr-cmems,101338,240323
pohnpei-001c-fsm-uhslc,137605,141388
pohnpei-67950-fsm-bom,149918,149918
point_atkinson_bc-7795-can-meds,181604,698932
point_edward_ontario-11940-can-meds,184500,507770
point_iroquois_mi-9099004-usa-noaa,188774,451648
point_lonsdale-60730-aus-bom,96713,484721
point_reyes-9415020-usa-noaa,187544,399922
point_richards_corio_bay-60757-aus-bom,165842,174589
pointe_claire-15330-can-meds,161119,562080
pointe_des_cascades-15220-can-meds,168243,512040
pointe_pitre-272a-fra-uhslc,102340,179869
ponta_delgada-211a-prt-uhslc,153724,264670
pori-por-fin-cmems,173952,411856
pori_mantyluoto_kallo-134266-fin-fmi,182880,421458
port_adelaide_inner_harbor-61610-aus-bom,142266,510962
port_adelaide_outer_harbor-61600-aus-bom,174556,672738
port_alberni_bc-8575-can-meds,79513,308164
port_alexander-9451054-usa-noaa,56696,121245
port_alfred-3460-can-meds,121906,287282
port_alma-59690-aus-bom,174378,296040
port_angeles_wa-584a-usa-uhslc,166383,263399
port_aux_basques-665-can-meds,171392,497064
port_bloc-15-fra-refmar,61058,279738
port_chalmers-669a-nzl-uhslc,165131,202311
port_chicago-9415144-usa-noaa,119349,359612
port_colborne_ontario-12865-can-meds,185436,535229
port_douglas-59040-aus-bom,113452,207516
port_dover_ontario-12710-can-meds,183394,506215
port_elizabeth-184a-zaf-uhslc,93327,301539
port_fourchon-8762075-usa-noaa,150658,150658
port_giles-61685-aus-bom,68570,223038
port_hardy_bc-8408-can-meds,184604,488696
port_hedland-169a-aus-uhslc,163132,298915
port_hedland-62590-aus-bom,168267,431982
port_inland_mi-9087096-usa-noaa,180302,433534
port_isabel-8779770-usa-noaa,73707,637436
port_kembla-342a-aus-uhslc,165126,238215
port_lambton_ontario-11950-can-meds,71294,512209
port_lincoln-61900-aus-bom,169301,469492
port_louis-103c-mus-uhslc,164337,280673
port_macquarie-207420-aus-bom,170060,276298
port_manatee-8726384-usa-noaa,175783,200529
port_nolloth-701a-zaf-uhslc,69306,399429
port_orford_or-557a-usa-uhslc,84081,308025
port_pirie-61800-aus-bom,171974,743013
port_saint_francois-3365-can-meds,148495,346774
port_san_luis-9412110-usa-noaa,188104,610800
port_stanley-290b-gbr-uhslc,107615,167541
port_stanley_ontario-12400-can-meds,166106,532321
port_stanvac-100a-aus-uhslc,26092,159569
port_townsend-9444900-usa-noaa,188419,400485
port_vendres-75-fra-refmar,114394,243072
port_vila-046b-vut-uhslc,60221,218590
port_weller_ontario-13030-can-meds,185900,534445
portellen-por-gbr-cmems,25012,169341
porterin-por-gbr-cmems,126732,166198
portland_me-252a-usa-uhslc,165677,924525
portland_victoria-129a-aus-uhslc,165751,243013
portneuf-3300-can-meds,183450,457728
porto_empedocle-por-ita-ispra,63712,221798
porto_torres-por-ita-ispra,180371,235691
portpatrick-por-gbr-cmems,67155,240024
portrush-pru-gbr-bodc,160773,199036
prince_rupert_bc-9354-can-meds,113905,783445
providence-8454000-usa-noaa,186558,631883
prudhoe_bay_ak-579a-usa-uhslc,161521,240557
pt_la_rue-121a-syc-uhslc,163520,223696
puerto_armuelles-304b-pan-uhslc,17251,165353
puerto_montt-684a-chl-uhslc,95038,323014
puerto_princesa-380a-phl-uhslc,57073,122143
queen_charlotte_city-9850-can-meds,183959,494757
queenscliff-60732-aus-bom,68306,237009
quonset_point-8454049-usa-noaa,115261,180891
raahe-raa-fin-cmems,166794,401053
rak_noord-raknd-nld-rws,57749,413807
rak_zuid-rakzd-nld-rws,163701,417719
rarotonga-023b-cok-uhslc,160140,221031
ratan-2056-swe-smhi,104420,1041030
rauma-rau-fin-cmems,176003,428736
ravenna-rav-ita-ispra,54354,225691
rechtenfleth-4108-deu-wsv,176575,224907
red_dog_dock-9491094-usa-noaa,143757,143757
redwood_city-9414523-usa-noaa,74658,226098
reggio_calabria-reg-ita-ispra,181237,182620
reunion-164a-fra-uhslc,144440,281619
richards_bay-188a-zaf-uhslc,115079,194254
richmond-9414863-usa-noaa,181547,216527
rikitea-016a-fra-uhslc,160521,405462
rimouski-2985-can-meds,70500,300322
ringhals-2105-swe-smhi,113705,440464
riviere_au_renard-2330-can-meds,168558,418788
robbensudsteert-4110-deu-wsv,176528,219452
rock_cut_mi-9076024-usa-noaa,172959,172959
rockport_tx-769a-usa-uhslc,53421,538170
rodby-rod-dnk-cmems,135377,135377
rodrigues-105a-mus-uhslc,153813,263569
rodvig-rod-dnk-cmems,163494,233019
ronne-ron-dnk-cmems,40413,145682
roompot_binnen-roompbnn-nld-rws,163374,275687
rorvik-rvk-nor-nhs,112514,430402
roscoff_60minute-ros-fra-cmems,172072,392012
rosslyn_bay-330a-aus-uhslc,60682,224535
rossport_ontario-10220-can-meds,185050,455260
rothera-rot-gbr-noc,124822,124822
rough_and_ready_island-rri-usa-cdwr,176216,176216
rumoiko-0132-jpn-jodc_pahb,58043,234722
sabine_pass_north-8770570-usa-noaa,177914,304269
sacramento_r_at_snodgrass-sgx-usa-cdwr,182141,324511
sado-ma79-jpn-jodc_jma,164412,189764
sagunto-sag-esp-cmems,116785,116785
saigo-ma54-jpn-jodc_jma,169616,494474
sainildas_60minute-sai-fra-cmems,74446,398755
saint_francois_io-3100-can-meds,183673,497927
saint_john-65-can-meds,155406,850336
saint_joseph_de_la_rive-3057-can-meds,181706,413074
saint_malo-410-fra-refmar,181909,228877
saint_nazaire-37-fra-refmar,167901,991463
sainte_anne_de_bellevue-16005-can-meds,170228,471479
saipan-028b-usa-uhslc,139068,311754
sakai-ma53-jpn-jodc_jma,162408,421605
sakatako-0102-jpn-jodc_pahb,155244,155244
salalah-114a-omn-uhslc,129159,210536
saldahna_bay-703a-zaf-uhslc,51041,245284
salerno-sal-ita-ispra,166487,203075
salvador-708b-bra-uhslc,122330,122330
san_andres-737a-col-uhslc,112994,135381
san_diego-9410170-usa-noaa,188608,987832
san_felix-035a-chl-uhslc,149887,233100
san_joaquin_r_at_brandt_bridge-bdt-usa-cdwr,93867,137614
san_joaquin_r_at_prisoners_pt_near_termino-pri-usa-cdwr,118955,120570
san_joaquin_r_at_rindge_pump-rgp-usa-cdwr,179738,326600
san_juan-096a-per-uhslc,15728,177963
san_juan_pr-245a-usa-uhslc,165519,346828
sand_point-9459450-usa-noaa,116396,414287
sandakan-389a-mys-uhslc,34087,186159
sandown_pier-sdp-gbr-cco,122013,122013
sandy_hook-8531680-usa-noaa,185897,813712
santa_barbara_ca-577a-usa-uhslc,119001,192251
santa_cruz-030a-ecu-uhslc,164359,339607
santa_monica_ca-578a-usa-uhslc,166127,374776
santander-san-esp-cmems,183710,248956
sasebo-hd19-jpn-jodc_jcg,171630,593986
sassnitz-sas-deu-cmems,129165,129165
sault_ste_marie_ontario-10980-can-meds,184540,500203
scheveningen-schevngn-nld-rws,163770,417955
schiermonnikoog-schiermnog-nld-rws,163610,417643
schopfstelle_pegel_hpa-3343-deu-wsv,177871,179509
schulau-96-deu-wsv,174288,193264
scott_base-663a-nzl-uhslc,48330,83564
seattle-9447130-usa-noaa,186624,1071377
seavey_island-8419870-usa-noaa,19917,478362
sedili-324a-mys-uhslc,138382,249197
seemannshoft_pegel_hpa-3345-deu-wsv,182220,183855
seldovia_ak-561a-usa-uhslc,156284,337679
sendaiko-0112-jpn-jodc_pahb,18771,85318
sept_iles-2780-can-meds,70315,381030
settlement_point-257a-bhs-uhslc,17912,132996
settlement_point-257b-bhs-uhslc,133456,133456
seward-9455090-usa-noaa,188287,379556
sewells_point-8638610-usa-noaa,186954,800306
shediac_bay-1805-can-meds,130281,284657
sheerness-she-gbr-bodc,78088,342463
shibaura-hd07-jpn-jodc_jcg,68945,371175
shibushiko-0114-jpn-jodc_pahb,165201,165201
shimizuminato-ma19-jpn-jodc_jma,69039,477386
shimokita-ma74-jpn-jodc_jma,172982,198881
shimonoseki-ma51-jpn-jodc_jma,107505,405894
ship_john_shoal-8537121-usa-noaa,59134,152894
shirahama-ma27-jpn-jodc_jma,173324,447641
shute_harbour-59410-aus-bom,154860,268387
sibolga-122a-idn-uhslc,28321,119829
simons_town-221a-zaf-uhslc,67404,402412
simrishamn-sim-swe-cmems,68595,328312
sitka_ak-559a-usa-uhslc,165192,698097
sjaellandsodde-sja-dnk-cmems,60471,224808
skagen-ska-dnk-cmems,159271,222424
skagsudde-2321-swe-smhi,151687,225863
skagway-9452400-usa-noaa,74041,338984
skamokawa-9440569-usa-noaa,62497,155593
skanor-ska-swe-cmems,182061,248785
slipshavn-sli-dnk-cmems,92481,134027
smogen-smo-swe-cmems,112826,958767
socoa_60minute-soc-fra-cmems,110712,396623
solomons_island-8577330-usa-noaa,172491,311210
soma-gs18-jpn-jodc_giaj,170301,393098
sorel-15930-can-meds,180004,465882
south_beach-9435380-usa-noaa,188778,473489
south_trees-h052026a-aus-bom,173581,204990
spijkenisse-spijknse-nld-rws,163730,417695
spikarna-2061-swe-smhi,177956,442090
spodsbjerg-spo-dnk-cmems,15577,122442
spring_bay-61170-aus-bom,172461,292436
springmaid_pier-8661070-usa-noaa,172779,358235
st_clair_shores_mi-9034052-usa-noaa,186159,463858
st_clair_state_police_mi-9014080-usa-noaa,74420,440877
st_helens-9439201-usa-noaa,169305,169305
st_johns-276b-can-uhslc,160954,247596
st_petersburg_fl-759a-usa-uhslc,162974,607473
stadersand-98-deu-wsv,182352,201333
stanley-sta-gbr-noc,105438,165829
stavanger-svg-nor-nhs,183317,777734
stavenisse-stavnse-nld-rws,163492,417344
stenungsund-2110-swe-smhi,71843,486948
steveston_bc-7607-can-meds,42488,287078
sthelier-sth-gbr-cmems,180434,240242
stockholm-sto-swe-cmems,183137,1152974
stor_sperrwerk_bp-99-deu-wsv,183035,193422
stornoway-295a-gbr-uhslc,72871,289478
stpetersburg-stp-rus-cmems,112466,112928
sturgeon_point_ny-9063028-usa-noaa,187342,368392
summerstown_ontario-14940-can-meds,183796,502402
sumoto-ma32-jpn-jodc_jma,104857,476039
sunrise_club-snc-usa-cdwr,170413,218003
surabaya-160a-idn-uhslc,28155,147844
susa-gs16-jpn-jodc_giaj,104744,425139
suva-67050-fji-bom,174279,192646
sydney_port_jackson-213470-aus-bom,173890,272245
syowa_antarctica-127a-ata-uhslc,34546,241786
syowa_station_antarctica-hd50-ata-jodc_jcg,162964,275509
tacoma-9446484-usa-noaa,189276,211076
tago-gs22-jpn-jodc_giaj,174300,367520
tajiri-gs10-jpn-jodc_giaj,68811,452973
takamatsu-ma35-jpn-jodc_jma,175181,450776
tallinn-tal-est-cmems,115212,115212
tanegashima-ma75-jpn-jodc_jma,174103,197089
tanjong_pagar-699a-sgp-uhslc,163025,259173
tannowa-ma29-jpn-jodc_jma,175195,449773
tappi-hd27-jpn-jodc_jcg,172608,309005
taranaki-076a-nzl-uhslc,91687,473481
taranto-tar-ita-ispra,164192,210848
tarawa_betio-67590-kir-bom,166099,225284
tarifa-tari-esp-ieo,138168,589331
tauranga-073a-nzl-uhslc,149924,271516
tawau-385a-mys-uhslc,126194,228288
tejn-tej-dnk-cmems,130266,130431
tenerife-ten-esp-cmems,182916,243506
tenerife-ten-esp-da_mm,109366,631804
terneuzen-ternzn-nld-rws,163751,417976
terschelling_noordzee-terslnze-nld-rws,163514,258268
texel_noordzee-texnze-nld-rws,156112,248809
the_battery-8518750-usa-noaa,183454,819613
thessalon_ontario-11070-can-meds,113382,502097
thevenard-128a-aus-uhslc,165698,233104
thursday_island-58170-aus-bom,68254,205386
tioman-323a-mys-uhslc,135413,255116
toba-ma23-jpn-jodc_jma,102587,471972
tobermory-tob-gbr-cmems,104822,236118
tobermory_ontario-11690-can-meds,185356,510597
tobishima-gs25-jpn-jodc_giaj,171689,212900
tofino_bc-8615-can-meds,113557,737189
tokachiko-0122-jpn-jodc_pahb,150431,289419
toke_point-9440910-usa-noaa,183543,390197
tokuyama-hd15-jpn-jodc_jcg,175067,602207
tolchester_beach-8573364-usa-noaa,172574,239843
tomakomaihigashiko-0146-jpn-jodc_pahb,154899,217094
tomakomainishiko-0136-jpn-jodc_pahb,171703,449141
toronto_ontario-13320-can-meds,185277,535306
tosashimizu-ma39-jpn-jodc_jma,173187,512757
toulon_60minute-tou-fra-cmems,159985,288249
townsville-334a-aus-uhslc,165790,305210
toyama-349a-jpn-uhslc,163526,440837
tregde-804a-nor-uhslc,94159,751073
trident_pier-8721604-usa-noaa,187328,231073
trois_rivieres-3360-can-meds,182892,732714
tromso-tos-nor-nhs,182808,573595
trondheim-trd-nor-nhs,113498,267874
tsushima-ma72-jpn-jodc_jma,86560,113536
tumaco-303a-col-uhslc,124263,497958
turku-tur-fin-cmems,175792,430187
turku_ruissalo_saaronniemi-134225-fin-fmi,116572,317781
turner_cut_near_holt-trn-usa-cdwr,118730,118730
turtle_head-58180-aus-bom,170147,246293
uchiura-ma18-jpn-jodc_jma,102361,507829
uetersen-100-deu-wsv,182130,187938
ullapool-ull-gbr-bodc,165991,366583
ulukhaktok-6380-can-meds,92036,92036
uno-ma33-jpn-jodc_jma,103049,458574
uragami-ma25-jpn-jodc_jma,104195,448365
urakawa-hd02-jpn-jodc_jcg,70137,357047
urangan-59850-aus-bom,166289,278319
us_slip_mi-9076060-usa-noaa,74844,423414
ushuaia-600a-arg-uhslc,106734,134676
uwajima-ma40-jpn-jodc_jma,174369,468814
vaasa-vaa-fin-cmems,175425,418290
vaca_key-8723970-usa-noaa,75010,382574
valdez_ak-562a-usa-uhslc,54738,358860
valencia-val-esp-cmems,181967,242205
valparaiso-081a-chl-uhslc,158920,569592
vancouver-9440083-usa-noaa,164994,164994
vancouver_bc-7735-can-meds,181039,808294
vardo-805a-nor-uhslc,95455,423227
vardo-vaw-nor-nhs,172488,427031
varennes-15660-can-meds,110698,478511
vegesack-4112-deu-wsv,176578,220566
venezia-vene-ita-cv,70053,332889
venice_island-vne-usa-cdwr,8532,136707
veracruz_ver-250a-mex-uhslc,46972,141651
victor_harbor-61490-aus-bom,167446,453931
victoria_harbour_bc-7120-can-meds,112944,547600
vieste-vie-ita-ispra,174664,202720
viken-vik-swe-cmems,181402,385266
viker-vik-nor-nhs,181095,253864
villagarcia-vil-esp-cmems,180172,202966
village_cove-9464212-usa-noaa,128581,128581
virginia_key-8723214-usa-noaa,117992,238127
visby-vis-swe-cmems,69630,525713
vlaardingen-vlaardgn-nld-rws,163730,417734
vlieland_haven-vlielhvn-nld-rws,163243,416855
volanti-vol-usa-cdwr,168382,188872
vung_tau-383a-vnm-uhslc,26295,144626
vuren-vurn-nld-rws,163140,328863
wachapreague-8631044-usa-noaa,71391,335338
wajima-gs03-jpn-jodc_giaj,171757,725350
wakayama-ma28-jpn-jodc_jma,175030,454438
wake-051a-usa-uhslc,61368,560682
wakkanai-360a-jpn-uhslc,59945,442236
wallaroo-61780-aus-bom,165745,309659
warnemunde-war-deu-bfg,68080,188724
washington-8594900-usa-noaa,177890,783005
wauna-9439099-usa-noaa,62425,157323
wehr_geesthacht_up-101-deu-wsv,172757,188954
weipa_humbug_point-63620-aus-bom,175108,374129
wells-8419317-usa-noaa,88246,130938
west_bank_1-8762482-usa-noaa,61644,147543
west_channel_pile-60739-aus-bom,67368,238029
west_neebish_island_mi-9076027-usa-noaa,127018,127955
west_ste_modeste-2595-can-meds,0,164526
west_terschelling-westtslg-nld-rws,163329,417145
western_port_stony_point-60710-aus-bom,103455,347437
westkapelle-westkple-nld-rws,163723,417796
westport-9441102-usa-noaa,57512,133897
weymouth-wey-gbr-cmems,104783,245393
whitby-whi-gbr-bodc,140665,297312
whyalla-61840-aus-bom,162192,265049
wick-wic-gbr-bodc,111664,445541
wierumergronden-wiermgdn-nld-rws,163556,329845
willets_point-8516990-usa-noaa,6664,573175
wilmington_nc-750a-usa-uhslc,61349,714374
windmill_point-8636580-usa-noaa,179995,214211
winter_harbour_bc-8735-can-meds,180701,276308
wladyslawowo-wla-pol-eseas,17071,339719
woods_hole-8447930-usa-noaa,185814,469518
workington-wor-gbr-cmems,175215,242396
wrightsville_beach-8658163-usa-noaa,143539,143539
wyandotte_mi-9044030-usa-noaa,188750,448431
wyndham-165a-aus-uhslc,161384,292610
yaizu-gs23-jpn-jodc_giaj,173201,369808
yakutat_ak-570a-usa-uhslc,164043,472603
yamba-60130-aus-bom,161110,256541
yap-008b-fsm-uhslc,83842,395360
yokohamashinko-hd29-jpn-jodc_jcg,102793,327436
yokosuka-hd08-jpn-jodc_jcg,173885,515335
yonaguni-ma76-jpn-jodc_jma,174605,200753
yorktown_uscg_training_center-8637689-usa-noaa,149634,149634
yoshioka-hd26-jpn-jodc_jcg,67375,198610
zanzibar-151a-tza-uhslc,156591,294461
zollenspieker-102-deu-wsv,173117,188796
