name,surge_h,post2000_h,joined_h,share_all,share_post,forcing_gap_post
aarhus-aar-dnk-cmems,131886,131886,131886,1.0,1.0,0.0
abashiri-347a-jpn-uhslc,432812,162836,432812,1.0,2.6579626126900684,-1.6579626126900684
abashiri-ma02-jpn-jodc_jma,440558,171446,440558,1.0,2.5696604178575178,-1.5696604178575178
aberdeen-abe-gbr-bodc,438264,141452,141452,0.32275523428800906,1.0,0.0
aberdeen-abe-gbr-cmems,253394,171435,253394,1.0,1.4780762388077113,-0.47807623880771133
aburatsu-354a-jpn-uhslc,504858,165107,504858,1.0,3.0577625418667895,-2.0577625418667895
aburatsubo-gs01-jpn-jodc_giaj,720102,172284,658761,0.914816234366798,3.82369227554503,-2.82369227554503
acajutla-082a-slv-uhslc,330223,12310,330223,1.0,26.825588952071488,-25.825588952071488
acapulco-316-mex-unam,421612,73603,421612,1.0,5.728190427020638,-4.728190427020638
acapulco_gro-316a-mex-uhslc,348009,0,348009,1.0,,
adak_alaska-040a-usa-uhslc,554605,161248,161248,0.2907438627491638,1.0,0.0
adak_island-9461380-usa-noaa,576568,183816,576568,1.0,3.1366583975279627,-2.1366583975279627
ajaccio_aspretto-300-fra-refmar,170940,155127,155127,0.9074938574938575,1.0,0.0
akune-gs15-jpn-jodc_giaj,430870,174876,430870,1.0,2.463860106589812,-1.463860106589812
alameda-9414750-usa-noaa,367850,189313,367850,1.0,1.9430783939824523,-0.9430783939824523
albany-62120-aus-bom,458841,166029,458841,1.0,2.76361960862259,-1.76361960862259
alesund-aes-nor-nhs,498458,181235,498458,1.0,2.750340717852512,-1.750340717852512
alexandria_bay_ny-8311062-usa-noaa,331552,188181,118206,0.35652326030305953,0.6281505571763355,0.3718494428236645
algeciras-alge-esp-ieo,498356,100860,100860,0.20238544333769434,1.0,0.0
algonac_mi-9014070-usa-noaa,442304,187630,187630,0.42421049775719866,1.0,0.0
alicante_i-ali-esp-da_mm,505026,157794,60175,0.11915228126868715,0.3813516356768952,0.6186483643231049
alitak-9457804-usa-noaa,128982,128982,128982,1.0,1.0,0.0
almeria-alm-esp-cmems,128540,128540,128540,1.0,1.0,0.0
alpena_mi-9075065-usa-noaa,133492,133492,133492,1.0,1.0,0.0
amami-ma73-jpn-jodc_jma,191534,167088,167088,0.8723673081541659,1.0,0.0
american_falls_ny-9063009-usa-noaa,393610,187892,187892,0.47735575823784965,1.0,0.0
amherstburg_ontario-11995-can-meds,502345,185859,115997,0.2309110272820472,0.6241129027919013,0.37588709720809865
anchorage-9455920-usa-noaa,335009,186746,186746,0.5574357703822882,1.0,0.0
ancona-anx-ita-ispra,253263,185946,185946,0.7342012058611009,1.0,0.0
andenes-800a-nor-uhslc,225321,158734,158734,0.7044793871853933,1.0,0.0
annapolis-8575512-usa-noaa,721442,168094,168094,0.2329972471799535,1.0,0.0
antofagasta-080a-chl-uhslc,599169,157515,157515,0.2628891014054465,1.0,0.0
aomoriko-0104-jpn-jodc_pahb,445780,169104,64616,0.14495042397595226,0.3821080518497493,0.6178919481502507
apalachicola_fl-760a-usa-uhslc,366510,161706,161706,0.44120487844806416,1.0,0.0
apia-401b-wsm-uhslc,219036,159117,159117,0.7264422286747384,1.0,0.0
apra_harbor_guam-053a-usa-uhslc,579230,157915,61033,0.10536919703744627,0.3864927334325428,0.6135072665674572
arena_cove-9416841-usa-noaa,298403,188472,118653,0.39762669946347723,0.6295524003565517,0.3704475996434483
argentia-835-can-meds,405003,176291,176291,0.4352831954331203,1.0,0.0
arklowharbour-ark-irl-cmems,152028,152028,152028,1.0,1.0,0.0
arrecife-arre-esp-ieo,465209,97972,97972,0.21059781732511623,1.0,0.0
asamushi-gs06-jpn-jodc_giaj,554766,174257,174257,0.3141090117274671,1.0,0.0
ascension-291a-gbr-uhslc,117980,68056,68056,0.5768435328021698,1.0,0.0
ascension-asc-gbr-noc,117943,67613,67613,0.5732684432310523,1.0,0.0
astoria-9439040-usa-noaa,832620,189072,189072,0.22708078114866326,1.0,0.0
atka-9461710-usa-noaa,116864,116864,116864,1.0,1.0,0.0
atlantic_city-8534720-usa-noaa,912138,183698,73539,0.08062266893825276,0.4003255343008634,0.5996744656991366
avonmouth-avo-gbr-cmems,186152,113718,113718,0.6108878765739826,1.0,0.0
awashima-hd25-jpn-jodc_jcg,448728,167913,167913,0.37419773225651176,1.0,0.0
awayuki-ma69-jpn-jodc_jma,124941,124941,124941,1.0,1.0,0.0
ayukawa-ma11-jpn-jodc_jma,438189,157434,157434,0.35928332294968607,1.0,0.0
bagenkop-bag-dnk-cmems,107658,107658,107658,1.0,1.0,0.0
baie_comeau-2840-can-meds,177038,0,0,0.0,,
bakar-bak-hrv-uz,375522,157766,87649,0.23340576584061654,0.5555633026127302,0.44443669738726976
bake_a-3611-deu-wsv,134029,134029,134029,1.0,1.0,0.0
bake_c_scharhorn-3905-deu-wsv,178231,160731,160731,0.9018128159523315,1.0,0.0
ballen-bal-dnk-cmems,239943,167225,65773,0.27411926999329006,0.39332037673792797,0.606679623262072
baltimore-8574680-usa-noaa,992362,179553,179553,0.18093498138784034,1.0,0.0
baltra-003b-ecu-uhslc,263249,137212,137212,0.5212251518524287,1.0,0.0
bamfield_bc-8545-can-meds,441228,184572,184572,0.41831434088498465,1.0,0.0
bangor-ban-gbr-cmems,184798,151165,151165,0.8180012770700982,1.0,0.0
bar_harbor-8413320-usa-noaa,596566,173747,596566,1.0,3.4335326653122067,-2.4335326653122067
bar_point_ontario-12005-can-meds,472656,182680,472656,1.0,2.5873439894898183,-1.5873439894898183
barcelona-bar-esp-cmems,235543,178988,235543,1.0,1.3159709030773012,-0.31597090307730125
bari-bar-ita-ispra,259248,149757,259248,1.0,1.731124421562932,-0.731124421562932
barmouth-bar-gbr-bodc,167063,98490,167063,1.0,1.6962432734287745,-0.6962432734287745
barmouth-bar-gbr-cmems,206109,137624,206109,1.0,1.4976239609370459,-0.49762396093704586
barseback-bar-swe-cmems,251466,182973,69826,0.27767570963867877,0.3816191459942177,0.6183808540057822
base_prat-730a-chl-uhslc,157993,26233,26233,0.16603900172792466,1.0,0.0
batemans_bay_princess_jetty-216410-aus-bom,197030,160116,197030,1.0,1.230545354617902,-0.23054535461790193
bath-bath-nld-rws,417930,163772,417930,1.0,2.551901423930831,-1.5519014239308309
batiscan-3345-can-meds,715350,182675,603434,0.84355070944293,3.3033201040098534,-2.3033201040098534
bay_waveland_yacht_club-8747437-usa-noaa,275865,135104,275865,1.0,2.0418714471814305,-1.0418714471814305
bayonne_boucau-94-fra-refmar,369524,152327,369524,1.0,2.4258601561115234,-1.4258601561115234
beaufort-8656483-usa-noaa,409651,187685,74250,0.18125184608361752,0.3956096651304047,0.6043903348695954
becancour-3353-can-meds,242655,184254,71010,0.292637695493602,0.38539190465335893,0.6146080953466411
beldon_landing-bdl-usa-cdwr,256189,165214,165214,0.6448910765099204,1.0,0.0
bella_bella_bc-8976-can-meds,512433,183601,183601,0.358292693874126,1.0,0.0
belum-1263-deu-wsv,166447,147545,147545,0.8864383257132901,1.0,0.0
benoa-163a-idn-uhslc,97591,19721,19721,0.20207806047688823,1.0,0.0
bergen-bgo-nor-nhs,828086,183433,183433,0.2215144320758955,1.0,0.0
bergen_point_west_reach-8519483-usa-noaa,328796,183791,183791,0.5589818610932007,1.0,0.0
bergse_diepsluis_west-bergsdswt-nld-rws,253879,163666,163666,0.6446614332024311,1.0,0.0
bermagui-219470-aus-bom,265292,175023,175023,0.6597371952414698,1.0,0.0
berwick-8764044-usa-noaa,151787,151787,64697,0.4262354483585551,0.4262354483585551,0.5737645516414449
bhv_alter_leuchtturm-4098-deu-wsv,224728,176713,176713,0.7863417108682497,1.0,0.0
bilbao-bil-esp-cmems,248599,183166,183166,0.7367929879042152,1.0,0.0
bintulu-387a-mys-uhslc,178978,114756,114756,0.6411737755478327,1.0,0.0
bishops_head-8571421-usa-noaa,136702,136702,95524,0.6987754385451567,0.6987754385451567,0.30122456145484333
bluff-072a-nzl-uhslc,199713,153731,153731,0.7697596050332227,1.0,0.0
bodo-boo-nor-nhs,530019,181213,112388,0.21204522856727778,0.6201983301418772,0.3798016698581228
bonanza-bon-esp-cmems,244134,181058,181058,0.7416336929718925,1.0,0.0
booby_island-336a-aus-uhslc,254968,162095,162095,0.6357464466129082,1.0,0.0
borkum_fischerbalje-bor-deu-bfg,203663,183011,183011,0.8985971924208128,1.0,0.0
boston-8443970-usa-noaa,867737,186421,117897,0.1358672040030562,0.6324233857773535,0.36757661422264654
botany_bay-60390-aus-bom,301259,173045,173045,0.5744060758350787,1.0,0.0
bournemouth-bou-gbr-bodc,150796,119847,119847,0.7947624605427199,1.0,0.0
bowen-59320-aus-bom,285873,174037,174037,0.6087913164237266,1.0,0.0
brake-4096-deu-wsv,220568,176748,176748,0.8013311087737115,1.0,0.0
bremer_bay-bbbre01-aus-bom,175011,164606,164606,0.9405465942140779,1.0,0.0
bremervorde-71-deu-wsv,160488,141854,141854,0.883891630526893,1.0,0.0
brest-822a-fra-uhslc,1390242,165842,165842,0.11929002288810149,1.0,0.0
bridgeport-8467150-usa-noaa,439627,184614,184614,0.4199332616058613,1.0,0.0
brisbane-331a-aus-uhslc,301260,165395,165395,0.549010821217553,1.0,0.0
brisbane_bar-59980-aus-bom,415048,174143,174143,0.4195731578034348,1.0,0.0
brockville_ontario-14400-can-meds,349928,185362,185362,0.5297146841635993,1.0,0.0
brokdorf-72-deu-wsv,201308,182384,182384,0.9059947940469331,1.0,0.0
broome-166a-aus-uhslc,254774,162452,162452,0.6376317834629908,1.0,0.0
brouwershavensche_gat_08-brouwhvsgt08-nld-rws,338050,162793,162793,0.48156485726963466,1.0,0.0
brunsbuttel_mole_4_pegel-73-deu-wsv,105799,86834,86834,0.8207449975897693,1.0,0.0
brunswick_heads-202403-aus-bom,277144,168224,168224,0.6069913113760356,1.0,0.0
bryte_lab-byl-usa-cdwr,316011,177808,177808,0.5626639579001996,1.0,0.0
buenos_aires-285a-arg-uhslc,483392,0,187059,0.3869716503376142,,
buffalo_ny-9063020-usa-noaa,537366,188944,537366,1.0,2.844049030400542,-1.8440490304005421
bunbury-62190-aus-bom,456599,172267,102444,0.22436317206126163,0.5946815118391798,0.40531848816082017
bundaberg-332a-aus-uhslc,303247,165898,303247,1.0,1.827912331673679,-0.827912331673679
bundaberg_burnett_heads-59820-aus-bom,457102,175043,457102,1.0,2.6113697777117624,-1.6113697777117624
burlington_ontario-13150-can-meds,425197,182821,425197,1.0,2.3257557939186415,-1.3257557939186415
burnie-344a-aus-uhslc,227943,165439,227943,1.0,1.3778069258155574,-0.3778069258155574
busselton_port_geographe-bsgeo01-aus-bom,152180,152180,91052,0.5983177815744513,0.5983177815744513,0.40168221842554874
cabo_san_lucas-034-mex-unam,209787,17202,209787,1.0,12.195500523194978,-11.195500523194978
cabo_san_lucas-034a-mex-uhslc,215026,22433,215026,1.0,9.585253867070833,-8.585253867070833
caddadup-dvcad01-aus-bom,214960,169199,214960,1.0,1.270456681186059,-0.2704566811860589
cadzand-cadzd-nld-rws,417866,163740,417866,1.0,2.5520092830096495,-1.5520092830096495
cagliari-cag-ita-ispra,225938,155878,155878,0.6899149324150873,1.0,0.0
cairns-59060-aus-bom,402423,174831,402423,1.0,2.301782864594952,-1.3017828645949518
calais-55-fra-refmar,371346,163305,163305,0.439765070850366,1.0,0.0
calcasieu_pass-8768094-usa-noaa,152818,152818,152818,1.0,1.0,0.0
callao-093b-per-uhslc,406933,144082,144082,0.35406811440704,1.0,0.0
calumet_harbor_il-9087044-usa-noaa,438702,188239,118508,0.2701332567437577,0.6295613555108134,0.3704386444891866
cambridge-8571892-usa-noaa,353024,182543,73175,0.2072805248368383,0.4008644538547082,0.5991355461452919
cananeia-281a-bra-uhslc,457094,56153,56153,0.12284781686042696,1.0,0.0
cape_ferguson-343a-aus-uhslc,234403,163138,163138,0.6959723211733638,1.0,0.0
cape_ferguson-h033007a-aus-bom,208296,173334,173334,0.8321523216960479,1.0,0.0
cape_hatteras_fishing_pier-8654400-usa-noaa,190895,27052,8651,0.0453181068126457,0.3197915126423185,0.6802084873576815
cape_may-8536110-usa-noaa,444334,185107,75417,0.16973042801136082,0.407423814334412,0.592576185665588
cape_town-704a-zaf-uhslc,290051,81188,81188,0.27990939524428465,1.0,0.0
cape_vincent_ny-9052000-usa-noaa,469490,187789,187789,0.3999850902042642,1.0,0.0
cardwell-h035012a-aus-bom,205350,172086,172086,0.8380131482834186,1.0,0.0
carloforte-car-ita-ispra,188610,183897,183897,0.9750119293780818,1.0,0.0
carnarvon-167a-aus-uhslc,266193,163120,163120,0.6127884655118655,1.0,0.0
cartagena-265b-col-uhslc,162122,115130,115130,0.710144212383267,1.0,0.0
cascais-209a-prt-uhslc,362735,45416,45416,0.12520435028326465,1.0,0.0
castletownbere_port-cas-irl-mi_c,122216,122216,122216,1.0,1.0,0.0
catania-cat-ita-ispra,333384,183099,183099,0.5492135195450292,1.0,0.0
cebu-379a-phl-uhslc,115763,98444,98444,0.8503926124927654,1.0,0.0
cendering-320a-mys-uhslc,262892,131785,34049,0.12951706404150753,0.2583677960314148,0.7416322039685852
ceuta-207a-esp-uhslc,622209,156598,156598,0.251680705357846,1.0,0.0
chaleix_noumea-16-fra-refmar,326161,48179,48179,0.14771539209163573,1.0,0.0
charchanga-138a-bgd-uhslc,178305,8725,8725,0.048933008048007626,1.0,0.0
charleston_or-575a-usa-uhslc,393208,166343,166343,0.4230407316229578,1.0,0.0
charleston_sc-261b-usa-uhslc,839884,166491,166491,0.19823094617828177,1.0,0.0
charlotte_amalie-9751639-usa-noaa,341368,175379,65733,0.1925575918070821,0.37480542140165013,0.6251945785983499
charlottetown-1700-can-meds,791591,175301,175301,0.22145400844628096,1.0,0.0
cherbourg_60minute-che-fra-cmems,405049,179494,179494,0.44314144708417996,1.0,0.0
cherry_point-9449424-usa-noaa,408510,186978,186978,0.45770727766762137,1.0,0.0
chesapeake_bbt-749a-usa-uhslc,363441,147805,78292,0.21541873371468823,0.529697912790501,0.47030208720949895
chesapeake_city-8573927-usa-noaa,238434,152427,65908,0.2764203091840929,0.43239058696950017,0.5676094130304998
chiba-hd06-jpn-jodc_jcg,480763,174551,104909,0.2182135480475827,0.6010220508619257,0.3989779491380743
chichijima-047a-jpn-uhslc,381884,165854,61177,0.1601978611306051,0.3688605641106033,0.6311394358893967
choshigyoko-ma64-jpn-jodc_jma,388979,159991,159991,0.4113101221402698,1.0,0.0
christiansted_harbor-9751364-usa-noaa,130129,130129,53558,0.41157620515027393,0.41157620515027393,0.5884237948497261
churchill-274a-can-uhslc,462351,166012,166012,0.35906054058496684,1.0,0.0
civitavecchia-civ-ita-ispra,273487,182623,182623,0.6677575168106711,1.0,0.0
clearwater_bch_fl-773a-usa-uhslc,195122,161310,161310,0.8267135433216142,1.0,0.0
cleveland_oh-9063063-usa-noaa,450430,188851,188851,0.41926825477876695,1.0,0.0
clump_point-59168-aus-bom,294115,171631,171631,0.5835506519558676,1.0,0.0
coast_guard_sector_mobile-8736897-usa-noaa,119878,119878,55556,0.4634378284589333,0.4634378284589333,0.5365621715410667
cobourg_ontario-13590-can-meds,517056,185879,185879,0.3594949096422825,1.0,0.0
cocos-171a-aus-uhslc,276222,162655,162655,0.5888560650491271,1.0,0.0
coffs_harbour-205470-aus-bom,183051,155106,155106,0.847337627218644,1.0,0.0
collingwood_ontario-11500-can-meds,517391,184367,72186,0.13951924173400773,0.39153427674149927,0.6084657232585007
colonial_beach-8635150-usa-noaa,281346,55526,33777,0.12005502121942377,0.6083096207182221,0.39169037928177786
concarneau-160-fra-refmar,185707,181249,181249,0.9759944428589121,1.0,0.0
conimicut_light-8452944-usa-noaa,178065,177008,177008,0.9940639654058911,1.0,0.0
contrecoeur_ioc-15780-can-meds,227660,178654,111319,0.48897039444786083,0.623098279355626,0.376901720644374
cooktown-h066003a-aus-bom,163580,163580,163580,1.0,1.0,0.0
cordemais_60minute-cor-fra-cmems,279661,167158,167158,0.5977165210737285,1.0,0.0
cordova-9454050-usa-noaa,370957,187133,187133,0.5044600856703068,1.0,0.0
cornwall_ontario-14870-can-meds,511510,185434,71881,0.1405270669195128,0.3876365715025292,0.6123634284974708
corpus_cristi_tx-770a-usa-uhslc,294954,166509,166509,0.5645253158119571,1.0,0.0
coruna-cor-esp-cmems,240721,176038,176038,0.731294735399072,1.0,0.0
cranz-76-deu-wsv,193152,175773,175773,0.9100242296222664,1.0,0.0
crescent_city_ca-556a-usa-uhslc,688483,163619,61365,0.08913074106404952,0.37504813010713917,0.6249518698928609
cristobal-266a-pan-uhslc,900133,137053,137053,0.15225861067197846,1.0,0.0
cromer-cro-gbr-bodc,234943,140817,140817,0.5993666548907607,1.0,0.0
crookhaven_heads-215408-aus-bom,222137,157399,93505,0.4209339281614499,0.5940634946854808,0.4059365053145192
crotone-cro-ita-ispra,215989,167714,167714,0.7764932473412998,1.0,0.0
cruz-cruz-esp-ieo,423224,117704,117704,0.27811277243256527,1.0,0.0
culebra-9752235-usa-noaa,107366,107366,85611,0.7973753329731945,0.7973753329731945,0.20262466702680548
cutler_naval_base-8411250-usa-noaa,253467,91351,25198,0.09941333585831687,0.2758371555866931,0.7241628444133069
cuxhaven-825a-deu-uhslc,884493,166419,166419,0.18815185648727575,1.0,0.0
cuxhaven_steubenhoft-77-deu-wsv,201134,182157,182157,0.9056499647001501,1.0,0.0
dakar-223e-sen-uhslc,185385,127310,127310,0.6867330150767322,1.0,0.0
darwin-168a-aus-uhslc,302017,166177,166177,0.550223994013582,1.0,0.0
daugavgriva-dau-lva-cmems,106483,106483,106483,1.0,1.0,0.0
dauphin_island_al-763a-usa-uhslc,289217,144167,144167,0.49847346456121183,1.0,0.0
davao-372b-phl-uhslc,131991,125764,125764,0.9528225409308211,1.0,0.0
davis-173a-aus-uhslc,136146,78372,78372,0.5756467321845665,1.0,0.0
de_tour_village_mi-9075099-usa-noaa,381877,188195,188195,0.49281574957381563,1.0,0.0
deal_pier-dlp-gbr-cco,126503,126503,126503,1.0,1.0,0.0
delaware_city-8551762-usa-noaa,166573,166573,166573,1.0,1.0,0.0
delfzijl-delfzl-nld-rws,417822,163703,163703,0.3918008147009971,1.0,0.0
den_helder-denhdr-nld-rws,417741,163661,163661,0.3917762441321297,1.0,0.0
deschaillons-3335-can-meds,499932,183852,183852,0.3677540145459783,1.0,0.0
devonport-60930-aus-bom,258555,128108,128108,0.4954767844365802,1.0,0.0
diego_garcia-104d-gbr-uhslc,119824,119824,119824,1.0,1.0,0.0
dieppe_60minute-die-fra-cmems,423443,137848,137848,0.3255408638234662,1.0,0.0
discovery_bay_at_discovery_bay_blv-dbd-usa-cdwr,161326,161326,161326,1.0,1.0,0.0
donges_60minute-don-fra-cmems,220551,92035,92035,0.4172957728597921,1.0,0.0
dordrecht-dordt-nld-rws,417821,163706,163706,0.39180893253330973,1.0,0.0
dover-dov-gbr-bodc,506532,125505,125505,0.2477730923219066,1.0,0.0
drogden-dro-dnk-cmems,234438,170614,170614,0.7277574454653256,1.0,0.0
dry_dock_mi-9014087-usa-noaa,443899,188870,188870,0.42547966992491537,1.0,0.0
dublin_port-dub-irl-mi_c,123870,123870,123870,1.0,1.0,0.0
duck_pier_nc-260a-usa-uhslc,351315,164802,164802,0.4691003800008539,1.0,0.0
duluth_mn-9099064-usa-noaa,451814,188950,188950,0.41820306586338624,1.0,0.0
dunkerque-2-fra-refmar,456004,183233,183233,0.4018232296207928,1.0,0.0
durban-181a-zaf-uhslc,281214,120646,120646,0.42901846991970527,1.0,0.0
dutch_harbor_ak-041b-usa-uhslc,315437,165216,60693,0.1924092608032666,0.36735546194073215,0.6326445380592678
dwarsgat-4100-deu-wsv,224681,176673,176673,0.7863281719415527,1.0,0.0
east_london-187a-zaf-uhslc,258824,104944,104944,0.40546471733687756,1.0,0.0
easter-022c-chl-uhslc,362407,150775,91376,0.25213641016867777,0.6060421157353673,0.39395788426463274
eastport_me-740a-usa-uhslc,733036,165350,165350,0.22556873059440463,1.0,0.0
eden-60530-aus-bom,320892,169748,169748,0.5289879461002456,1.0,0.0
eemshaven-eemshvn-nld-rws,347440,163574,163574,0.47079783559751326,1.0,0.0
elfin_cove-9452634-usa-noaa,139397,139397,61258,0.43944991642574804,0.43944991642574804,0.560550083574252
elhierro-elh-esp-cmems,142797,142797,142797,1.0,1.0,0.0
elmshorn-78-deu-wsv,141529,131104,131104,0.9263401846971292,1.0,0.0
elsfleth-4102-deu-wsv,220552,176743,176743,0.801366571148754,1.0,0.0
erieau_ontario-12250-can-meds,514861,185508,185508,0.3603069566348976,1.0,0.0
esashiko-0140-jpn-jodc_pahb,303890,168351,168351,0.5539866399025963,1.0,0.0
esbjerg-esb-dnk-dmi,588030,173422,173422,0.29492032719419076,1.0,0.0
esmeraldas-098a-ecu-uhslc,187772,104051,104051,0.5541348017808831,1.0,0.0
esperance-176a-aus-uhslc,292426,162288,162288,0.554971172193991,1.0,0.0
esperanza-9752695-usa-noaa,121651,121651,121651,1.0,1.0,0.0
essexville_mi-9075035-usa-noaa,383105,188412,188412,0.49180250845068585,1.0,0.0
euro_platform-eurpfm-nld-rws,150223,150223,150223,1.0,1.0,0.0
exmouth-62435-aus-bom,218367,171910,101905,0.4666684984452779,0.59278110639288,0.40721889360712005
fahrenholz_up-79-deu-wsv,176808,162967,162967,0.9217173431066468,1.0,0.0
fairport_oh-9063053-usa-noaa,398637,189069,189069,0.47428863853581077,1.0,0.0
faraday-700a-ata-uhslc,399544,164596,95239,0.23836924093466552,0.5786228097888163,0.4213771902111837
farge-4104-deu-wsv,220551,176732,176732,0.8013203295382927,1.0,0.0
felixstowe-fel-gbr-cmems,166222,79942,79942,0.48093513494002,1.0,0.0
fermi_power_plant_mi-9063090-usa-noaa,443421,188599,188599,0.4253271721456584,1.0,0.0
fernandina_beach-8720030-usa-noaa,932108,184934,184934,0.19840404759963437,1.0,0.0
ferrol-fer-esp-cmems,117309,117309,117309,1.0,1.0,0.0
ferrol2-fer-esp-cmems,120949,120949,120949,1.0,1.0,0.0
fishermans_landing-h052003b-aus-bom,113369,108394,108394,0.9561167514929125,1.0,0.0
fishguard-fis-gbr-bodc,435243,146572,80144,0.18413621815859188,0.5467892912698196,0.45321070873018043
flores_santa_cruz-210a-prt-uhslc,168527,33944,33944,0.20141579687527814,1.0,0.0
foglo_degerby-134252-fin-fmi,439970,186626,116646,0.26512262199695436,0.6250254519734656,0.3749745480265344
forsmark-for-swe-cmems,393401,182495,112846,0.2868472627166682,0.6183511877037727,0.38164881229622727
forster-209402-aus-bom,251839,158162,158162,0.62802822438145,1.0,0.0
fort_denison-333a-aus-uhslc,451765,164814,164814,0.3648224187354045,1.0,0.0
fort_myers-8725520-usa-noaa,430079,182356,182356,0.4240058221861565,1.0,0.0
fort_point-8423898-usa-noaa,126357,126357,126357,1.0,1.0,0.0
fort_pulaski-8670870-usa-noaa,720506,186924,186924,0.2594343419763333,1.0,0.0
fort_wayne_mi-9044036-usa-noaa,449550,188349,188349,0.4189723056389723,1.0,0.0
fos_sur_mer-719-fra-refmar,89946,89946,89946,1.0,1.0,0.0
fredericia-fre-dnk-cmems,136694,136694,136694,1.0,1.0,0.0
frederikshavn-fre-dnk-cmems,137205,137205,60225,0.4389417295288073,0.4389417295288073,0.5610582704711927
fremantle-175a-aus-uhslc,275254,136173,136173,0.49471760628365075,1.0,0.0
french_frigate-014a-usa-uhslc,270588,53436,53436,0.19748104128786198,1.0,0.0
friday_harbor-9449880-usa-noaa,738803,188833,119144,0.16126626448457843,0.6309490396276075,0.3690509603723925
fuerteventura-fue-esp-cmems,146393,146393,146393,1.0,1.0,0.0
fukaura-ma57-jpn-jodc_jma,391670,164238,164238,0.4193274950851482,1.0,0.0
fukue-ma50-jpn-jodc_jma,461036,174772,174772,0.37908536426656486,1.0,0.0
funafuti-67440-tuv-bom,224978,169614,169614,0.7539137160077874,1.0,0.0
funchal-218b-prt-uhslc,246624,114854,114854,0.4657048786817179,1.0,0.0
furuogrund-2055-swe-smhi,832620,165246,165246,0.19846508611371333,1.0,0.0
fushikitoyamako-0107-jpn-jodc_pahb,162182,162182,162182,1.0,1.0,0.0
fynshav-fyn-dnk-cmems,116842,116842,49647,0.4249071395559816,0.4249071395559816,0.5750928604440184
galets_60minute-gal-fra-cmems,267769,156965,156965,0.5861955640869555,1.0,0.0
galveston_bay_entrance-8771341-usa-noaa,154414,154414,154414,1.0,1.0,0.0
galveston_pier_21-775a-usa-uhslc,970104,162042,162042,0.16703569926523343,1.0,0.0
galveston_ppier-767a-usa-uhslc,455525,100411,100411,0.22042917512760002,1.0,0.0
galway_port-gal-irl-mi_c,121069,121069,121069,1.0,1.0,0.0
gan-109a-mdv-uhslc,261223,166210,166210,0.636276285013188,1.0,0.0
gandia-gan-esp-cmems,115884,115884,77007,0.6645179662421041,0.6645179662421041,0.33548203375789587
gedser-837a-dnk-uhslc,989186,110229,110229,0.11143404779283168,1.0,0.0
geelong-60770-aus-bom,402046,168332,99173,0.246670778965591,0.5891512011976332,0.4108487988023668
genova-gen-ita-ispra,170277,165740,165740,0.973355180088914,1.0,0.0
geraldton-62290-aus-bom,471358,174916,174916,0.3710894903661336,1.0,0.0
geting-326a-mys-uhslc,252439,139250,139250,0.5516184107843876,1.0,0.0
gibraltar-289a-gbr-uhslc,289605,65009,65009,0.22447471556085014,1.0,0.0
gibraltar_mi-9044020-usa-noaa,450685,189016,189016,0.41939713990924926,1.0,0.0
gijon-gij-esp-cmems,219047,180767,180767,0.8252429843823472,1.0,0.0
gladstone-59750-aus-bom,351818,168010,168010,0.47754805041242915,1.0,0.0
gloucester_point-8637624-usa-noaa,227615,32318,8726,0.0383366649825363,0.27000433195123463,0.7299956680487654
gluckstadt-80-deu-wsv,201312,182441,182441,0.9062599348275314,1.0,0.0
gobo-ma68-jpn-jodc_jma,125517,125517,125517,1.0,1.0,0.0
goderich_ontario-11860-can-meds,762088,185481,185481,0.2433852783405591,1.0,0.0
goidschalxoord-goidsod-nld-rws,419121,163678,163678,0.3905268406975551,1.0,0.0
gold_coast_southport-60051-aus-bom,176845,173175,69843,0.39493907093782693,0.403308791684712,0.596691208315288
gomera-gom-esp-cmems,118859,118859,118859,1.0,1.0,0.0
goods_island-58200-aus-bom,259328,170580,170580,0.657777023692004,1.0,0.0
goteborgorsh-819a-swe-uhslc,408250,129646,34755,0.0851316595223515,0.2680761458124431,0.7319238541875569
gouda_brug-goudbg-nld-rws,325871,163742,163742,0.5024749057142244,1.0,0.0
grand_isle_la-765a-usa-uhslc,331863,159798,92145,0.2776597571889605,0.5766342507415613,0.42336574925843873
grauerort-81-deu-wsv,201483,182509,182509,0.9058282832794826,1.0,0.0
green_bay_wi-9087079-usa-noaa,351110,178414,178414,0.508142747287175,1.0,0.0
greifswald_wiek-gre-deu-bfg,205673,180328,68648,0.33377254185041305,0.3806840867752096,0.6193159132247904
grena-gre-dnk-cmems,246607,170643,170643,0.6919633262640558,1.0,0.0
groote_eylandt-145a-aus-uhslc,218895,164497,164497,0.7514881564220288,1.0,0.0
gros_cap_ontario-10920-can-meds,500959,185074,71996,0.14371635203679342,0.3890119627824546,0.6109880372175454
hachijyojima-hd11-jpn-jodc_jcg,543783,173901,104544,0.19225315980823232,0.6011696309969465,0.39883036900305346
hachinohe-375a-jpn-uhslc,270100,95774,95774,0.3545871899296557,1.0,0.0
hagestein_beneden-hagsbndn-nld-rws,417822,163733,163733,0.3918726156114326,1.0,0.0
hakata-hd18-jpn-jodc_jcg,471185,175245,70094,0.14876110232711143,0.39997717481240547,0.6000228251875945
hakodate-364a-jpn-uhslc,447805,164106,164106,0.3664675472582932,1.0,0.0
halifax-490-can-meds,830806,116217,116217,0.13988464214269036,1.0,0.0
hamada-ma66-jpn-jodc_jma,305036,170837,170837,0.5600552065985654,1.0,0.0
hamina-ham-fin-cmems,423599,174424,174424,0.41176678887343926,1.0,0.0
hamina_pitajansaari-134254-fin-fmi,433239,184202,71937,0.16604460817239444,0.390533218966135,0.609466781033865
hammerfest-hft-nor-nhs,494937,179982,179982,0.36364628225410506,1.0,0.0
hanasaki-ma03-jpn-jodc_jma,459935,171548,171548,0.3729831389218042,1.0,0.0
hanimaadhoo-117b-mdv-uhslc,131452,131452,131452,1.0,1.0,0.0
hanko_pikku_kolalahti-134253-fin-fmi,434128,184828,184828,0.42574540227766927,1.0,0.0
hansweert-hanswt-nld-rws,417916,163718,163718,0.391748581054566,1.0,0.0
harbor_beach_mi-9075014-usa-noaa,451315,188590,74876,0.1659062960459989,0.3970305954716581,0.6029694045283419
harburg-3341-deu-wsv,183841,182377,182377,0.9920365968418362,1.0,0.0
haringvliet_10-harvt10-nld-rws,306928,163767,163767,0.5335681332429756,1.0,0.0
harrisville_mi-9075059-usa-noaa,312433,68088,68088,0.21792832383262972,1.0,0.0
harstad-har-nor-nhs,560210,182044,182044,0.3249567126613234,1.0,0.0
harvest_oil_p_ca-594a-usa-uhslc,152628,133230,133230,0.8729066750530702,1.0,0.0
harvey-dvhar01-aus-bom,232587,146154,146154,0.628384217518606,1.0,0.0
havre_de_grace-8574070-usa-noaa,121293,0,0,0.0,,
hay_point-59511-aus-bom,302539,173612,173612,0.5738499829774013,1.0,0.0
hechthausen-83-deu-wsv,158462,139522,139522,0.880476076283273,1.0,0.0
heimsjo-hei-nor-nhs,749039,179637,179637,0.23982329358017407,1.0,0.0
helgeroa-hro-nor-nhs,360654,181062,181062,0.5020379643647374,1.0,0.0
helgoland-84-deu-wsv,201274,181946,181946,0.9039717002692846,1.0,0.0
helsinki_kaivopuisto-132310-fin-fmi,429382,182965,182965,0.42611241272340245,1.0,0.0
herne_bay-hby-gbr-cco,194475,166974,166974,0.8585885075202468,1.0,0.0
hesnaes-hes-dnk-cmems,155114,87279,87279,0.5626764831027502,1.0,0.0
hetlingen-4876-deu-wsv,201426,182514,182514,0.9061094396949748,1.0,0.0
heysham-hey-gbr-bodc,402117,146036,146036,0.3631679337108354,1.0,0.0
hillarys-62237-aus-bom,245209,174571,174571,0.7119273762382294,1.0,0.0
hilo_hawaii-060a-usa-uhslc,673151,163956,61317,0.09108951780506899,0.3739844836419527,0.6260155163580473
hinkley_point-hin-gbr-bodc,238636,155181,155181,0.6502832766221358,1.0,0.0
hirarako-0151-jpn-jodc_pahb,145874,145874,145874,1.0,1.0,0.0
hiron_point-134a-bgd-uhslc,234278,34951,34951,0.14918600978324897,1.0,0.0
hiroshima-hd14-jpn-jodc_jcg,581173,171690,171690,0.2954197803407935,1.0,0.0
hobart-339a-aus-uhslc,252090,145180,58847,0.23343647110159071,0.40533820085411215,0.5946617991458878
hobart-61220-aus-bom,424194,153759,153759,0.36247330230979224,1.0,0.0
hoek_van_holland-hoekvhld-nld-rws,426704,163764,163764,0.38378829352431665,1.0,0.0
holland_cut_near_bethel_island-hol-usa-cdwr,124331,124331,52151,0.41945291198494344,0.41945291198494344,0.5805470880150565
holland_mi-9087031-usa-noaa,424854,181170,181170,0.4264288437910435,1.0,0.0
holwerd-holwd-nld-rws,300822,56152,56152,0.18666187978272866,1.0,0.0
holyhead-hol-gbr-bodc,366590,161901,103053,0.28111241441392293,0.6365186132266014,0.3634813867733986
honiara-009b-slb-uhslc,209570,164087,164087,0.7829698907286349,1.0,0.0
honningsvag-801a-nor-uhslc,218395,130236,34750,0.15911536436273724,0.266823305384072,0.7331766946159279
honolulu_hawaii-057b-usa-uhslc,985054,166557,166557,0.1690841314283278,1.0,0.0
hornbaek-hor-dnk-cmems,243503,173989,67071,0.27544219167730993,0.38548988729172534,0.6145101127082746
hovell_pile-60721-aus-bom,237217,170064,170064,0.7169132060518428,1.0,0.0
huelva-hue-esp-cmems,212006,183919,70392,0.3320283388205994,0.3827337034237898,0.6172662965762101
huibertgat-huibgt-nld-rws,399987,163590,163590,0.4089882921194939,1.0,0.0
humboldt_bay_ca-576a-usa-uhslc,356546,165729,165729,0.46481800384803085,1.0,0.0
i_295_bridge-8720357-usa-noaa,129165,126759,69577,0.5386675957109124,0.5488919918901222,0.45110800810987783
ibis-ibs-usa-cdwr,154911,143781,143781,0.9281522938977864,1.0,0.0
ibiza-ibi-esp-cmems,149825,149825,149825,1.0,1.0,0.0
ijmuiden_buitenhaven-ijmdbthvn-nld-rws,330264,163762,163762,0.49585180340576024,1.0,0.0
ilfracombe-ilf-gbr-bodc,295434,146649,146649,0.49638497938625886,1.0,0.0
ilha_fiscal_rj-280a-bra-uhslc,424191,122392,34933,0.08235205367393462,0.28541898163278645,0.7145810183672135
immingham-imm-gbr-bodc,473268,136070,136070,0.2875115156739944,1.0,0.0
ince_point-58140-aus-bom,268763,168522,168522,0.6270282739811656,1.0,0.0
irouzaki-ma78-jpn-jodc_jma,192735,167094,167094,0.8669624095260332,1.0,0.0
ishigaki-ma45-jpn-jodc_jma,442966,172581,172581,0.3896032652618937,1.0,0.0
ishikariko-0145-jpn-jodc_pahb,183078,75117,41898,0.22885327565300037,0.5577698789887775,0.4422301210112225
ito-gs19-jpn-jodc_giaj,394761,174158,104531,0.26479566117220293,0.6002078572330872,0.3997921427669128
itzehoe-87-deu-wsv,156945,138437,138437,0.8820733377934945,1.0,0.0
iwanaiko-0137-jpn-jodc_pahb,299584,159371,98679,0.3293867496261483,0.6191778930922188,0.3808221069077812
izuhara-hd23-jpn-jodc_jcg,583614,174411,174411,0.29884649785645995,1.0,0.0
jackson_bay-65180-nzl-bom,185190,155341,86613,0.46769803985096386,0.557566901204447,0.44243309879555304
jakarta-161a-idn-uhslc,111768,29697,29697,0.26570216877818337,1.0,0.0
jervis_bay-216470-aus-bom,243473,161775,161775,0.6644473925240171,1.0,0.0
johnston_atoll-1619000-usa-noaa,227205,21721,21721,0.09560088906494135,1.0,0.0
johor_baharu-321a-mys-uhslc,248976,115158,32075,0.12882767816978344,0.2785303669740704,0.7214696330259296
juan_fernandez-021b-chl-uhslc,257902,150152,52015,0.2016851362145311,0.3464156321594118,0.6535843678405882
juelsminde-jue-dnk-cmems,183710,164881,164881,0.8975069402863208,1.0,0.0
juneau-9452210-usa-noaa,364375,187991,118453,0.3250854202401372,0.6300993132649967,0.3699006867350033
jurien_bay-jujur01-aus-bom,245313,170610,170610,0.6954788372405866,1.0,0.0
juten_sjov-35101-swe-smhi,102034,102034,102034,1.0,1.0,0.0
kabelvag-kab-nor-nhs,273665,182810,69566,0.2542013045146438,0.38053716973907337,0.6194628302609266
kagoshima-ma42-jpn-jodc_jma,455324,174916,174916,0.3841572155212552,1.0,0.0
kahului-1615680-usa-noaa,551993,188154,188154,0.34086301819044806,1.0,0.0
kainan-gs05-jpn-jodc_giaj,568651,174935,174935,0.3076315701546291,1.0,0.0
kalix_storon-2157-swe-smhi,359328,163716,62988,0.1752938819129041,0.3847394268122847,0.6152605731877153
kamaishi-hd05-jpn-jodc_jcg,537273,155583,93835,0.1746505035615041,0.603118592648297,0.39688140735170296
kanazawako-0105-jpn-jodc_pahb,157170,157170,157170,1.0,1.0,0.0
kanton-013b-kir-uhslc,339049,113026,113026,0.33336184445316164,1.0,0.0
kaohsiung-340a-chn-uhslc,308454,139925,42578,0.13803678992653687,0.3042915847775594,0.6957084152224406
kapingamarangi-029a-fsm-uhslc,293056,118573,46591,0.15898326599694257,0.3929309370598703,0.6070690629401296
kariya-gs17-jpn-jodc_giaj,401202,161874,57028,0.14214286070358573,0.3522987014591596,0.6477012985408404
karumba-63580-aus-bom,287100,171501,171501,0.5973563218390805,1.0,0.0
kashimako-0101-jpn-jodc_pahb,189607,155194,102249,0.5392680649976003,0.6588463471525962,0.34115365284740384
kashiwazaki-gs08-jpn-jodc_giaj,525830,171001,171001,0.32520206150276704,1.0,0.0
kaskinen-kas-fin-cmems,418945,173597,173597,0.41436704101970423,1.0,0.0
katsuura-gs11-jpn-jodc_giaj,453812,172368,172368,0.37982248155623916,1.0,0.0
kawaihae-552a-usa-uhslc,241793,163369,163369,0.6756564499385839,1.0,0.0
keelung-341a-chn-uhslc,279073,116529,116529,0.41755741329329604,1.0,0.0
keizersveer-keizvr-nld-rws,355207,163004,58278,0.16406771262953715,0.35752496871242423,0.6424750312875758
kelang-140a-mys-uhslc,266025,126538,62508,0.23497039751903018,0.49398599630150625,0.5060140036984937
keling-141a-mys-uhslc,266850,135814,135814,0.508952595090875,1.0,0.0
kemi_ajos-100539-fin-fmi,398934,174295,174295,0.43690184341269483,1.0,0.0
kerguelen-180a-fra-uhslc,170823,112019,34362,0.20115558209374615,0.3067515332220427,0.6932484667779573
ketchikan_ak-571a-usa-uhslc,673670,166022,166022,0.2464441046803331,1.0,0.0
key_west_fl-242a-usa-uhslc,907517,164959,96002,0.10578534616982381,0.5819749149788735,0.41802508502112645
kielholtenau-kie-deu-cmems,129767,129767,129767,1.0,1.0,0.0
killybegs_port-kil-irl-mi_c,116783,116783,79467,0.680467191286403,0.680467191286403,0.319532808713597
king_cove-9459881-usa-noaa,139083,139083,139083,1.0,1.0,0.0
kings_point-8516945-usa-noaa,198613,188504,188504,0.9491020225262193,1.0,0.0
kingston_ontario-13988-can-meds,536523,186402,186402,0.3474259258223785,1.0,0.0
kingsville_ontario-12065-can-meds,510935,185801,185801,0.36364899644768905,1.0,0.0
kinlochbervie-kin-gbr-bodc,219126,147386,59020,0.2693427525715798,0.4004450897642924,0.5995549102357076
kiptopeke-8632200-usa-noaa,383507,187931,187931,0.49003277645518856,1.0,0.0
klagshamn-kla-swe-cmems,771088,182869,69791,0.09050977320357728,0.3816447839710394,0.6183552160289606
knysna-186a-zaf-uhslc,294811,114767,114767,0.38929008754761524,1.0,0.0
ko_lak-328a-tha-uhslc,284209,158453,158453,0.5575228089187887,1.0,0.0
ko_taphao_noi-148a-tha-uhslc,292152,162944,162944,0.5577370683753663,1.0,0.0
kobe-ma31-jpn-jodc_jma,473148,175261,70090,0.14813546712656506,0.3999178368262192,0.6000821631737808
kobenhavn-kob-dnk-cmems,133247,133247,133247,1.0,1.0,0.0
kochi-ma38-jpn-jodc_jma,403577,158948,158948,0.3938480141336102,1.0,0.0
kodiak_island-9457292-usa-noaa,321059,186015,117684,0.366549450412541,0.6326586565599548,0.3673413434400452
kolka-kol-lva-cmems,105702,105702,63755,0.6031579345707745,0.6031579345707745,0.3968420654292255
kollmar-88-deu-wsv,201150,182220,182220,0.9058911260253543,1.0,0.0
komatsushima-ma36-jpn-jodc_jma,467776,174960,105041,0.2245540600629361,0.6003715134887975,0.39962848651120253
kornwerderzand_buiten-kornwdzbtn-nld-rws,417192,163487,163487,0.3918747243475426,1.0,0.0
korsor-kor-dnk-cmems,135640,135640,135640,1.0,1.0,0.0
koserow-kos-deu-cmems,114283,114283,76884,0.6727509778357236,0.6727509778357236,0.3272490221642764
kota_kinabalu-386a-mys-uhslc,230722,123407,123407,0.5348731373687815,1.0,0.0
kozushima-hd09-jpn-jodc_jcg,444514,171738,171738,0.38635003621933167,1.0,0.0
krammersluizen_west-krammszwt-nld-rws,260076,163724,163724,0.6295236776942125,1.0,0.0
krautsand-89-deu-wsv,201403,182505,182505,0.9061682298674796,1.0,0.0
kreekrak_noord-kreekrnd-nld-rws,344344,127243,127243,0.3695229189415236,1.0,0.0
krimpen_ad_ijssel-krimpadijsl-nld-rws,417754,163734,163734,0.39193879651661023,1.0,0.0
krimpen_ad_lek-krimpadlk-nld-rws,417696,163695,163695,0.3918998506090554,1.0,0.0
kristiansund-ksu-nor-nhs,570782,179065,179065,0.3137187227347744,1.0,0.0
kronstadt-kro-rus-cmems,105723,105723,105723,1.0,1.0,0.0
kruckau_sperrwerk_bp-90-deu-wsv,191929,181711,181711,0.9467615628696028,1.0,0.0
kuantan-322a-mys-uhslc,276797,137951,33911,0.12251216595555588,0.24581916767547898,0.754180832324521
kuchinotsu-ma48-jpn-jodc_jma,443558,175244,105169,0.23710315223713696,0.6001289630458104,0.3998710369541896
kujiko-0111-jpn-jodc_pahb,143507,143507,58488,0.40756200045990787,0.40756200045990787,0.5924379995400921
kukup-325a-mys-uhslc,258442,137641,137641,0.5325798438334326,1.0,0.0
kumano-ma65-jpn-jodc_jma,124920,124920,55506,0.44433237271853987,0.44433237271853987,0.5556676272814601
kungsholmsfort-2088-swe-smhi,1138511,183511,114563,0.1006252904012346,0.624284102860319,0.375715897139681
kungsvik-kun-swe-cmems,412322,182358,112685,0.2732936879429184,0.6179328573465381,0.38206714265346187
kure-gs13-jpn-jodc_giaj,413447,174414,104826,0.2535415663918229,0.6010182668822457,0.3989817331177543
kure-hd13-jpn-jodc_jcg,507592,175290,70106,0.13811486390644453,0.39994295168007304,0.600057048319927
kurihamako-0161-jpn-jodc_pahb,158399,158399,158399,1.0,1.0,0.0
kushimoto-353a-jpn-uhslc,494859,165336,95765,0.19351977027799838,0.579214448154062,0.420785551845938
kushiro-350a-jpn-uhslc,470264,162023,59750,0.12705629178503988,0.3687748035772699,0.6312251964227301
kutsugatako-0129-jpn-jodc_pahb,276288,142396,142396,0.515389738244151,1.0,0.0
kwajalein-1820000-usa-noaa,393320,184128,184128,0.46813790297976204,1.0,0.0
la_jolla_ca-554a-usa-uhslc,776598,154708,154708,0.19921246256106764,1.0,0.0
la_libertad-091a-ecu-uhslc,588548,159570,159570,0.27112487001909785,1.0,0.0
la_push-9442396-usa-noaa,148947,148947,148947,1.0,1.0,0.0
lac_saint_pierre-15975-can-meds,486970,175514,69191,0.1420847280119925,0.3942192645600921,0.6057807354399078
lagos_algarve-723a-prt-uhslc,90230,2269,2269,0.025146846946691788,1.0,0.0
lakes_entrance_inner_bullock_island-6057a-aus-bom,293488,106909,106909,0.36427043013683696,1.0,0.0
lameshur_bay-9751381-usa-noaa,125690,125690,125690,1.0,1.0,0.0
lampedusa-lam-ita-ispra,192409,185166,185166,0.9623562307376474,1.0,0.0
lamu-149b-ken-uhslc,200928,161416,161416,0.8033524446567925,1.0,0.0
landsort-2073-swe-smhi,1044728,58279,17394,0.016649309676777115,0.2984608521079634,0.7015391478920365
landsort_norra-2507-swe-smhi,143912,143912,143912,1.0,1.0,0.0
langkawi-142a-mys-uhslc,279476,156930,156930,0.5615151211553049,1.0,0.0
lapalma-lap-esp-cmems,108693,108693,108693,1.0,1.0,0.0
las_palmas-217d-esp-uhslc,224133,148274,148274,0.6615447078297261,1.0,0.0
lautoka-402a-fji-uhslc,227370,165592,165592,0.7282930905572415,1.0,0.0
lauwersoog-lauwog-nld-rws,417497,163572,163572,0.39179203682900715,1.0,0.0
lauzon-3250-can-meds,863421,111369,111369,0.1289857439186677,1.0,0.0
lawma-8764227-usa-noaa,133937,133937,133937,1.0,1.0,0.0
le_conquet-152-fra-refmar,422521,177658,65949,0.15608454964368634,0.37121322991365435,0.6287867700863456
le_crouesty-185-fra-refmar,141391,139135,139135,0.9840442460977007,1.0,0.0
legaspi-371a-phl-uhslc,254077,127537,69961,0.27535353455842126,0.5485545371147197,0.4514454628852803
lehavre_60minute-leh-fra-cmems,434535,175905,175905,0.4048120404570403,1.0,0.0
leith-lei-gbr-bodc,249324,155109,53762,0.21563106640355523,0.34660786930481147,0.6533921306951885
lepellerin_60minute-lep-fra-cmems,283885,169513,169513,0.5971185515261461,1.0,0.0
lerwick-293a-gbr-uhslc,472310,120743,120743,0.2556435392009485,1.0,0.0
lessablesdolonne_60minute-les-fra-cmems,260806,171678,171678,0.6582593958727944,1.0,0.0
leuchtturm_alte_wese-4094-deu-wsv,224498,176552,176552,0.7864301686429278,1.0,0.0
lewes-8557380-usa-noaa,675804,187562,187562,0.27753904978366506,1.0,0.0
lewisetta-8635750-usa-noaa,377305,181082,114265,0.3028451783040246,0.6310124694889608,0.36898753051103916
liberty_island_rd2068-lir-usa-cdwr,199385,181845,181845,0.9120294906838529,1.0,0.0
lichteiland_goeree-lichtelgre-nld-rws,149625,149625,149625,1.0,1.0,0.0
lime_tree_bay-9751401-usa-noaa,316873,183662,114637,0.36177585341761526,0.6241737539610807,0.37582624603891934
little_current_ontario-11195-can-meds,514477,181120,181120,0.3520468359129757,1.0,0.0
liverpool_gladstone_dock-liv-gbr-bodc,209065,139828,139828,0.6688254848970416,1.0,0.0
livorno-liv-ita-ispra,307740,186002,186002,0.6044128160135179,1.0,0.0
lobos_de_afuera-084a-per-uhslc,268426,120200,35813,0.13341852130568574,0.2979450915141431,0.7020549084858569
lombrum-56130-png-bom,204587,166236,166236,0.8125442965584323,1.0,0.0
long_sault_dam-14805-can-meds,178122,5,5,2.8070648207408404e-05,1.0,0.0
longview-9440422-usa-noaa,168392,168392,168392,1.0,1.0,0.0
lord_howe-399b-aus-uhslc,233595,157906,157906,0.6759819345448319,1.0,0.0
lord_howe_island-57720-aus-bom,368198,170374,170374,0.46272386053156184,1.0,0.0
lorne-60790-aus-bom,225819,165134,165134,0.7312670767295931,1.0,0.0
los_angeles_ca-567a-usa-uhslc,824584,166555,166555,0.20198669874748965,1.0,0.0
low_head-60948-aus-bom,110398,110398,110398,1.0,1.0,0.0
lower_escuminac-2000-can-meds,393151,178896,178896,0.45503127297145374,1.0,0.0
lower_iroquois_ontario-14602-can-meds,504108,183238,114173,0.2264851976163838,0.6230858228096792,0.37691417719032083
lowestoft-low-gbr-cmems,261366,177139,177139,0.6777430882364194,1.0,0.0
lucinda_offshore-59200-aus-bom,296725,169712,169712,0.5719504591793748,1.0,0.0
luderitz-702a-zaf-uhslc,336950,58931,58931,0.17489538507196914,1.0,0.0
ludington_mi-9087023-usa-noaa,449368,187355,187355,0.4169299994659166,1.0,0.0
luhort-91-deu-wsv,202003,183156,183156,0.9066994054543744,1.0,0.0
lumut-143a-mys-uhslc,263783,135747,135747,0.5146161807243075,1.0,0.0
lymington-lym-gbr-cco,111217,111217,111217,1.0,1.0,0.0
lyttelton-667a-nzl-uhslc,209015,161738,161738,0.7738104920699471,1.0,0.0
maassluis-maasss-nld-rws,417768,163721,163721,0.39189454434039944,1.0,0.0
mackay_outer_harbour-59510-aus-bom,406294,173915,173915,0.42805210020330103,1.0,0.0
mackinaw_city_mi-9075080-usa-noaa,448021,188535,188535,0.42081732775918984,1.0,0.0
macquarie_is-680c-aus-uhslc,85941,53552,53552,0.6231251672659149,1.0,0.0
madeira-715a-bra-uhslc,112530,34750,34750,0.30880654047809475,1.0,0.0
magueyes_island-9759110-usa-noaa,518625,181004,70258,0.13546975174740902,0.38815716779739673,0.6118428322026033
maisaka-356a-jpn-uhslc,431143,164097,94947,0.22022159701073657,0.5786028995045613,0.42139710049543866
maizuru-hd24-jpn-jodc_jcg,500959,67527,67527,0.13479546230330228,1.0,0.0
maizuru-ma55-jpn-jodc_jma,431859,169530,169530,0.3925586823477107,1.0,0.0
majuro-67680-mhl-bom,230005,173715,173715,0.7552661898654377,1.0,0.0
makurazaki-ma43-jpn-jodc_jma,458428,174020,104648,0.22827575977034562,0.6013561659579358,0.39864383404206416
malaga-mal-esp-cmems,247084,182566,182566,0.7388823234203753,1.0,0.0
malakal-007b-plw-uhslc,419471,164010,164010,0.3909924643181531,1.0,0.0
male_hulule-108b-mdv-uhslc,234064,153786,153786,0.6570254289425115,1.0,0.0
malin_head-834a-irl-uhslc,363158,17090,17090,0.04705940664944735,1.0,0.0
maloy-may-nor-nhs,615888,181894,181894,0.2953361650170161,1.0,0.0
mandurah_fishermans_jetty-mhman01-aus-bom,136892,61216,17449,0.12746544721386202,0.28503985886042865,0.7149601411395714
manila-370a-phl-uhslc,250216,114509,114509,0.45764059852287625,1.0,0.0
manta-089b-ecu-uhslc,158747,87763,87763,0.5528482428014387,1.0,0.0
manzanillo-395b-mex-uhslc,157973,114489,114489,0.7247377716445216,1.0,0.0
marblehead_oh-9063079-usa-noaa,433524,182978,182978,0.42207121174375584,1.0,0.0
marquette_cg_mi-9099018-usa-noaa,363629,188324,188324,0.517901487505122,1.0,0.0
marsden_point-398a-nzl-uhslc,318396,162884,162884,0.5115767786027463,1.0,0.0
marseille-824a-fra-uhslc,899257,146902,84797,0.09429673608323316,0.5772351635784401,0.42276483642155993
martinez-mrz-usa-cdwr,227287,182408,182408,0.8025448001865483,1.0,0.0
marviken-2076-swe-smhi,479839,172766,172766,0.36004993341516633,1.0,0.0
marysville_mi-9014084-usa-noaa,158269,0,0,0.0,,
masirah-113a-omn-uhslc,166158,139295,52437,0.3155851659264074,0.37644567285257907,0.6235543271474209
matarani-094b-per-uhslc,204767,147161,147161,0.7186753724965449,1.0,0.0
matsumaeko-0121-jpn-jodc_pahb,304871,169772,169772,0.5568650347196027,1.0,0.0
matsuyama-ma34-jpn-jodc_jma,506847,173888,69771,0.1376569260546082,0.401241028708134,0.598758971291866
mawson-177a-aus-uhslc,144509,84989,50816,0.3516459182473064,0.5979126710515479,0.4020873289484521
mayport_ferry_depot-8720220-usa-noaa,630381,7814,0,0.0,0.0,1.0
mckay_bay_entrance-8726667-usa-noaa,174730,156945,156945,0.8982143879127797,1.0,0.0
melbourne_williamstown-60780-aus-bom,467634,171558,171558,0.3668638294050475,1.0,0.0
melilla-mel-esp-cmems,111264,111264,111264,1.0,1.0,0.0
melville_bay_gove_harbour-63480-aus-bom,254123,57359,57359,0.22571353242327535,1.0,0.0
menominee_mi-9087088-usa-noaa,137550,137550,137550,1.0,1.0,0.0
mera-352a-jpn-uhslc,446935,163722,60318,0.13495922225827023,0.36841719500128267,0.6315828049987173
michipicoten_ontario-10750-can-meds,511822,183652,183652,0.3588200585359754,1.0,0.0
midway-050a-usa-uhslc,592885,162699,92597,0.1561803722475691,0.5691307260646962,0.43086927393530383
mikuni-gs12-jpn-jodc_giaj,440240,169953,67335,0.15295066327457751,0.3961977723252899,0.6038022276747101
milford_haven-mha-gbr-bodc,379253,154434,90407,0.2383817662615721,0.5854086535348434,0.4145913464651566
millport-mil-gbr-bodc,306126,154315,154315,0.5040898192247637,1.0,0.0
milner_bay_groote_eylandt-63511-aus-bom,330949,173081,173081,0.5229839038643417,1.0,0.0
milwaukee_wi-9087057-usa-noaa,449131,189049,189049,0.42092173552927764,1.0,0.0
mina_sulman-182a-bhr-uhslc,176832,29491,29491,0.16677411328266378,1.0,0.0
minamiizu-hd12-jpn-jodc_jcg,377210,69738,69738,0.18487844966994513,1.0,0.0
minamitorishima-049a-jpn-uhslc,179245,155702,87521,0.48827582359340566,0.5621058175232174,0.4378941824767826
miri-388a-mys-uhslc,120191,76833,76833,0.6392575151217645,1.0,0.0
misumi-ma46-jpn-jodc_jma,445481,113974,113974,0.25584480595132003,1.0,0.0
miyakejima-357a-jpn-uhslc,473721,164257,164257,0.3467378478049316,1.0,0.0
miyakeshima-ma71-jpn-jodc_jma,184216,159929,159929,0.8681602032396751,1.0,0.0
miyako-ma09-jpn-jodc_jma,432134,137598,137598,0.31841512123554266,1.0,0.0
miyazakiko-0113-jpn-jodc_pahb,159202,159202,98649,0.6196467381063052,0.6196467381063052,0.3803532618936948
moerdijk-moerdk-nld-rws,413920,161133,57681,0.1393530150753769,0.35797136526968404,0.6420286347303159
moji-hd17-jpn-jodc_jcg,430840,72283,72283,0.16777225884319005,1.0,0.0
mokelumne_r_at_bensons_ferry_nr_thorton-ben-usa-cdwr,329913,184374,184374,0.5588564257849796,1.0,0.0
mokuoloe-1612480-usa-noaa,347142,187449,187449,0.539977876488584,1.0,0.0
mombasa-101a-ken-uhslc,214724,122567,122567,0.5708118328645144,1.0,0.0
mona_island-9759938-usa-noaa,119848,119848,119848,1.0,1.0,0.0
monbetsu-hd01-jpn-jodc_jcg,437276,71241,17283,0.03952423640904143,0.24259906514507096,0.7574009348549291
money_point-8639348-usa-noaa,202740,185849,116914,0.5766696261221269,0.6290805976895222,0.3709194023104778
montauk-8510560-usa-noaa,593248,174943,174943,0.29489016397863965,1.0,0.0
monterey_ca-555a-usa-uhslc,394058,166542,166542,0.4226332164300687,1.0,0.0
montreal_jetee_1-15520-can-meds,849278,179309,179309,0.2111311019477721,1.0,0.0
mooloolaba-59950-aus-bom,295900,175301,175301,0.5924332544778641,1.0,0.0
morgans_point-8770613-usa-noaa,240429,186234,186234,0.7745904196249205,1.0,0.0
morrisburg_ontario-14660-can-meds,250060,180217,180217,0.7206950331920339,1.0,0.0
mossel_bay-185a-zaf-uhslc,348681,121750,121750,0.34917302634786523,1.0,0.0
motril-mot-esp-cmems,139423,139423,139423,1.0,1.0,0.0
mourilyan_harbour-59140-aus-bom,301776,173285,105172,0.348510153226234,0.6069307787748507,0.3930692212251493
mtl_rue_frontenac-15540-can-meds,483525,178851,178851,0.3698898712579494,1.0,0.0
mumbles-mum-gbr-bodc,153484,104485,104485,0.6807549972635584,1.0,0.0
muroran-hd03-jpn-jodc_jcg,354425,71500,71500,0.20173520490936023,1.0,0.0
murotomisaki-ma37-jpn-jodc_jma,433411,172774,69166,0.1595852435678836,0.40032643800571843,0.5996735619942816
mutsuogawara-0110-jpn-jodc_pahb,157032,157032,157032,1.0,1.0,0.0
nagasaki-362a-jpn-uhslc,297808,166376,166376,0.5586686724332456,1.0,0.0
nagoya-ma22-jpn-jodc_jma,516733,175107,175107,0.33887326723859323,1.0,0.0
naha-355a-jpn-uhslc,457778,165936,165936,0.36248137743622455,1.0,0.0
nakano_shima-345a-jpn-uhslc,302735,165397,165397,0.546342510776752,1.0,0.0
nanaoko-0106-jpn-jodc_pahb,161963,161963,161963,1.0,1.0,0.0
nantes_usine_brulee-399-fra-refmar,279886,173722,173722,0.6206884231437085,1.0,0.0
nantucket_island-8449130-usa-noaa,476450,185055,74278,0.1558988351348515,0.40138337251087514,0.5986166274891249
napier-668a-nzl-uhslc,225007,165060,95611,0.42492455790264305,0.5792499697079849,0.4207500302920151
naples_fl-757a-usa-uhslc,458355,160065,160065,0.3492162188696534,1.0,0.0
napoli-nap-ita-ispra,235065,142412,142412,0.6058409376130006,1.0,0.0
nardana_patches-58178-aus-bom,120337,120337,77415,0.6433183476403767,0.6433183476403767,0.35668165235962335
narvik-nvk-nor-nhs,670464,181954,70104,0.10456042382588775,0.3852841927080471,0.614715807291953
national_steel-nsl-usa-cdwr,135136,135136,135136,1.0,1.0,0.0
nauru-004b-nru-uhslc,206408,155741,155741,0.7545298631835975,1.0,0.0
nawiliwili-1611400-usa-noaa,576872,185221,185221,0.32107815945305024,1.0,0.0
naze-hd22-jpn-jodc_jcg,527381,174898,174898,0.33163500391557527,1.0,0.0
neah_bay_wa-558a-usa-uhslc,719180,165697,96266,0.13385522400511693,0.5809761190606951,0.41902388093930487
nelson-077a-nzl-uhslc,202693,156263,91607,0.4519494999827325,0.5862360251627065,0.41376397483729355
nes-nes-nld-rws,417430,163530,163530,0.39175430611120426,1.0,0.0
new_haven-8465705-usa-noaa,188373,186575,186575,0.990455107685284,1.0,0.0
new_london_ct-744a-usa-uhslc,672484,162941,162941,0.24229721450621874,1.0,0.0
new_westminster_bc-7654-can-meds,430177,184390,184390,0.42863751432549857,1.0,0.0
newcastle-60310-aus-bom,468586,174281,174281,0.371929592433406,1.0,0.0
newhaven-new-gbr-cmems,248148,179091,179091,0.721710430871899,1.0,0.0
newlyn-new-gbr-bodc,767391,172182,172182,0.2243732334624722,1.0,0.0
newport-new-gbr-cmems,207726,150889,150889,0.7263847568431492,1.0,0.0
newport_ri-253a-usa-uhslc,743983,166181,166181,0.2233666629479437,1.0,0.0
nezugaseki-gs07-jpn-jodc_giaj,516642,166673,166673,0.3226083051706985,1.0,0.0
nice-339-fra-refmar,191987,162603,162603,0.8469479704354982,1.0,0.0
nieuwe_statenzijl-nieuwstzl-nld-rws,346808,162785,162785,0.46938075246245764,1.0,0.0
niigatakonishiko-0103-jpn-jodc_pahb,160426,160426,160426,1.0,1.0,0.0
nikiski-9455760-usa-noaa,237891,185970,185970,0.7817445805011539,1.0,0.0
nikolski-9462450-usa-noaa,117184,117184,117184,1.0,1.0,0.0
nishinoomote-363a-jpn-uhslc,463350,165106,96000,0.20718679184202007,0.5814446476808838,0.4185553523191162
nome_ak-595a-usa-uhslc,186947,155589,155589,0.8322626198869199,1.0,0.0
noordwijk_meetpost-noordwmpt-nld-rws,201018,57049,57049,0.2838004556805858,1.0,0.0
nordenham-4106-deu-wsv,224026,176749,176749,0.7889664592502655,1.0,0.0
nordrerose-nor-dnk-cmems,157490,104515,104515,0.6636294367896375,1.0,0.0
norfolk_island-57700-aus-bom,177475,130849,130849,0.7372813072263699,1.0,0.0
north_shields-nsh-gbr-bodc,412091,170950,170950,0.4148355581655508,1.0,0.0
north_sydney-612-can-meds,436445,182909,182909,0.4190883158244452,1.0,0.0
noto-ma80-jpn-jodc_jma,188886,164104,164104,0.8687991698696569,1.0,0.0
nuku_alofa-038a-ton-uhslc,246493,164036,164036,0.665479344241013,1.0,0.0
nuku_hiva-031a-fra-uhslc,226357,129319,129319,0.5713055041372699,1.0,0.0
numbo_noumea-659-fra-refmar,128703,128703,128703,1.0,1.0,0.0
nylesund-823a-nor-uhslc,340094,163772,60473,0.17781260475045135,0.36925115404342623,0.6307488459565738
ocean_city_inlet-8570283-usa-noaa,174310,164111,164111,0.9414893006712179,1.0,0.0
odomari-hd20-jpn-jodc_jcg,469541,171747,171747,0.36577636457732127,1.0,0.0
ofunato-ma10-jpn-jodc_jma,464782,162545,162545,0.34972309598908735,1.0,0.0
oga-gs14-jpn-jodc_giaj,410174,168666,101255,0.24685865023136522,0.6003284597962838,0.3996715402037162
ogdensburg_ny-8311030-usa-noaa,525864,188165,188165,0.35782065324874873,1.0,0.0
ogi-gs20-jpn-jodc_giaj,399323,173558,173558,0.43463061231133693,1.0,0.0
oita-hd16-jpn-jodc_jcg,455980,174918,174918,0.38360893021623754,1.0,0.0
okada-ma17-jpn-jodc_jma,494273,172489,172489,0.34897516149981894,1.0,0.0
okinawa-gs21-jpn-jodc_giaj,382197,174551,174551,0.4567042650779572,1.0,0.0
okushiri-gs24-jpn-jodc_giaj,212915,170416,102184,0.4799286100086889,0.5996150596188151,0.4003849403811849
olandsnorraudde-ola-swe-cmems,483272,180700,180700,0.3739095167938552,1.0,0.0
olcott_ny-9052076-usa-noaa,461868,181569,181569,0.3931188131673985,1.0,0.0
old_port_tampa-8726607-usa-noaa,180478,166127,166127,0.9204833830162125,1.0,0.0
omaezaki-ma20-jpn-jodc_jma,500861,172429,68933,0.1376290028570801,0.3997761397444745,0.6002238602555254
ominato-hd04-jpn-jodc_jcg,478283,71980,71980,0.15049667247215562,1.0,0.0
onahama-ma12-jpn-jodc_jma,458458,165269,165269,0.3604888561220439,1.0,0.0
onisaki-gs09-jpn-jodc_giaj,480289,174831,69965,0.1456727095561214,0.40018646578696,0.59981353421304
oregon_inlet_marina-8652587-usa-noaa,276975,187488,187488,0.6769130787977254,1.0,0.0
ortona-ort-ita-ispra,192927,173237,173237,0.897940671860341,1.0,0.0
osaka-ma30-jpn-jodc_jma,516525,175015,70103,0.13572043947534002,0.4005542382081536,0.5994457617918464
oscarsborg-osc-nor-nhs,512505,182081,113109,0.22069833465039365,0.6212015531549145,0.37879844684508546
oshoro-gs04-jpn-jodc_giaj,730938,172771,172771,0.23636888491226343,1.0,0.0
oskarshamn-2085-swe-smhi,526962,186093,116156,0.22042576125033683,0.6241825323897191,0.3758174676102809
oslebshausen-4883-deu-wsv,220579,176759,176759,0.8013410161438759,1.0,0.0
oslo-osl-nor-nhs,869739,181884,181884,0.20912480640743947,1.0,0.0
osteriff-92-deu-wsv,119230,107539,107539,0.9019458190052839,1.0,0.0
oswego_ny-9052030-usa-noaa,505802,189015,189015,0.37369365878347655,1.0,0.0
otaru-ma77-jpn-jodc_jma,193185,167970,100867,0.5221264590936149,0.6005060427457284,0.3994939572542716
otaruko-0138-jpn-jodc_pahb,250479,111101,111101,0.4435541502481246,1.0,0.0
otranto-otr-ita-ispra,239060,179193,179193,0.749573328871413,1.0,0.0
oudeschild-oudsd-nld-rws,417059,163436,163436,0.39187740823240835,1.0,0.0
oulu-oul-fin-cmems,416222,171765,103685,0.2491098500319541,0.6036445143073386,0.39635548569266144
oura-ma47-jpn-jodc_jma,444779,174344,174344,0.39197893785453003,1.0,0.0
over-94-deu-wsv,190253,173646,173646,0.9127109690780172,1.0,0.0
owase-ma24-jpn-jodc_jma,458603,171378,171378,0.37369576736305693,1.0,0.0
oyster_landing_n_inlet_estuary-8662245-usa-noaa,149728,149728,149728,1.0,1.0,0.0
pago_bay-1631428-usa-noaa,128499,128499,128499,1.0,1.0,0.0
pago_pago-056a-asm-uhslc,593266,160436,160436,0.2704284418793593,1.0,0.0
paita-678b-per-uhslc,223020,129152,129152,0.5791050130033181,1.0,0.0
paldiski-pal-est-cmems,108985,108985,108985,1.0,1.0,0.0
palermo-pal-ita-ispra,167559,151161,151161,0.9021359640484844,1.0,0.0
palinuro-pal-ita-ispra,262505,185343,185343,0.7060551227595665,1.0,0.0
palma-palm-esp-ieo,130518,109232,109232,0.836911383870424,1.0,0.0
palmeira-235a-cpv-uhslc,153218,153218,153218,1.0,1.0,0.0
panama_city-8729108-usa-noaa,375856,182982,182982,0.48684070495083226,1.0,0.0
panama_city_beach-8729210-usa-noaa,195705,137053,137053,0.7003040290232748,1.0,0.0
papeete-015b-fra-uhslc,372293,160122,160122,0.43009672489141615,1.0,0.0
parnu-par-est-cmems,91643,91643,41208,0.4496579116790153,0.4496579116790153,0.5503420883209846
parry_sound_ontario-11375-can-meds,516979,186298,116281,0.22492402979618129,0.6241666577204265,0.37583334227957355
pascagoula_noaa_lab-8741533-usa-noaa,137313,137313,93806,0.6831545447262823,0.6831545447262823,0.31684545527371766
patonga-212440-aus-bom,237152,173673,173673,0.7323277897719606,1.0,0.0
patricia_bay_bc-7277-can-meds,387974,184709,184709,0.47608602638321124,1.0,0.0
peel_inlet-plpee01-aus-bom,259975,142181,142181,0.5469025867871911,1.0,0.0
penang-144a-mys-uhslc,264937,137515,137515,0.5190479246009428,1.0,0.0
penrhyn-024a-cok-uhslc,349102,160016,160016,0.45836460404122575,1.0,0.0
pensacola_fl-762a-usa-uhslc,805775,156013,156013,0.1936185659768546,1.0,0.0
perth_barrack_street_jetty-6223a-aus-bom,252464,167180,167180,0.6621934216363521,1.0,0.0
petten_zuid-pettzd-nld-rws,350477,153516,153516,0.43802018392077086,1.0,0.0
philadelphia-8545240-usa-noaa,280896,187951,187951,0.6691124117110959,1.0,0.0
pietarsaari-pie-fin-cmems,406843,169559,169559,0.41676764747089173,1.0,0.0
pietarsaari_leppaluoto-134250-fin-fmi,416147,179010,111807,0.2686718875781875,0.6245852187028658,0.37541478129713424
pilots_station_east-8760922-usa-noaa,146064,146064,146064,1.0,1.0,0.0
pinnau_sperrwerk_bp-95-deu-wsv,199950,181023,181023,0.9053413353338334,1.0,0.0
pisco-683b-per-uhslc,158094,91781,48513,0.30686174048350984,0.5285734520216603,0.4714265479783397
pluz-pluz-esp-ieo,338117,131403,131403,0.3886317458157975,1.0,0.0
plymouth-ply-gbr-cmems,240323,163888,101338,0.42167416352159387,0.6183369130137655,0.3816630869862345
pohnpei-001c-fsm-uhslc,141388,141388,141388,1.0,1.0,0.0
pohnpei-67950-fsm-bom,149918,149918,149918,1.0,1.0,0.0
point_atkinson_bc-7795-can-meds,698932,183432,183432,0.2624461320986877,1.0,0.0
point_edward_ontario-11940-can-meds,507770,185705,185705,0.3657266085038502,1.0,0.0
point_iroquois_mi-9099004-usa-noaa,451648,188774,188774,0.41796708941476546,1.0,0.0
point_lonsdale-60730-aus-bom,484721,166197,98045,0.20227099713030794,0.589932429586575,0.410067570413425
point_reyes-9415020-usa-noaa,399922,187544,187544,0.46895144553187873,1.0,0.0
point_richards_corio_bay-60757-aus-bom,174589,167817,167817,0.9612117601910773,1.0,0.0
pointe_claire-15330-can-meds,562080,161931,161931,0.28809244235695985,1.0,0.0
pointe_des_cascades-15220-can-meds,512040,168243,168243,0.32857393953597375,1.0,0.0
pointe_pitre-272a-fra-uhslc,179869,102340,102340,0.5689696390150609,1.0,0.0
ponta_delgada-211a-prt-uhslc,264670,153724,153724,0.5808138436543621,1.0,0.0
pori-por-fin-cmems,411856,173952,173952,0.42236121362806417,1.0,0.0
pori_mantyluoto_kallo-134266-fin-fmi,421458,183703,183703,0.43587498635688493,1.0,0.0
port_adelaide_inner_harbor-61610-aus-bom,510962,142266,142266,0.27842775000880693,1.0,0.0
port_adelaide_outer_harbor-61600-aus-bom,672738,174556,174556,0.2594709976246325,1.0,0.0
port_alberni_bc-8575-can-meds,308164,79513,79513,0.25802170272971536,1.0,0.0
port_alexander-9451054-usa-noaa,121245,121245,56696,0.467615159388016,0.467615159388016,0.532384840611984
port_alfred-3460-can-meds,287282,121906,121906,0.4243426319783349,1.0,0.0
port_alma-59690-aus-bom,296040,174378,174378,0.5890352655046616,1.0,0.0
port_angeles_wa-584a-usa-uhslc,263399,166383,166383,0.6316766578460814,1.0,0.0
port_aux_basques-665-can-meds,497064,171392,171392,0.3448087167849613,1.0,0.0
port_bloc-15-fra-refmar,279738,166181,61058,0.21826852268908764,0.3674186579693226,0.6325813420306774
port_chalmers-669a-nzl-uhslc,202311,165131,165131,0.8162235370296227,1.0,0.0
port_chicago-9415144-usa-noaa,359612,187674,119349,0.33188269579435614,0.6359378496755012,0.36406215032449885
port_colborne_ontario-12865-can-meds,535229,185436,185436,0.34646104751424156,1.0,0.0
port_douglas-59040-aus-bom,207516,113452,113452,0.546714470209526,1.0,0.0
port_dover_ontario-12710-can-meds,506215,183394,183394,0.36228479993678575,1.0,0.0
port_elizabeth-184a-zaf-uhslc,301539,160819,93327,0.30950225343985355,0.5803232205149889,0.41967677948501114
port_fourchon-8762075-usa-noaa,150658,150658,150658,1.0,1.0,0.0
port_giles-61685-aus-bom,223038,170835,68570,0.3074364009720317,0.4013814499370738,0.5986185500629262
port_hardy_bc-8408-can-meds,488696,184604,184604,0.37774812971663363,1.0,0.0
port_hedland-169a-aus-uhslc,298915,163132,163132,0.5457471187461318,1.0,0.0
port_hedland-62590-aus-bom,431982,171713,171713,0.3975003588112468,1.0,0.0
port_inland_mi-9087096-usa-noaa,433534,181411,181411,0.4184469960833522,1.0,0.0
port_isabel-8779770-usa-noaa,637436,186101,73707,0.11563043191787097,0.39605912918254066,0.6039408708174594
port_kembla-342a-aus-uhslc,238215,165126,165126,0.6931805301933127,1.0,0.0
port_lambton_ontario-11950-can-meds,512209,185073,71888,0.14034895911629822,0.3884305112036872,0.6115694887963128
port_lincoln-61900-aus-bom,469492,169301,169301,0.3606046535404224,1.0,0.0
port_louis-103c-mus-uhslc,280673,164337,164337,0.5855105407360166,1.0,0.0
port_macquarie-207420-aus-bom,276298,170060,170060,0.6154948642407835,1.0,0.0
port_manatee-8726384-usa-noaa,200529,175783,175783,0.8765964025153469,1.0,0.0
port_nolloth-701a-zaf-uhslc,399429,122218,69306,0.17351268936406722,0.5670686805544192,0.43293131944558083
port_orford_or-557a-usa-uhslc,308025,145402,84081,0.2729681032383735,0.5782657735106808,0.42173422648931924
port_pirie-61800-aus-bom,743013,171974,171974,0.23145490051991016,1.0,0.0
port_saint_francois-3365-can-meds,346774,148495,148495,0.42821837854049033,1.0,0.0
port_san_luis-9412110-usa-noaa,610800,188104,188104,0.30796332678454486,1.0,0.0
port_stanley-290b-gbr-uhslc,167541,108214,108214,0.6458956315170615,1.0,0.0
port_stanley_ontario-12400-can-meds,532321,166106,166106,0.31204104290456325,1.0,0.0
port_stanvac-100a-aus-uhslc,159569,94828,26092,0.16351546979676504,0.2751507993419665,0.7248492006580335
port_townsend-9444900-usa-noaa,400485,188419,188419,0.4704770465810205,1.0,0.0
port_vendres-75-fra-refmar,243072,114394,114394,0.47061775934702477,1.0,0.0
port_vila-046b-vut-uhslc,218590,165249,60221,0.27549750674779266,0.36442580590502816,0.6355741940949718
port_weller_ontario-13030-can-meds,534445,185900,185900,0.34783747626041966,1.0,0.0
portellen-por-gbr-cmems,169341,95334,25012,0.14770197412321884,0.2623618016657226,0.7376381983342775
porterin-por-gbr-cmems,166198,126732,126732,0.7625362519404566,1.0,0.0
portland_me-252a-usa-uhslc,924525,165677,165677,0.17920229306941401,1.0,0.0
portland_victoria-129a-aus-uhslc,243013,165751,165751,0.6820663915099192,1.0,0.0
portneuf-3300-can-meds,457728,183450,183450,0.4007838716442953,1.0,0.0
porto_empedocle-por-ita-ispra,221798,176513,63712,0.28725236476433513,0.3609479188501697,0.6390520811498304
porto_torres-por-ita-ispra,235691,180371,180371,0.7652859040014256,1.0,0.0
portpatrick-por-gbr-cmems,240024,160148,67155,0.2797845215478452,0.41933086894622473,0.5806691310537753
portrush-pru-gbr-bodc,199036,160773,160773,0.8077583954661468,1.0,0.0
prince_rupert_bc-9354-can-meds,783445,183917,113905,0.14538991250183483,0.6193282839541749,0.38067171604582506
providence-8454000-usa-noaa,631883,186558,186558,0.29524136588577315,1.0,0.0
prudhoe_bay_ak-579a-usa-uhslc,240557,161521,161521,0.6714458527500758,1.0,0.0
pt_la_rue-121a-syc-uhslc,223696,164240,164240,0.734210714541163,1.0,0.0
puerto_armuelles-304b-pan-uhslc,165353,17517,17517,0.10593699539772487,1.0,0.0
puerto_montt-684a-chl-uhslc,323014,163367,95038,0.29422254143783244,0.5817453953368795,0.4182546046631205
puerto_princesa-380a-phl-uhslc,122143,104623,57073,0.46726378097803395,0.5455110253003642,0.4544889746996358
queen_charlotte_city-9850-can-meds,494757,183959,183959,0.3718168717168226,1.0,0.0
queenscliff-60732-aus-bom,237009,173963,69300,0.2923939597230485,0.3983605709260015,0.6016394290739985
quonset_point-8454049-usa-noaa,180891,180891,115261,0.6371848240100392,0.6371848240100392,0.3628151759899608
raahe-raa-fin-cmems,401053,166794,166794,0.4158901691297659,1.0,0.0
rak_noord-raknd-nld-rws,413807,161117,57749,0.13955539659793093,0.3584289677687643,0.6415710322312357
rak_zuid-rakzd-nld-rws,417719,163701,163701,0.3918926359586229,1.0,0.0
rarotonga-023b-cok-uhslc,221031,161808,161808,0.732060208748999,1.0,0.0
ratan-2056-swe-smhi,1041030,166866,104420,0.10030450611413697,0.6257715771936764,0.3742284228063236
rauma-rau-fin-cmems,428736,176003,176003,0.41051602851171815,1.0,0.0
ravenna-rav-ita-ispra,225691,163765,54354,0.2408337062621017,0.3319024211522609,0.6680975788477391
rechtenfleth-4108-deu-wsv,224907,176744,176744,0.7858537084217032,1.0,0.0
red_dog_dock-9491094-usa-noaa,143757,143757,143757,1.0,1.0,0.0
redwood_city-9414523-usa-noaa,226098,189290,75842,0.3354386151138002,0.400665645306144,0.599334354693856
reggio_calabria-reg-ita-ispra,182620,181237,181237,0.992426897382543,1.0,0.0
reunion-164a-fra-uhslc,281619,144440,144440,0.5128915307560925,1.0,0.0
richards_bay-188a-zaf-uhslc,194254,115079,115079,0.5924150854036467,1.0,0.0
richmond-9414863-usa-noaa,216527,181547,181547,0.8384497083504597,1.0,0.0
rikitea-016a-fra-uhslc,405462,160521,160521,0.395896532844015,1.0,0.0
rimouski-2985-can-meds,300322,182897,70500,0.23474803710683867,0.38546285614307507,0.6145371438569249
ringhals-2105-swe-smhi,440464,182335,113705,0.2581482255076465,0.6236049030630433,0.3763950969369567
riviere_au_renard-2330-can-meds,418788,168558,168558,0.40249004269463307,1.0,0.0
robbensudsteert-4110-deu-wsv,219452,176697,176697,0.8051737965477644,1.0,0.0
rock_cut_mi-9076024-usa-noaa,172959,172959,172959,1.0,1.0,0.0
rockport_tx-769a-usa-uhslc,538170,156166,53421,0.09926417303082669,0.34207830129477607,0.6579216987052239
rodby-rod-dnk-cmems,135377,135377,135377,1.0,1.0,0.0
rodrigues-105a-mus-uhslc,263569,153813,153813,0.5835777348625977,1.0,0.0
rodvig-rod-dnk-cmems,233019,163494,163494,0.7016337723533274,1.0,0.0
ronne-ron-dnk-cmems,145682,97144,40413,0.2774055820211145,0.41601128222020917,0.5839887177797909
roompot_binnen-roompbnn-nld-rws,275687,163374,163374,0.5926068331114633,1.0,0.0
rorvik-rvk-nor-nhs,430402,179535,112514,0.2614160714866567,0.6266967443673935,0.37330325563260647
roscoff_60minute-ros-fra-cmems,392012,172072,172072,0.4389457465587788,1.0,0.0
rosslyn_bay-330a-aus-uhslc,224535,165423,60682,0.2702563074799029,0.3668292800880168,0.6331707199119831
rossport_ontario-10220-can-meds,455260,185050,185050,0.4064710275446997,1.0,0.0
rothera-rot-gbr-noc,124822,124822,124822,1.0,1.0,0.0
rough_and_ready_island-rri-usa-cdwr,176216,176216,176216,1.0,1.0,0.0
rumoiko-0132-jpn-jodc_pahb,234722,157503,58043,0.24728402109729808,0.3685199646990851,0.6314800353009149
sabine_pass_north-8770570-usa-noaa,304269,177914,177914,0.5847260154665773,1.0,0.0
sacramento_r_at_snodgrass-sgx-usa-cdwr,324511,182141,182141,0.561278354200628,1.0,0.0
sado-ma79-jpn-jodc_jma,189764,164412,164412,0.8664024788684893,1.0,0.0
sagunto-sag-esp-cmems,116785,116785,116785,1.0,1.0,0.0
saigo-ma54-jpn-jodc_jma,494474,169616,169616,0.34302309120398644,1.0,0.0
sainildas_60minute-sai-fra-cmems,398755,137829,74446,0.18669609158505848,0.5401330634336751,0.45986693656632494
saint_francois_io-3100-can-meds,497927,183673,183673,0.36887535723108006,1.0,0.0
saint_john-65-can-meds,850336,155406,155406,0.18275834493658977,1.0,0.0
saint_joseph_de_la_rive-3057-can-meds,413074,181706,181706,0.4398872841185841,1.0,0.0
saint_malo-410-fra-refmar,228877,181909,181909,0.794789340999751,1.0,0.0
saint_nazaire-37-fra-refmar,991463,167901,167901,0.16934671288792422,1.0,0.0
sainte_anne_de_bellevue-16005-can-meds,471479,170228,170228,0.36105107544556597,1.0,0.0
saipan-028b-usa-uhslc,311754,139068,139068,0.4460824881156296,1.0,0.0
sakai-ma53-jpn-jodc_jma,421605,162408,162408,0.38521364784573237,1.0,0.0
sakatako-0102-jpn-jodc_pahb,155244,155244,155244,1.0,1.0,0.0
salalah-114a-omn-uhslc,210536,129159,129159,0.6134770300566174,1.0,0.0
saldahna_bay-703a-zaf-uhslc,245284,101533,51041,0.20808939841163712,0.5027035545093713,0.4972964454906287
salerno-sal-ita-ispra,203075,166487,166487,0.819830112027576,1.0,0.0
salvador-708b-bra-uhslc,122330,122330,122330,1.0,1.0,0.0
san_andres-737a-col-uhslc,135381,112994,112994,0.8346370613306151,1.0,0.0
san_diego-9410170-usa-noaa,987832,188608,188608,0.19093125146786094,1.0,0.0
san_felix-035a-chl-uhslc,233100,149887,149887,0.643015873015873,1.0,0.0
san_joaquin_r_at_brandt_bridge-bdt-usa-cdwr,137614,137614,93867,0.6821035650442542,0.6821035650442542,0.3178964349557458
san_joaquin_r_at_prisoners_pt_near_termino-pri-usa-cdwr,120570,120570,120570,1.0,1.0,0.0
san_joaquin_r_at_rindge_pump-rgp-usa-cdwr,326600,179738,179738,0.5503306797305573,1.0,0.0
san_juan-096a-per-uhslc,177963,27957,15728,0.08837792125329423,0.5625782451622134,0.43742175483778656
san_juan_pr-245a-usa-uhslc,346828,165519,165519,0.4772365552954202,1.0,0.0
sand_point-9459450-usa-noaa,414287,185847,116396,0.2809549901396858,0.6263001286004078,0.37369987139959215
sandakan-389a-mys-uhslc,186159,135782,34087,0.18310691398213355,0.25104211162009693,0.7489578883799031
sandown_pier-sdp-gbr-cco,122013,122013,122013,1.0,1.0,0.0
sandy_hook-8531680-usa-noaa,813712,185897,185897,0.2284555223469729,1.0,0.0
santa_barbara_ca-577a-usa-uhslc,192251,119001,119001,0.6189876775673469,1.0,0.0
santa_cruz-030a-ecu-uhslc,339607,164359,164359,0.48396823387032656,1.0,0.0
santa_monica_ca-578a-usa-uhslc,374776,166127,166127,0.4432701133477064,1.0,0.0
santander-san-esp-cmems,248956,183710,183710,0.7379215604363824,1.0,0.0
sasebo-hd19-jpn-jodc_jcg,593986,174997,174997,0.2946146878882667,1.0,0.0
sassnitz-sas-deu-cmems,129165,129165,129165,1.0,1.0,0.0
sault_ste_marie_ontario-10980-can-meds,500203,184540,184540,0.3689302143329808,1.0,0.0
scheveningen-schevngn-nld-rws,417955,163770,163770,0.39183644172219495,1.0,0.0
schiermonnikoog-schiermnog-nld-rws,417643,163610,163610,0.3917460606307301,1.0,0.0
schopfstelle_pegel_hpa-3343-deu-wsv,179509,178046,178046,0.9918499908082603,1.0,0.0
schulau-96-deu-wsv,193264,174458,174458,0.9026926897922013,1.0,0.0
scott_base-663a-nzl-uhslc,83564,83564,48330,0.5783591020056483,0.5783591020056483,0.42164089799435167
seattle-9447130-usa-noaa,1071377,188614,188614,0.1760482071203694,1.0,0.0
seavey_island-8419870-usa-noaa,478362,19917,19917,0.04163583227764747,1.0,0.0
sedili-324a-mys-uhslc,249197,138382,138382,0.5553116610553096,1.0,0.0
seemannshoft_pegel_hpa-3345-deu-wsv,183855,182393,182393,0.9920480813684697,1.0,0.0
seldovia_ak-561a-usa-uhslc,337679,156284,156284,0.46281823862307103,1.0,0.0
sendaiko-0112-jpn-jodc_pahb,85318,85318,18771,0.22001218969033498,0.22001218969033498,0.779987810309665
sept_iles-2780-can-meds,381030,181164,70315,0.18453927512269375,0.38812898809918084,0.6118710119008192
settlement_point-257a-bhs-uhslc,132996,18178,18178,0.13668080243014827,1.0,0.0
settlement_point-257b-bhs-uhslc,133456,133456,133456,1.0,1.0,0.0
seward-9455090-usa-noaa,379556,188287,188287,0.496071725911328,1.0,0.0
sewells_point-8638610-usa-noaa,800306,186954,186954,0.23360314679635039,1.0,0.0
shediac_bay-1805-can-meds,284657,130281,130281,0.4576771342352375,1.0,0.0
sheerness-she-gbr-bodc,342463,78088,78088,0.2280187932710979,1.0,0.0
shibaura-hd07-jpn-jodc_jcg,371175,71171,71171,0.19174513369704319,1.0,0.0
shibushiko-0114-jpn-jodc_pahb,165201,165201,165201,1.0,1.0,0.0
shimizuminato-ma19-jpn-jodc_jma,477386,172521,69039,0.14461881999053178,0.40017736971151335,0.5998226302884866
shimokita-ma74-jpn-jodc_jma,198881,172982,172982,0.8697763989521372,1.0,0.0
shimonoseki-ma51-jpn-jodc_jma,405894,107505,107505,0.264859790979911,1.0,0.0
ship_john_shoal-8537121-usa-noaa,152894,152894,59134,0.38676468664564995,0.38676468664564995,0.61323531335435
shirahama-ma27-jpn-jodc_jma,447641,173324,173324,0.3871942024970903,1.0,0.0
shute_harbour-59410-aus-bom,268387,158542,158542,0.5907216072313488,1.0,0.0
sibolga-122a-idn-uhslc,119829,28321,28321,0.23634512513665307,1.0,0.0
simons_town-221a-zaf-uhslc,402412,120524,67404,0.16749997514984644,0.5592579071388272,0.44074209286117283
simrishamn-sim-swe-cmems,328312,179932,68595,0.20893235702624333,0.38122735255540985,0.6187726474445902
sitka_ak-559a-usa-uhslc,698097,165192,165192,0.23663187207508413,1.0,0.0
sjaellandsodde-sja-dnk-cmems,224808,159268,60471,0.2689895377388705,0.3796807896124771,0.6203192103875229
skagen-ska-dnk-cmems,222424,159271,159271,0.7160693090673669,1.0,0.0
skagsudde-2321-swe-smhi,225863,151687,151687,0.6715885293297265,1.0,0.0
skagway-9452400-usa-noaa,338984,186820,74041,0.21842033842305242,0.39632266352638906,0.603677336473611
skamokawa-9440569-usa-noaa,155593,155593,63271,0.4066442577750927,0.4066442577750927,0.5933557422249073
skanor-ska-swe-cmems,248785,182061,182061,0.7318005506762868,1.0,0.0
slipshavn-sli-dnk-cmems,134027,134027,92481,0.6900176830041708,0.6900176830041708,0.30998231699582923
smogen-smo-swe-cmems,958767,182548,112826,0.11767822630524413,0.618062098735675,0.38193790126432503
socoa_60minute-soc-fra-cmems,396623,110712,110712,0.2791366108369913,1.0,0.0
solomons_island-8577330-usa-noaa,311210,172491,172491,0.5542591819028951,1.0,0.0
soma-gs18-jpn-jodc_giaj,393098,170301,170301,0.43322784649120577,1.0,0.0
sorel-15930-can-meds,465882,180979,180979,0.388465319544434,1.0,0.0
south_beach-9435380-usa-noaa,473489,188778,188778,0.3986956402366264,1.0,0.0
south_trees-h052026a-aus-bom,204990,173581,173581,0.8467778916044685,1.0,0.0
spijkenisse-spijknse-nld-rws,417695,163730,163730,0.3919845820514969,1.0,0.0
spikarna-2061-swe-smhi,442090,177956,177956,0.40253342079667037,1.0,0.0
spodsbjerg-spo-dnk-cmems,122442,49628,15577,0.12721941817350255,0.31387523172402676,0.6861247682759732
spring_bay-61170-aus-bom,292436,172461,172461,0.5897392933838516,1.0,0.0
springmaid_pier-8661070-usa-noaa,358235,174325,174325,0.4866219101986126,1.0,0.0
st_clair_shores_mi-9034052-usa-noaa,463858,187456,187456,0.4041236757800879,1.0,0.0
st_clair_state_police_mi-9014080-usa-noaa,440877,188757,75117,0.1703808545240509,0.3979561022902462,0.6020438977097538
st_helens-9439201-usa-noaa,169305,169305,169305,1.0,1.0,0.0
st_johns-276b-can-uhslc,247596,160954,160954,0.6500670447018531,1.0,0.0
st_petersburg_fl-759a-usa-uhslc,607473,164341,164341,0.27053218826186515,1.0,0.0
stadersand-98-deu-wsv,201333,182521,182521,0.9065627592098663,1.0,0.0
stanley-sta-gbr-noc,165829,105438,105438,0.6358236496632073,1.0,0.0
stavanger-svg-nor-nhs,777734,183317,183317,0.2357065526259621,1.0,0.0
stavenisse-stavnse-nld-rws,417344,163492,163492,0.3917439809845116,1.0,0.0
stenungsund-2110-swe-smhi,486948,185001,71843,0.14753731404585294,0.38833844141383017,0.6116615585861698
steveston_bc-7607-can-meds,287078,46854,43117,0.15019263057426901,0.9202416015708371,0.07975839842916288
sthelier-sth-gbr-cmems,240242,180434,180434,0.7510510235512525,1.0,0.0
stockholm-sto-swe-cmems,1152974,183137,183137,0.1588387942833056,1.0,0.0
stor_sperrwerk_bp-99-deu-wsv,193422,183204,183204,0.9471725036448801,1.0,0.0
stornoway-295a-gbr-uhslc,289478,122512,72871,0.2517324287165173,0.5948070393104349,0.4051929606895651
stpetersburg-stp-rus-cmems,112928,112928,112928,1.0,1.0,0.0
sturgeon_point_ny-9063028-usa-noaa,368392,187342,187342,0.5085398162826554,1.0,0.0
summerstown_ontario-14940-can-meds,502402,183796,183796,0.3658345309134916,1.0,0.0
sumoto-ma32-jpn-jodc_jma,476039,173734,104857,0.22026976781314136,0.6035491038023645,0.3964508961976355
sunrise_club-snc-usa-cdwr,218003,172687,172687,0.7921313009453999,1.0,0.0
surabaya-160a-idn-uhslc,147844,28155,28155,0.1904372176077487,1.0,0.0
susa-gs16-jpn-jodc_giaj,425139,174471,104744,0.24637589117912023,0.6003519209496134,0.3996480790503866
suva-67050-fji-bom,192646,174279,174279,0.9046593233184183,1.0,0.0
sydney_port_jackson-213470-aus-bom,272245,173890,173890,0.6387261474039927,1.0,0.0
syowa_antarctica-127a-ata-uhslc,241786,129477,34546,0.14287841314220012,0.26681186620017455,0.7331881337998254
syowa_station_antarctica-hd50-ata-jodc_jcg,275509,163300,163300,0.5927211089292909,1.0,0.0
tacoma-9446484-usa-noaa,211076,189276,189276,0.896719664954803,1.0,0.0
tago-gs22-jpn-jodc_giaj,367520,174300,174300,0.47425990422289943,1.0,0.0
tajiri-gs10-jpn-jodc_giaj,452973,171498,68811,0.15190971647316728,0.4012349998250708,0.5987650001749292
takamatsu-ma35-jpn-jodc_jma,450776,175181,175181,0.38862095586277884,1.0,0.0
tallinn-tal-est-cmems,115212,115212,115212,1.0,1.0,0.0
tanegashima-ma75-jpn-jodc_jma,197089,174103,174103,0.8833724865416132,1.0,0.0
tanjong_pagar-699a-sgp-uhslc,259173,163025,163025,0.6290199982251238,1.0,0.0
tannowa-ma29-jpn-jodc_jma,449773,175195,175195,0.38951871277288763,1.0,0.0
tappi-hd27-jpn-jodc_jcg,309005,172608,172608,0.5585929030274591,1.0,0.0
taranaki-076a-nzl-uhslc,473481,158302,91687,0.19364451794264184,0.5791904082070978,0.4208095917929022
taranto-tar-ita-ispra,210848,164192,164192,0.7787221126119289,1.0,0.0
tarawa_betio-67590-kir-bom,225284,169557,169557,0.7526366719340921,1.0,0.0
tarifa-tari-esp-ieo,589331,138168,138168,0.23444889204878075,1.0,0.0
tauranga-073a-nzl-uhslc,271516,149924,149924,0.5521737208856936,1.0,0.0
tawau-385a-mys-uhslc,228288,126194,126194,0.5527842024109896,1.0,0.0
tejn-tej-dnk-cmems,130431,130431,130431,1.0,1.0,0.0
tenerife-ten-esp-cmems,243506,182916,182916,0.7511765623844998,1.0,0.0
tenerife-ten-esp-da_mm,631804,109705,109705,0.17363771042918374,1.0,0.0
terneuzen-ternzn-nld-rws,417976,163751,163751,0.39177129787356213,1.0,0.0
terschelling_noordzee-terslnze-nld-rws,258268,163514,163514,0.6331175368222157,1.0,0.0
texel_noordzee-texnze-nld-rws,248809,156112,156112,0.6274371103939166,1.0,0.0
the_battery-8518750-usa-noaa,819613,183454,183454,0.22383002709815486,1.0,0.0
thessalon_ontario-11070-can-meds,502097,183321,113382,0.22581692382149265,0.618488880161029,0.381511119838971
thevenard-128a-aus-uhslc,233104,165698,165698,0.7108329329398037,1.0,0.0
thursday_island-58170-aus-bom,205386,99616,68254,0.3323206060783111,0.685171056858336,0.314828943141664
tioman-323a-mys-uhslc,255116,135413,135413,0.5307899151758416,1.0,0.0
toba-ma23-jpn-jodc_jma,471972,174768,104858,0.22216995923486987,0.5999839787604138,0.40001602123958624
tobermory-tob-gbr-cmems,236118,156690,104822,0.4439390474254398,0.668976960878167,0.33102303912183295
tobermory_ontario-11690-can-meds,510597,185356,185356,0.36301819242964606,1.0,0.0
tobishima-gs25-jpn-jodc_giaj,212900,171689,171689,0.8064302489431658,1.0,0.0
tofino_bc-8615-can-meds,737189,183518,113557,0.154040551337581,0.6187785394348239,0.38122146056517614
tokachiko-0122-jpn-jodc_pahb,289419,150431,150431,0.519768916346197,1.0,0.0
toke_point-9440910-usa-noaa,390197,183543,183543,0.47038547195391045,1.0,0.0
tokuyama-hd15-jpn-jodc_jcg,602207,175067,175067,0.29070900869634525,1.0,0.0
tolchester_beach-8573364-usa-noaa,239843,172574,172574,0.7195290252373427,1.0,0.0
tomakomaihigashiko-0146-jpn-jodc_pahb,217094,154899,154899,0.7135111979142675,1.0,0.0
tomakomainishiko-0136-jpn-jodc_pahb,449141,171703,171703,0.38229197512585134,1.0,0.0
toronto_ontario-13320-can-meds,535306,185277,185277,0.34611418515764814,1.0,0.0
tosashimizu-ma39-jpn-jodc_jma,512757,173187,173187,0.3377564811401892,1.0,0.0
toulon_60minute-tou-fra-cmems,288249,159985,159985,0.5550236080610861,1.0,0.0
townsville-334a-aus-uhslc,305210,165790,165790,0.5431997640968513,1.0,0.0
toyama-349a-jpn-uhslc,440837,163526,163526,0.3709443626555847,1.0,0.0
tregde-804a-nor-uhslc,751073,162701,94159,0.12536597640974978,0.5787241627279488,0.4212758372720512
trident_pier-8721604-usa-noaa,231073,187328,187328,0.8106875316458435,1.0,0.0
trois_rivieres-3360-can-meds,732714,182892,182892,0.24960898795437236,1.0,0.0
tromso-tos-nor-nhs,573595,182808,182808,0.3187057069883803,1.0,0.0
trondheim-trd-nor-nhs,267874,183200,113498,0.42369920186356275,0.6195305676855896,0.38046943231441044
tsushima-ma72-jpn-jodc_jma,113536,88480,88480,0.7793122886133033,1.0,0.0
tumaco-303a-col-uhslc,497958,125600,125600,0.2522301077600922,1.0,0.0
turku-tur-fin-cmems,430187,176637,176637,0.410605155432405,1.0,0.0
turku_ruissalo_saaronniemi-134225-fin-fmi,317781,186532,116572,0.36683124541744155,0.6249437093903459,0.37505629060965406
turner_cut_near_holt-trn-usa-cdwr,118730,118730,118730,1.0,1.0,0.0
turtle_head-58180-aus-bom,246293,170147,170147,0.6908316517318803,1.0,0.0
uchiura-ma18-jpn-jodc_jma,507829,170868,102361,0.2015658814285911,0.5990647751480676,0.40093522485193245
uetersen-100-deu-wsv,187938,182299,182299,0.969995424022816,1.0,0.0
ullapool-ull-gbr-bodc,366583,165991,165991,0.4528060493803586,1.0,0.0
ulukhaktok-6380-can-meds,92036,92036,92036,1.0,1.0,0.0
uno-ma33-jpn-jodc_jma,458574,175189,105105,0.22919964934776066,0.5999520517840732,0.4000479482159268
uragami-ma25-jpn-jodc_jma,448365,173701,104195,0.23238879038283541,0.5998526203073097,0.4001473796926903
urakawa-hd02-jpn-jodc_jcg,357047,70137,70137,0.19643632350922988,1.0,0.0
urangan-59850-aus-bom,278319,166289,166289,0.5974762772214617,1.0,0.0
us_slip_mi-9076060-usa-noaa,423414,188210,74844,0.17676316796327,0.3976621858562244,0.6023378141437756
ushuaia-600a-arg-uhslc,134676,106734,106734,0.7925242804954112,1.0,0.0
uwajima-ma40-jpn-jodc_jma,468814,174369,174369,0.37193641828102403,1.0,0.0
vaasa-vaa-fin-cmems,418290,175425,175425,0.4193860718640178,1.0,0.0
vaca_key-8723970-usa-noaa,382574,183751,75010,0.19606664331606435,0.40821546549406534,0.5917845345059347
valdez_ak-562a-usa-uhslc,358860,156374,54738,0.15253302123390738,0.35004540396741146,0.6499545960325885
valencia-val-esp-cmems,242205,181967,181967,0.7512933259016122,1.0,0.0
valparaiso-081a-chl-uhslc,569592,158920,158920,0.27900672762257894,1.0,0.0
vancouver-9440083-usa-noaa,164994,164994,164994,1.0,1.0,0.0
vancouver_bc-7735-can-meds,808294,182827,182827,0.2261887382561296,1.0,0.0
vardo-805a-nor-uhslc,423227,165005,95455,0.22554090358129325,0.5784976212842035,0.42150237871579654
vardo-vaw-nor-nhs,427031,172488,172488,0.4039238369111376,1.0,0.0
varennes-15660-can-meds,478511,177949,110698,0.23133846452850615,0.6220771119815228,0.3779228880184772
vegesack-4112-deu-wsv,220566,176749,176749,0.8013429086985302,1.0,0.0
venezia-vene-ita-cv,332889,183949,70053,0.21043951587466092,0.38082838177973244,0.6191716182202676
venice_island-vne-usa-cdwr,136707,23355,8532,0.06241084948100682,0.3653179190751445,0.6346820809248555
veracruz_ver-250a-mex-uhslc,141651,46972,46972,0.33160373029487966,1.0,0.0
victor_harbor-61490-aus-bom,453931,167446,167446,0.36887985178364113,1.0,0.0
victoria_harbour_bc-7120-can-meds,547600,183026,112944,0.2062527392257122,0.617092653502781,0.382907346497219
vieste-vie-ita-ispra,202720,174664,174664,0.8616022099447513,1.0,0.0
viken-vik-swe-cmems,385266,181402,181402,0.47084871231824243,1.0,0.0
viker-vik-nor-nhs,253864,181751,181751,0.7159384552358743,1.0,0.0
villagarcia-vil-esp-cmems,202966,180172,180172,0.8876954760895913,1.0,0.0
village_cove-9464212-usa-noaa,128581,128581,128581,1.0,1.0,0.0
virginia_key-8723214-usa-noaa,238127,187297,117992,0.49550030025994535,0.6299727171284111,0.3700272828715889
visby-vis-swe-cmems,525713,182668,69630,0.13244869348865254,0.38118334902664947,0.6188166509733506
vlaardingen-vlaardgn-nld-rws,417734,163730,163730,0.3919479860389626,1.0,0.0
vlieland_haven-vlielhvn-nld-rws,416855,163243,163243,0.3916061940003119,1.0,0.0
volanti-vol-usa-cdwr,188872,170350,170350,0.9019335846499217,1.0,0.0
vung_tau-383a-vnm-uhslc,144626,26295,26295,0.18181378175431803,1.0,0.0
vuren-vurn-nld-rws,328863,163140,163140,0.4960728327601463,1.0,0.0
wachapreague-8631044-usa-noaa,335338,153724,71391,0.2128926635215812,0.4644102417319352,0.5355897582680649
wajima-gs03-jpn-jodc_giaj,725350,171757,171757,0.23679189356862204,1.0,0.0
wakayama-ma28-jpn-jodc_jma,454438,175030,175030,0.3851570511268864,1.0,0.0
wake-051a-usa-uhslc,560682,162124,61368,0.10945241687801642,0.37852507956872516,0.6214749204312748
wakkanai-360a-jpn-uhslc,442236,163043,59945,0.13554979694099983,0.36766374514698574,0.6323362548530143
wallaroo-61780-aus-bom,309659,165745,165745,0.5352500653945146,1.0,0.0
warnemunde-war-deu-bfg,188724,178751,68080,0.3607384328437295,0.3808650021538341,0.6191349978461659
washington-8594900-usa-noaa,783005,177890,177890,0.22718884298312272,1.0,0.0
wauna-9439099-usa-noaa,157323,157323,63199,0.40171494314245215,0.40171494314245215,0.5982850568575478
wehr_geesthacht_up-101-deu-wsv,188954,172926,172926,0.915175121987362,1.0,0.0
weipa_humbug_point-63620-aus-bom,374129,175108,175108,0.46804177168837485,1.0,0.0
wells-8419317-usa-noaa,130938,130197,88246,0.6739525576990637,0.6777882746914291,0.3222117253085709
west_bank_1-8762482-usa-noaa,147543,147543,61644,0.4178036233504809,0.4178036233504809,0.5821963766495191
west_channel_pile-60739-aus-bom,238029,168811,67368,0.2830243373706565,0.39907352009051544,0.6009264799094846
west_neebish_island_mi-9076027-usa-noaa,127955,127955,127955,1.0,1.0,0.0
west_ste_modeste-2595-can-meds,164526,1768,1768,0.010746021905352345,1.0,0.0
west_terschelling-westtslg-nld-rws,417145,163329,163329,0.3915401119514797,1.0,0.0
western_port_stony_point-60710-aus-bom,347437,173597,104787,0.3016000023025757,0.6036221824109864,0.3963778175890136
westkapelle-westkple-nld-rws,417796,163723,163723,0.39187306723855664,1.0,0.0
westport-9441102-usa-noaa,133897,133897,57512,0.42952418650156465,0.42952418650156465,0.5704758134984353
weymouth-wey-gbr-cmems,245393,168707,104783,0.4270007701931188,0.621094560391685,0.378905439608315
whitby-whi-gbr-bodc,297312,140665,140665,0.47312251103218167,1.0,0.0
whyalla-61840-aus-bom,265049,162192,162192,0.6119321333036533,1.0,0.0
wick-wic-gbr-bodc,445541,169394,111664,0.25062564388013675,0.6591969018973517,0.3408030981026483
wierumergronden-wiermgdn-nld-rws,329845,163556,163556,0.49585714502266215,1.0,0.0
willets_point-8516990-usa-noaa,573175,6664,6664,0.011626466611418852,1.0,0.0
wilmington_nc-750a-usa-uhslc,714374,165158,61349,0.08587798548099455,0.37145642354593783,0.6285435764540621
windmill_point-8636580-usa-noaa,214211,179995,179995,0.8402696406813842,1.0,0.0
winter_harbour_bc-8735-can-meds,276308,182283,182283,0.6597094546665315,1.0,0.0
wladyslawowo-wla-pol-eseas,339719,25661,17071,0.05025035396901557,0.6652507696504423,0.3347492303495577
woods_hole-8447930-usa-noaa,469518,185814,185814,0.39575479534330954,1.0,0.0
workington-wor-gbr-cmems,242396,175215,175215,0.7228460865690853,1.0,0.0
wrightsville_beach-8658163-usa-noaa,143539,143539,143539,1.0,1.0,0.0
wyandotte_mi-9044030-usa-noaa,448431,188750,188750,0.42091202436941244,1.0,0.0
wyndham-165a-aus-uhslc,292610,161384,161384,0.5515327569119306,1.0,0.0
yaizu-gs23-jpn-jodc_giaj,369808,173201,173201,0.4683538484835374,1.0,0.0
yakutat_ak-570a-usa-uhslc,472603,164043,164043,0.34710528710143607,1.0,0.0
yamba-60130-aus-bom,256541,161110,161110,0.6280087783239326,1.0,0.0
yap-008b-fsm-uhslc,395360,149291,86434,0.2186210036422501,0.5789632328807497,0.4210367671192503
yokohamashinko-hd29-jpn-jodc_jcg,327436,174940,104969,0.32057867797065687,0.6000285812278495,0.3999714187721505
yokosuka-hd08-jpn-jodc_jcg,515335,173885,173885,0.337421289064395,1.0,0.0
yonaguni-ma76-jpn-jodc_jma,200753,174605,174605,0.869750389782469,1.0,0.0
yorktown_uscg_training_center-8637689-usa-noaa,149634,149634,149634,1.0,1.0,0.0
yoshioka-hd26-jpn-jodc_jcg,198610,67375,67375,0.3392326670358995,1.0,0.0
zanzibar-151a-tza-uhslc,294461,156591,156591,0.531788590000034,1.0,0.0
zollenspieker-102-deu-wsv,188796,173286,173286,0.9178478357592322,1.0,0.0
