stn,frac_p999_masked,n_exc
vung_tau-383a-vnm-uhslc,0.4482758620689655,145
veracruz_ver-250a-mex-uhslc,0.2535211267605634,142
rough_and_ready_island-rri-usa-cdwr,0.2033898305084746,177
port_vila-046b-vut-uhslc,0.1963470319634703,219
numbo_noumea-659-fra-refmar,0.14728682170542637,129
pago_bay-1631428-usa-noaa,0.13178294573643412,129
nagasaki-362a-jpn-uhslc,0.12751677852348994,298
kahului-1615680-usa-noaa,0.12681159420289856,552
pointe_pitre-272a-fra-uhslc,0.12222222222222222,180
trident_pier-8721604-usa-noaa,0.11637931034482758,232
port_chalmers-669a-nzl-uhslc,0.11330049261083744,203
onahama-ma12-jpn-jodc_jma,0.11328976034858387,459
cabo_san_lucas-034a-mex-uhslc,0.10648148148148148,216
esashiko-0140-jpn-jodc_pahb,0.10526315789473684,304
virginia_key-8723214-usa-noaa,0.10460251046025104,239
daugavgriva-dau-lva-cmems,0.102803738317757,107
davao-372b-phl-uhslc,0.09848484848484848,132
kawaihae-552a-usa-uhslc,0.09090909090909091,242
lautoka-402a-fji-uhslc,0.08771929824561403,228
tallinn-tal-est-cmems,0.08620689655172414,116
kolka-kol-lva-cmems,0.08490566037735849,106
san_andres-737a-col-uhslc,0.08088235294117647,136
makurazaki-ma43-jpn-jodc_jma,0.0784313725490196,459
misumi-ma46-jpn-jodc_jma,0.07623318385650224,446
sedili-324a-mys-uhslc,0.076,250
salalah-114a-omn-uhslc,0.07582938388625593,211
takamatsu-ma35-jpn-jodc_jma,0.07538802660753881,451
ko_taphao_noi-148a-tha-uhslc,0.07167235494880546,293
i_295_bridge-8720357-usa-noaa,0.06923076923076923,130
acapulco-316-mex-unam,0.06872037914691943,422
akune-gs15-jpn-jodc_giaj,0.06728538283062645,431
oyster_landing_n_inlet_estuary-8662245-usa-noaa,0.06666666666666667,150
kagoshima-ma42-jpn-jodc_jma,0.06578947368421052,456
chichijima-047a-jpn-uhslc,0.06544502617801047,382
hilo_hawaii-060a-usa-uhslc,0.06528189910979229,674
moji-hd17-jpn-jodc_jcg,0.060324825986078884,431
settlement_point-257b-bhs-uhslc,0.05970149253731343,134
nakano_shima-345a-jpn-uhslc,0.0594059405940594,303
esperanza-9752695-usa-noaa,0.05737704918032787,122
buenos_aires-285a-arg-uhslc,0.05578512396694215,484
matsuyama-ma34-jpn-jodc_jma,0.055226824457593686,507
lamu-149b-ken-uhslc,0.05472636815920398,201
vaca_key-8723970-usa-noaa,0.05221932114882506,383
fukue-ma50-jpn-jodc_jma,0.05194805194805195,462
shimonoseki-ma51-jpn-jodc_jma,0.05172413793103448,406
kure-hd13-jpn-jodc_jcg,0.051181102362204724,508
nanaoko-0106-jpn-jodc_pahb,0.04938271604938271,162
saipan-028b-usa-uhslc,0.04807692307692308,312
monbetsu-hd01-jpn-jodc_jcg,0.04794520547945205,438
wyndham-165a-aus-uhslc,0.04778156996587031,293
churchill-274a-can-uhslc,0.047516198704103674,463
cocos-171a-aus-uhslc,0.04693140794223827,277
oita-hd16-jpn-jodc_jcg,0.046052631578947366,456
port_san_luis-9412110-usa-noaa,0.04582651391162029,611
pago_pago-056a-asm-uhslc,0.045454545454545456,594
yoshioka-hd26-jpn-jodc_jcg,0.04522613065326633,199
bluff-072a-nzl-uhslc,0.045,200
kapingamarangi-029a-fsm-uhslc,0.04421768707482993,294
parnu-par-est-cmems,0.043478260869565216,92
cape_ferguson-h033007a-aus-bom,0.0430622009569378,209
sumoto-ma32-jpn-jodc_jma,0.041928721174004195,477
fort_myers-8725520-usa-noaa,0.04176334106728538,431
suva-67050-fji-bom,0.04145077720207254,193
uwajima-ma40-jpn-jodc_jma,0.04051172707889126,469
fort_pulaski-8670870-usa-noaa,0.04022191400832178,721
kobe-ma31-jpn-jodc_jma,0.0379746835443038,474
lumut-143a-mys-uhslc,0.03787878787878788,264
penang-144a-mys-uhslc,0.03773584905660377,265
kemi_ajos-100539-fin-fmi,0.03759398496240601,399
naha-355a-jpn-uhslc,0.03711790393013101,458
bundaberg_burnett_heads-59820-aus-bom,0.03711790393013101,458
naples_fl-757a-usa-uhslc,0.037037037037037035,459
lucinda_offshore-59200-aus-bom,0.037037037037037035,297
fushikitoyamako-0107-jpn-jodc_pahb,0.03680981595092025,163
cooktown-h066003a-aus-bom,0.036585365853658534,164
hay_point-59511-aus-bom,0.036303630363036306,303
hakata-hd18-jpn-jodc_jcg,0.036016949152542374,472
townsville-334a-aus-uhslc,0.03594771241830065,306
urangan-59850-aus-bom,0.035842293906810034,279
honolulu_hawaii-057b-usa-uhslc,0.035496957403651115,986
yaizu-gs23-jpn-jodc_giaj,0.03513513513513514,370
magueyes_island-9759110-usa-noaa,0.03468208092485549,519
tannowa-ma29-jpn-jodc_jma,0.03333333333333333,450
tacoma-9446484-usa-noaa,0.0330188679245283,212
hamada-ma66-jpn-jodc_jma,0.032679738562091505,306
jackson_bay-65180-nzl-bom,0.03225806451612903,186
port_louis-103c-mus-uhslc,0.03202846975088968,281
manzanillo-395b-mex-uhslc,0.03164556962025317,158
sado-ma79-jpn-jodc_jma,0.031578947368421054,190
tokuyama-hd15-jpn-jodc_jcg,0.03150912106135987,603
bowen-59320-aus-bom,0.03146853146853147,286
manta-089b-ecu-uhslc,0.031446540880503145,159
osaka-ma30-jpn-jodc_jma,0.030947775628626693,517
hiroshima-hd14-jpn-jodc_jcg,0.030927835051546393,582
fernandina_beach-8720030-usa-noaa,0.030010718113612004,933
keling-141a-mys-uhslc,0.0299625468164794,267
port_townsend-9444900-usa-noaa,0.029925187032418952,401
raahe-raa-fin-cmems,0.029850746268656716,402
lombrum-56130-png-bom,0.02926829268292683,205
brisbane_bar-59980-aus-bom,0.028846153846153848,416
san_juan-096a-per-uhslc,0.028089887640449437,178
wajima-gs03-jpn-jodc_giaj,0.027548209366391185,726
bella_bella_bc-8976-can-meds,0.02729044834307992,513
la_libertad-091a-ecu-uhslc,0.027164685908319185,589
kukup-325a-mys-uhslc,0.02702702702702703,259
oga-gs14-jpn-jodc_giaj,0.0267639902676399,411
napier-668a-nzl-uhslc,0.02654867256637168,226
matsumaeko-0121-jpn-jodc_pahb,0.02622950819672131,305
malakal-007b-plw-uhslc,0.02619047619047619,420
kota_kinabalu-386a-mys-uhslc,0.025974025974025976,231
san_felix-035a-chl-uhslc,0.02564102564102564,234
key_west_fl-242a-usa-uhslc,0.025330396475770924,908
antofagasta-080a-chl-uhslc,0.025,600
niigatakonishiko-0103-jpn-jodc_pahb,0.024844720496894408,161
miri-388a-mys-uhslc,0.024793388429752067,121
nelson-077a-nzl-uhslc,0.024630541871921183,203
naze-hd22-jpn-jodc_jcg,0.02462121212121212,528
cardwell-h035012a-aus-bom,0.024271844660194174,206
wakayama-ma28-jpn-jodc_jma,0.024175824175824177,455
oulu-oul-fin-cmems,0.023980815347721823,417
izuhara-hd23-jpn-jodc_jcg,0.023972602739726026,584
nishinoomote-363a-jpn-uhslc,0.023706896551724137,464
port_alma-59690-aus-bom,0.02356902356902357,297
susa-gs16-jpn-jodc_giaj,0.023474178403755867,426
adak_alaska-040a-usa-uhslc,0.023423423423423424,555
patricia_bay_bc-7277-can-meds,0.023195876288659795,388
prince_rupert_bc-9354-can-meds,0.02295918367346939,784
tomakomaihigashiko-0146-jpn-jodc_pahb,0.022935779816513763,218
kwajalein-1820000-usa-noaa,0.02284263959390863,394
valparaiso-081a-chl-uhslc,0.02280701754385965,570
whyalla-61840-aus-bom,0.022556390977443608,266
port_hardy_bc-8408-can-meds,0.022494887525562373,489
nuku_hiva-031a-fra-uhslc,0.022026431718061675,227
burnie-344a-aus-uhslc,0.021929824561403508,228
kodiak_island-9457292-usa-noaa,0.021739130434782608,322
langkawi-142a-mys-uhslc,0.02142857142857143,280
odomari-hd20-jpn-jodc_jcg,0.02127659574468085,470
kainan-gs05-jpn-jodc_giaj,0.0210896309314587,569
santa_cruz-030a-ecu-uhslc,0.020588235294117647,340
queen_charlotte_city-9850-can-meds,0.020202020202020204,495
awashima-hd25-jpn-jodc_jcg,0.0200445434298441,449
