status,n_gross_removed,span_years,gap_frac,n_hourly,n_tide_segments,M2_cm,n_spike_removed,mean_cm,std_cm,M2_leak_cm,lowfreq_frac_pct,name
ok,0,87.0,0.049,762624,11,33.4,233,-0.02,8.47,0.14,13.3,aburatsubo-gs01-jpn-jodc_giaj
ok,0,43.58,0.123,382031,6,343.9,39,0.01,24.38,0.43,4.5,anchorage-9455920-usa-noaa
ok,0,27.23,0.006,238684,4,66.3,288,-0.01,14.12,0.06,12.5,andenes-800a-nor-uhslc
ok,0,67.0,0.205,587304,9,83.2,791,-0.04,7.77,0.56,6.5,arrecife-arre-esp-ieo
ok,0,110.58,0.057,969359,14,58.5,302,0.0,16.54,0.04,6.5,atlantic_city-8534720-usa-noaa
ok,0,29.92,0.064,262295,4,12.7,247,0.01,17.05,0.16,5.0,ballen-bal-dnk-cmems
ok,0,74.58,0.086,653783,10,157.3,296,-0.0,12.35,0.19,5.1,bar_harbor-8413320-usa-noaa
ok,0,18.81,0.042,164952,3,43.8,30,0.07,12.43,0.2,10.8,base_prat-730a-chl-uhslc
ok,0,32.58,0.069,285595,5,44.7,17,0.04,9.69,0.04,12.5,bermagui-219470-aus-bom
ok,0,23.61,0.13,206942,3,18.9,15,-0.02,6.77,0.01,9.1,bintulu-387a-mys-uhslc
ok,0,33.11,0.015,290301,5,76.1,9,0.0,8.98,0.32,11.4,bowen-59320-aus-bom
ok,0,17.55,0.011,153877,3,5.4,11,0.03,13.54,0.06,6.8,busselton_port_geographe-bsgeo01-aus-bom
ok,0,50.66,0.076,444143,7,72.5,225,0.04,13.6,0.07,9.7,cherry_point-9449424-usa-noaa
ok,0,26.8,0.208,234909,4,46.0,45,0.01,5.26,0.39,15.5,dakar-223e-sen-uhslc
ok,0,64.57,0.193,566018,9,210.9,52,-0.09,21.55,0.05,4.0,dunkerque-2-fra-refmar
ok,0,48.25,0.331,422976,7,55.8,39,0.03,9.25,0.13,15.9,durban-181a-zaf-uhslc
ok,0,70.0,0.037,613609,9,65.9,288,0.03,36.09,0.63,9.5,esbjerg-esb-dnk-dmi
ok,0,14.08,0.011,123475,2,120.6,39,0.03,10.02,0.12,15.0,ferrol2-fer-esp-cmems
ok,0,31.58,0.004,276832,4,5.2,40,-0.01,12.47,0.03,7.0,fremantle-175a-aus-uhslc
ok,0,17.08,0.021,149784,3,80.8,23,-0.01,4.0,0.09,14.7,fuerteventura-fue-esp-cmems
ok,0,37.23,0.242,326423,5,72.1,68,-0.02,6.11,0.03,13.2,funchal-218b-prt-uhslc
ok,0,31.83,0.063,279014,4,30.0,9,0.01,4.03,0.07,23.2,gan-109a-mdv-uhslc
ok,0,33.76,0.144,295936,5,25.1,43,0.0,12.35,0.2,9.5,hobart-339a-aus-uhslc
ok,0,57.58,0.265,504768,8,181.2,212,-0.12,16.77,0.07,10.0,holyhead-hol-gbr-bodc
ok,0,41.37,0.017,362689,6,67.8,28,0.02,9.23,0.18,15.7,humboldt_bay_ca-576a-usa-uhslc
ok,0,71.0,0.06,622368,9,53.6,124,0.03,6.71,0.17,13.3,izuhara-hd23-jpn-jodc_jcg
ok,0,30.48,0.087,267215,4,50.0,20,-0.01,8.79,0.1,14.9,jervis_bay-216470-aus-bom
ok,0,33.32,0.115,292111,5,31.9,59,0.02,6.12,0.4,13.4,juan_fernandez-021b-chl-uhslc
ok,0,46.66,0.17,409080,6,35.9,29,0.02,4.09,0.01,19.4,kanton-013b-kir-uhslc
ok,0,14.47,0.077,126866,2,119.6,34,-0.09,15.13,0.23,10.0,killybegs_port-kil-irl-mi_c
ok,0,47.38,0.0,415328,6,10.7,219,-0.02,19.48,0.13,12.3,kungsvik-kun-swe-cmems
ok,0,19.0,0.039,166536,3,35.4,87,0.01,8.34,0.07,13.6,kurihamako-0161-jpn-jodc_pahb
ok,0,15.66,0.085,137327,2,4.7,6,-0.01,3.05,0.04,19.0,lameshur_bay-9751381-usa-noaa
ok,0,23.51,0.024,206072,3,98.3,25,-0.02,4.83,0.12,12.3,lamu-149b-ken-uhslc
ok,0,14.06,0.118,123240,2,65.1,19,0.02,4.5,0.12,17.5,lapalma-lap-esp-cmems
ok,0,26.18,0.009,229559,4,62.7,2,0.0,3.6,0.14,20.5,lautoka-402a-fji-uhslc
ok,0,16.0,0.198,140253,2,210.3,21,0.01,13.96,1.02,2.2,madeira-715a-bra-uhslc
ok,0,53.92,0.007,472702,7,22.3,312,-0.02,13.63,0.04,8.6,melbourne_williamstown-60780-aus-bom
ok,0,41.83,0.297,366688,5,81.2,30,-0.08,11.14,0.37,10.3,melville_bay_gove_harbour-63480-aus-bom
ok,0,28.66,0.033,251279,4,5.4,348,0.06,17.92,0.02,7.9,morgans_point-8770613-usa-noaa
ok,0,16.08,0.005,141000,2,15.6,14,0.04,7.11,0.12,16.2,motril-mot-esp-cmems
ok,0,34.0,0.0,298023,5,82.8,63,0.02,7.11,0.04,18.1,nagasaki-362a-jpn-uhslc
ok,0,52.42,0.002,459504,7,57.3,60,-0.01,6.28,0.0,24.3,naha-355a-jpn-uhslc
ok,0,38.97,0.434,341586,4,7.6,59,0.02,7.66,0.03,20.3,nice-339-fra-refmar
ok,0,19.0,0.002,166536,3,5.6,111,-0.04,8.64,0.05,12.0,niigatakonishiko-0103-jpn-jodc_pahb
ok,0,17.92,0.181,157098,3,41.5,2,0.01,5.53,0.09,13.3,numbo_noumea-659-fra-refmar
ok,0,58.0,0.084,508416,8,29.7,279,-0.02,7.12,0.02,8.9,onahama-ma12-jpn-jodc_jma
ok,0,57.0,0.038,499656,8,60.7,164,-0.03,9.93,0.12,13.4,onisaki-gs09-jpn-jodc_giaj
ok,0,29.0,0.12,254227,4,53.7,100,0.03,7.04,0.01,10.6,paita-678b-per-uhslc
ok,0,18.73,0.195,164232,3,2.8,64,0.14,7.2,0.0,18.8,palma-palm-esp-ieo
ok,0,43.56,0.024,381905,6,6.0,20,-0.01,3.6,0.3,20.3,papeete-015b-fra-uhslc
ok,0,41.71,0.044,365619,6,9.4,90,0.01,4.61,0.09,20.7,penrhyn-024a-cok-uhslc
ok,0,18.04,0.051,158154,3,26.8,58,0.02,5.08,0.41,20.0,pohnpei-67950-fsm-bom
ok,0,85.65,0.329,750813,9,44.3,330,0.01,12.5,0.07,6.0,port_aux_basques-665-can-meds
ok,0,42.66,0.038,374015,6,49.9,35,0.0,9.14,0.25,17.0,port_chicago-9415144-usa-noaa
ok,0,34.91,0.317,306036,4,55.2,6,0.06,8.79,0.4,12.4,port_douglas-59040-aus-bom
ok,0,45.83,0.247,401800,6,51.7,34,-0.04,12.53,0.01,5.6,port_elizabeth-184a-zaf-uhslc
ok,0,31.66,0.274,277583,4,15.3,223,-0.01,10.57,0.18,6.0,port_manatee-8726384-usa-noaa
ok,0,38.75,0.048,339654,5,183.5,25,0.03,13.14,0.73,6.5,puerto_montt-684a-chl-uhslc
ok,0,25.66,0.037,225000,4,61.2,12,0.03,7.52,0.36,15.4,richmond-9414863-usa-noaa
ok,0,49.24,0.06,431631,7,26.1,49,0.0,4.4,0.1,33.8,rikitea-016a-fra-uhslc
ok,0,37.0,0.254,324336,5,4.3,182,-0.03,9.38,0.48,7.7,rumoiko-0132-jpn-jodc_pahb
ok,0,198.72,0.423,1741968,19,169.4,130,0.03,15.91,0.52,11.1,saint_nazaire-37-fra-refmar
ok,0,28.64,0.154,251073,4,31.2,42,-0.02,4.8,0.06,20.0,salalah-114a-omn-uhslc
ok,0,25.52,0.201,223760,4,23.5,70,-0.06,7.69,0.64,10.9,san_juan-096a-per-uhslc
ok,0,22.02,0.035,193016,3,41.5,25,-0.0,6.28,0.76,10.0,sandakan-389a-mys-uhslc
ok,0,38.55,0.001,337904,5,0.7,781,0.01,16.81,0.01,17.5,simrishamn-sim-swe-cmems
ok,0,110.49,0.002,968600,14,10.2,557,-0.03,17.77,0.1,11.0,smogen-smo-swe-cmems
ok,0,22.17,0.143,194385,3,43.5,41,0.04,11.25,0.07,9.7,stanley-sta-gbr-noc
ok,0,24.66,0.023,216215,4,113.9,48,0.0,11.71,0.41,14.3,tacoma-9446484-usa-noaa
ok,0,55.0,0.065,482112,7,65.1,63,-0.01,9.12,0.14,12.2,takamatsu-ma35-jpn-jodc_jma
ok,0,15.09,0.12,132273,2,0.7,141,-0.03,17.81,0.07,32.3,tallinn-tal-est-cmems
ok,0,111.33,0.242,975972,13,99.7,147,0.06,13.36,0.11,13.7,tofino_bc-8615-can-meds
ok,0,27.16,0.079,238104,4,30.9,134,0.28,9.07,0.01,12.1,tomakomaihigashiko-0146-jpn-jodc_pahb
ok,0,53.0,0.026,464592,7,31.6,206,-0.01,9.97,0.01,17.6,tomakomainishiko-0136-jpn-jodc_pahb
ok,0,91.24,0.05,799825,12,8.5,342,-0.02,13.23,0.08,10.1,tregde-804a-nor-uhslc
ok,0,57.0,0.097,499656,8,45.7,128,-0.01,8.6,0.1,17.5,uragami-ma25-jpn-jodc_jma
ok,0,23.0,0.32,201623,3,55.9,48,0.25,17.97,0.05,10.0,ushuaia-600a-arg-uhslc
ok,0,59.33,0.04,520075,8,0.4,1007,-0.14,32.45,0.03,37.8,varennes-15660-can-meds
ok,0,27.91,0.417,244698,4,8.5,111,-0.06,7.74,0.02,17.5,veracruz_ver-250a-mex-uhslc
ok,0,44.65,0.0,391434,6,6.5,261,-0.02,17.27,0.02,10.9,viken-vik-swe-cmems
ok,0,28.59,0.03,250593,4,20.1,158,0.06,13.54,0.0,9.6,west_channel_pile-60739-aus-bom
ok,0,30.0,0.063,263020,4,60.6,28,-0.05,13.48,0.2,9.8,weymouth-wey-gbr-cmems
ok,0,60.0,0.018,525960,8,42.3,211,-0.01,8.42,0.01,13.1,yokosuka-hd08-jpn-jodc_jcg
